{"type":"FeatureCollection","features":[{"properties":{"COUNTYSN":"10014001","COUNTYNAME":"台東縣","name":"台東縣"},"type":"Feature","geometry":{"type":"MultiPolygon","coordinates":[[[[121.60104,22.01792],[121.60112,22.01757],[121.60113,22.01752],[121.60112,22.01748],[121.60108,22.01746],[121.60103,22.01745],[121.60097,22.01746],[121.60094,22.01749],[121.60091,22.01752],[121.60083,22.01798],[121.60083,22.01807],[121.60085,22.0181],[121.60088,22.01812],[121.60092,22.01812],[121.60097,22.0181],[121.601,22.01806],[121.60102,22.01799],[121.60104,22.01792]]],[[[121.60118,21.95359],[121.60122,21.95359],[121.60127,21.95358],[121.60169,21.95329],[121.60172,21.95326],[121.60174,21.95322],[121.60174,21.95319],[121.60173,21.95308],[121.60171,21.95304],[121.60168,21.95299],[121.60158,21.95289],[121.60149,21.95278],[121.60145,21.95276],[121.6014,21.95275],[121.60136,21.95276],[121.60102,21.95296],[121.60099,21.95299],[121.60098,21.95304],[121.60098,21.9531],[121.60115,21.95356],[121.60118,21.95359]]],[[[121.6147,21.95052],[121.61488,21.95038],[121.61489,21.95036],[121.61489,21.95033],[121.61486,21.95027],[121.61484,21.95026],[121.61482,21.95026],[121.61479,21.95026],[121.61463,21.95037],[121.61461,21.95039],[121.6146,21.95041],[121.6146,21.95045],[121.6146,21.95048],[121.61461,21.9505],[121.61464,21.95053],[121.61467,21.95053],[121.6147,21.95052]]],[[[121.60863,21.94437],[121.60789,21.9444],[121.60748,21.94464],[121.60734,21.9448],[121.60708,21.94493],[121.60676,21.94541],[121.60647,21.94602],[121.6064,21.94645],[121.60664,21.94711],[121.60616,21.94873],[121.60577,21.94932],[121.6048,21.94996],[121.60408,21.95091],[121.6036,21.95157],[121.6034,21.95176],[121.6033,21.95188],[121.60327,21.95194],[121.60326,21.95206],[121.60327,21.95209],[121.60331,21.95212],[121.60345,21.95213],[121.60353,21.95215],[121.60361,21.95222],[121.60376,21.95241],[121.60415,21.95265],[121.60423,21.95266],[121.60448,21.95267],[121.60478,21.95279],[121.60496,21.95284],[121.60515,21.95285],[121.60531,21.95284],[121.60578,21.95281],[121.60603,21.95281],[121.60615,21.95283],[121.60641,21.95288],[121.60682,21.95298],[121.60734,21.95306],[121.60824,21.95338],[121.60867,21.95345],[121.60899,21.95355],[121.60984,21.95384],[121.61008,21.95393],[121.61051,21.95405],[121.61068,21.95413],[121.61089,21.95421],[121.61125,21.95428],[121.61145,21.95431],[121.61217,21.95431],[121.61248,21.95431],[121.61256,21.95433],[121.61263,21.95437],[121.61274,21.95438],[121.61281,21.9544],[121.61288,21.95441],[121.61315,21.95441],[121.61324,21.95442],[121.61328,21.95441],[121.61339,21.95429],[121.61355,21.95422],[121.61372,21.95422],[121.61383,21.95415],[121.61386,21.95398],[121.61368,21.95384],[121.61365,21.95373],[121.6137,21.95364],[121.61369,21.95335],[121.61382,21.95307],[121.61404,21.95283],[121.61399,21.95268],[121.61404,21.95235],[121.61411,21.95223],[121.61456,21.95207],[121.61465,21.95187],[121.61466,21.95148],[121.61456,21.95129],[121.61436,21.95114],[121.61428,21.95102],[121.61427,21.95082],[121.61446,21.95044],[121.61463,21.95023],[121.61475,21.95005],[121.61479,21.94994],[121.61479,21.94981],[121.61476,21.94966],[121.61475,21.94956],[121.61477,21.94944],[121.61476,21.94937],[121.61465,21.9492],[121.61435,21.94896],[121.61431,21.94884],[121.61434,21.94863],[121.61432,21.94834],[121.6144,21.94825],[121.61446,21.94804],[121.61468,21.94793],[121.61457,21.94778],[121.61467,21.94768],[121.61467,21.94757],[121.61447,21.94738],[121.61427,21.94743],[121.61413,21.94753],[121.61395,21.94741],[121.61392,21.94733],[121.61399,21.94713],[121.6141,21.94708],[121.61414,21.94697],[121.61405,21.94658],[121.61412,21.9464],[121.61445,21.94618],[121.6145,21.9461],[121.61437,21.94605],[121.61412,21.94606],[121.61398,21.94616],[121.61378,21.94612],[121.61356,21.94614],[121.61331,21.94573],[121.61259,21.94544],[121.612,21.94504],[121.61161,21.94495],[121.61085,21.94493],[121.61027,21.94488],[121.60955,21.94468],[121.60915,21.94448],[121.60863,21.94437]]],[[[121.41892,23.22488],[121.41899,23.22487],[121.41903,23.22485],[121.41906,23.22482],[121.41907,23.22481],[121.41907,23.22479],[121.41905,23.22477],[121.41902,23.22477],[121.41898,23.22478],[121.41889,23.22483],[121.41887,23.22485],[121.41886,23.22487],[121.41889,23.22488],[121.41892,23.22488]]],[[[121.41827,23.22418],[121.4183,23.22419],[121.41834,23.22418],[121.41836,23.22416],[121.41837,23.22414],[121.41838,23.22413],[121.41837,23.22411],[121.41836,23.2241],[121.41831,23.22411],[121.41829,23.22411],[121.41824,23.22409],[121.41822,23.22409],[121.4182,23.22411],[121.41819,23.22413],[121.41819,23.22415],[121.4182,23.22417],[121.41824,23.22418],[121.41827,23.22418]]],[[[121.41789,23.22382],[121.41793,23.2238],[121.41795,23.22376],[121.41796,23.22372],[121.41792,23.22346],[121.41792,23.22343],[121.41789,23.22341],[121.41785,23.2234],[121.41782,23.2234],[121.41779,23.22343],[121.41777,23.22346],[121.41776,23.22349],[121.41776,23.22352],[121.41783,23.22379],[121.41786,23.22381],[121.41789,23.22382]]],[[[121.4174,23.2235],[121.41741,23.2235],[121.41743,23.22349],[121.41755,23.22337],[121.41756,23.22335],[121.41755,23.22334],[121.41733,23.22316],[121.4173,23.22315],[121.41728,23.22316],[121.41727,23.22317],[121.41724,23.22327],[121.41725,23.22329],[121.41726,23.22331],[121.41739,23.22349],[121.4174,23.2235]]],[[[121.41527,23.2205],[121.41529,23.22049],[121.41531,23.22047],[121.4153,23.22045],[121.41529,23.22043],[121.41526,23.22043],[121.41524,23.22044],[121.41524,23.22046],[121.41525,23.22049],[121.41527,23.2205]]],[[[121.41559,23.21968],[121.41561,23.21969],[121.41564,23.21969],[121.41576,23.21965],[121.41578,23.21963],[121.41579,23.2196],[121.4158,23.21949],[121.4158,23.21944],[121.41579,23.21942],[121.41545,23.21916],[121.41536,23.21915],[121.41533,23.21915],[121.41531,23.21916],[121.41519,23.21926],[121.41518,23.21928],[121.41519,23.2193],[121.41533,23.21949],[121.41544,23.21959],[121.41546,23.2196],[121.41549,23.21961],[121.41553,23.2196],[121.41555,23.21962],[121.41559,23.21968]]],[[[121.41419,23.21761],[121.4142,23.21756],[121.41419,23.21752],[121.41413,23.21746],[121.41407,23.21746],[121.41404,23.21749],[121.414,23.21754],[121.41402,23.21759],[121.41406,23.21764],[121.41411,23.21766],[121.41416,23.21764],[121.41419,23.21761]]],[[[121.41279,23.21656],[121.41281,23.21655],[121.41281,23.21653],[121.41283,23.21651],[121.41283,23.21647],[121.41282,23.21644],[121.41281,23.21641],[121.41281,23.21638],[121.41282,23.21633],[121.41281,23.21631],[121.41278,23.21627],[121.41276,23.21626],[121.41272,23.21626],[121.41269,23.21626],[121.41267,23.21628],[121.41266,23.21631],[121.41267,23.21634],[121.41268,23.21637],[121.41273,23.21642],[121.41274,23.21645],[121.41274,23.2165],[121.41275,23.21654],[121.41277,23.21656],[121.41279,23.21656]]],[[[121.41199,23.21625],[121.41202,23.21627],[121.41204,23.21627],[121.41206,23.21626],[121.41208,23.21624],[121.41209,23.21621],[121.41198,23.21609],[121.41189,23.21603],[121.41187,23.21602],[121.41185,23.21602],[121.41183,23.21604],[121.41182,23.21607],[121.41183,23.2161],[121.41186,23.21613],[121.41199,23.21625]]],[[[121.41047,23.21479],[121.41051,23.21479],[121.41054,23.21478],[121.41057,23.21476],[121.41059,23.21474],[121.41059,23.21471],[121.41058,23.2147],[121.41058,23.21469],[121.41056,23.21469],[121.41051,23.2147],[121.41049,23.2147],[121.41046,23.2147],[121.41044,23.21472],[121.41043,23.21473],[121.41042,23.21476],[121.41043,23.21478],[121.41044,23.21479],[121.41047,23.21479]]],[[[121.41022,23.21425],[121.41031,23.21419],[121.41031,23.21418],[121.4103,23.21416],[121.41028,23.21414],[121.41024,23.21414],[121.41019,23.21416],[121.41016,23.21421],[121.41016,23.21424],[121.41019,23.21426],[121.41022,23.21425]]],[[[121.40663,23.18272],[121.40665,23.18272],[121.40666,23.18271],[121.40687,23.18246],[121.40688,23.18243],[121.40686,23.18239],[121.40683,23.18235],[121.40624,23.18193],[121.40621,23.18192],[121.4062,23.18194],[121.4062,23.18196],[121.40623,23.18205],[121.40645,23.18245],[121.40663,23.18272]]],[[[121.40538,23.18016],[121.4054,23.18016],[121.40541,23.18015],[121.40541,23.18013],[121.40541,23.18011],[121.40539,23.18008],[121.40509,23.17975],[121.40508,23.17973],[121.40506,23.17973],[121.40505,23.17974],[121.40505,23.17976],[121.40506,23.17994],[121.40508,23.17996],[121.40536,23.18015],[121.40538,23.18016]]],[[[121.40457,23.17927],[121.40461,23.17929],[121.40464,23.17929],[121.40465,23.17927],[121.40464,23.17922],[121.40441,23.17869],[121.40433,23.17852],[121.40428,23.17841],[121.40397,23.17815],[121.40394,23.17814],[121.40392,23.17815],[121.40391,23.17826],[121.404,23.17841],[121.40418,23.17877],[121.40439,23.17905],[121.40457,23.17927]]],[[[121.41835,23.12741],[121.41832,23.1274],[121.41818,23.12743],[121.41744,23.12755],[121.41741,23.12756],[121.4174,23.12759],[121.41741,23.12771],[121.41744,23.12776],[121.41748,23.12778],[121.41753,23.1278],[121.41758,23.12779],[121.41786,23.12777],[121.41829,23.12769],[121.41841,23.12765],[121.41843,23.12762],[121.41843,23.12758],[121.41843,23.12755],[121.41837,23.12742],[121.41835,23.12741]]],[[[121.41822,23.12681],[121.41826,23.12681],[121.41829,23.12679],[121.4183,23.12677],[121.4183,23.12673],[121.4183,23.12671],[121.41828,23.12668],[121.41825,23.12667],[121.41818,23.12667],[121.41814,23.12666],[121.41811,23.12664],[121.41809,23.12664],[121.41808,23.12665],[121.41808,23.12668],[121.41809,23.1267],[121.41815,23.12677],[121.41819,23.1268],[121.41822,23.12681]]],[[[121.42568,23.12614],[121.42572,23.1261],[121.42579,23.12605],[121.42589,23.12603],[121.42591,23.126],[121.42591,23.12597],[121.42588,23.12595],[121.42582,23.12594],[121.42574,23.12596],[121.42554,23.12605],[121.42551,23.12607],[121.42549,23.12611],[121.42549,23.12614],[121.42551,23.12617],[121.42555,23.12618],[121.42559,23.12617],[121.42568,23.12614]]],[[[121.4101,23.12458],[121.41011,23.12456],[121.41011,23.12454],[121.41009,23.12452],[121.41001,23.12448],[121.40987,23.12443],[121.40976,23.12438],[121.40972,23.12438],[121.40967,23.12437],[121.40965,23.12439],[121.40964,23.12441],[121.40964,23.12444],[121.40967,23.12446],[121.40974,23.12448],[121.4098,23.1245],[121.40984,23.12453],[121.40988,23.12459],[121.40991,23.12466],[121.40995,23.12471],[121.40998,23.12474],[121.41001,23.12475],[121.41004,23.12475],[121.41007,23.12473],[121.41007,23.1247],[121.41007,23.12464],[121.41007,23.12461],[121.4101,23.12458]]],[[[121.41928,23.12316],[121.41934,23.12313],[121.41938,23.12311],[121.4194,23.12309],[121.4194,23.12306],[121.41938,23.12303],[121.41933,23.12299],[121.41921,23.12294],[121.41917,23.12291],[121.41914,23.12289],[121.41912,23.12284],[121.41909,23.12283],[121.41906,23.12283],[121.41903,23.12284],[121.41898,23.12287],[121.41896,23.12289],[121.41897,23.12294],[121.41899,23.12296],[121.41909,23.12303],[121.41915,23.12314],[121.41919,23.12316],[121.41924,23.12317],[121.41928,23.12316]]],[[[121.41548,23.12254],[121.41552,23.12251],[121.41553,23.12248],[121.41553,23.12244],[121.4155,23.12242],[121.41547,23.12241],[121.41542,23.12242],[121.41537,23.12244],[121.41534,23.12247],[121.41534,23.1225],[121.41535,23.12253],[121.41538,23.12255],[121.41543,23.12256],[121.41548,23.12254]]],[[[121.41669,23.12281],[121.41675,23.12282],[121.41683,23.12281],[121.41691,23.12275],[121.417,23.12269],[121.41703,23.12265],[121.41703,23.12262],[121.41697,23.12184],[121.41696,23.1218],[121.41691,23.12179],[121.41687,23.12179],[121.41681,23.12181],[121.41677,23.12183],[121.4167,23.12184],[121.41667,23.12185],[121.41665,23.12188],[121.41659,23.122],[121.41652,23.12208],[121.41651,23.12212],[121.41646,23.12231],[121.41642,23.12246],[121.41643,23.1225],[121.41669,23.12281]]],[[[121.39929,23.11502],[121.39929,23.11495],[121.39929,23.11493],[121.39928,23.11492],[121.39926,23.11492],[121.39924,23.11493],[121.39917,23.115],[121.39917,23.11502],[121.39917,23.11504],[121.39919,23.11504],[121.39924,23.11503],[121.39928,23.11502],[121.39929,23.11502]]],[[[121.39489,23.11425],[121.39491,23.11427],[121.39492,23.11428],[121.39494,23.11428],[121.39495,23.11427],[121.39496,23.11425],[121.39495,23.11422],[121.39493,23.11415],[121.39479,23.11399],[121.39471,23.11393],[121.39469,23.11393],[121.39467,23.11393],[121.39466,23.11394],[121.39466,23.11396],[121.39467,23.11398],[121.39469,23.11399],[121.39475,23.11404],[121.39487,23.11417],[121.39488,23.1142],[121.39489,23.11425]]],[[[121.4013,23.11354],[121.40133,23.11354],[121.40134,23.11351],[121.40135,23.11349],[121.40135,23.11345],[121.40134,23.11341],[121.40133,23.1134],[121.40131,23.11339],[121.40129,23.1134],[121.40127,23.11341],[121.40122,23.11345],[121.40121,23.11347],[121.40121,23.11349],[121.40123,23.11351],[121.40127,23.11353],[121.4013,23.11354]]],[[[121.39393,23.1118],[121.39395,23.11182],[121.39397,23.11182],[121.39398,23.11179],[121.39398,23.11176],[121.39378,23.11137],[121.39376,23.11135],[121.39373,23.11135],[121.39371,23.11136],[121.3937,23.11138],[121.39393,23.1118]]],[[[121.39423,23.11126],[121.39423,23.11124],[121.39423,23.11117],[121.39423,23.11115],[121.39421,23.11114],[121.3942,23.11113],[121.39418,23.11113],[121.39417,23.11115],[121.39416,23.11122],[121.39417,23.11123],[121.39419,23.11125],[121.39421,23.11126],[121.39423,23.11126]]],[[[121.3935,23.11064],[121.39354,23.11059],[121.39355,23.11049],[121.39357,23.1102],[121.39353,23.11015],[121.39331,23.10979],[121.39326,23.10979],[121.39325,23.1099],[121.39346,23.1106],[121.3935,23.11064]]],[[[121.39186,23.10808],[121.39189,23.10809],[121.39194,23.10807],[121.39201,23.10804],[121.39202,23.10802],[121.39203,23.10798],[121.39201,23.10796],[121.39198,23.10795],[121.39152,23.10782],[121.39148,23.10781],[121.39145,23.10782],[121.39142,23.10783],[121.3914,23.10785],[121.39139,23.10788],[121.3914,23.1079],[121.39145,23.10794],[121.39151,23.10798],[121.39158,23.10801],[121.39186,23.10808]]],[[[121.39066,23.10808],[121.3907,23.10805],[121.39077,23.10798],[121.39078,23.10795],[121.39077,23.10791],[121.39076,23.10787],[121.39063,23.10768],[121.39053,23.1074],[121.39046,23.10706],[121.39045,23.10704],[121.39043,23.10703],[121.39041,23.10703],[121.3904,23.10705],[121.3903,23.10746],[121.39032,23.10751],[121.39054,23.10798],[121.39058,23.10805],[121.39063,23.10808],[121.39066,23.10808]]],[[[121.39083,23.10708],[121.39085,23.10707],[121.39086,23.10706],[121.39087,23.10703],[121.39087,23.10699],[121.39086,23.10697],[121.39085,23.10695],[121.39083,23.10694],[121.39081,23.10695],[121.3908,23.10696],[121.39079,23.10698],[121.39079,23.10704],[121.3908,23.10706],[121.3908,23.10708],[121.39082,23.10708],[121.39083,23.10708]]],[[[121.3897,23.10621],[121.38974,23.1062],[121.38974,23.10618],[121.38974,23.10617],[121.38973,23.10616],[121.38966,23.10616],[121.38961,23.10617],[121.38958,23.10619],[121.38956,23.10621],[121.38955,23.10626],[121.38956,23.10629],[121.38957,23.10632],[121.3896,23.10633],[121.38962,23.10632],[121.38963,23.1063],[121.38964,23.10627],[121.38967,23.10623],[121.3897,23.10621]]],[[[121.38842,23.10399],[121.38848,23.10398],[121.38851,23.10393],[121.38845,23.10359],[121.38841,23.10352],[121.38838,23.10351],[121.38832,23.10352],[121.38826,23.10373],[121.38826,23.10377],[121.38831,23.10393],[121.38834,23.10398],[121.38837,23.10398],[121.38842,23.10399]]],[[[121.38683,23.1023],[121.38687,23.1023],[121.38689,23.10228],[121.3869,23.10226],[121.38689,23.10224],[121.38688,23.10222],[121.38684,23.10222],[121.38681,23.10223],[121.38678,23.10224],[121.38675,23.10228],[121.38675,23.1023],[121.38676,23.10232],[121.38678,23.10233],[121.38679,23.10233],[121.38683,23.1023]]],[[[121.38719,23.10176],[121.38722,23.10174],[121.38747,23.10149],[121.38752,23.10134],[121.38752,23.10125],[121.3875,23.10119],[121.38724,23.10093],[121.38619,23.10004],[121.38616,23.10003],[121.38541,23.10003],[121.38537,23.10004],[121.38535,23.10006],[121.38532,23.10018],[121.38543,23.10064],[121.38557,23.10088],[121.38562,23.10096],[121.38624,23.10166],[121.38635,23.10169],[121.38716,23.10176],[121.38719,23.10176]]],[[[121.38543,23.09946],[121.38547,23.09945],[121.38559,23.09932],[121.38612,23.09851],[121.38615,23.09833],[121.38601,23.09782],[121.38526,23.0975],[121.38506,23.09743],[121.38503,23.09743],[121.385,23.09746],[121.38464,23.09779],[121.38463,23.09781],[121.38459,23.0982],[121.38477,23.09918],[121.38484,23.09938],[121.38543,23.09946]]],[[[121.3841,23.09741],[121.38413,23.09741],[121.38415,23.09741],[121.38417,23.09738],[121.3842,23.09684],[121.38419,23.09682],[121.38416,23.0968],[121.38391,23.09672],[121.38386,23.09672],[121.38383,23.09672],[121.3838,23.09674],[121.38378,23.09676],[121.38371,23.09696],[121.3837,23.09699],[121.38377,23.09722],[121.38381,23.09729],[121.38385,23.09732],[121.3841,23.09741]]],[[[121.38341,23.09658],[121.38343,23.09659],[121.38346,23.09658],[121.38354,23.09654],[121.3844,23.09622],[121.38441,23.0962],[121.38441,23.09619],[121.38434,23.09597],[121.38433,23.09595],[121.38431,23.09594],[121.38418,23.09587],[121.38415,23.09587],[121.3837,23.09608],[121.38368,23.0961],[121.38341,23.09654],[121.3834,23.09656],[121.38341,23.09658]]],[[[121.38338,23.09585],[121.38373,23.09575],[121.38375,23.09574],[121.38376,23.09571],[121.38375,23.09569],[121.38371,23.09569],[121.38338,23.09578],[121.38335,23.09579],[121.38333,23.09582],[121.38333,23.09584],[121.38335,23.09585],[121.38338,23.09585]]],[[[121.38259,23.09541],[121.38262,23.09541],[121.38265,23.0954],[121.38272,23.09533],[121.38314,23.0951],[121.38319,23.09507],[121.38365,23.09447],[121.38369,23.0944],[121.38428,23.09377],[121.38431,23.09293],[121.3843,23.09291],[121.38428,23.0929],[121.3842,23.09287],[121.38417,23.09286],[121.38414,23.0928],[121.38397,23.09264],[121.38393,23.09264],[121.38333,23.09293],[121.3832,23.09302],[121.38314,23.09314],[121.383,23.09364],[121.3826,23.0947],[121.38259,23.0948],[121.38257,23.09486],[121.38254,23.0951],[121.38257,23.09538],[121.38259,23.09541]]],[[[121.38467,23.09222],[121.3847,23.09222],[121.38471,23.0922],[121.38472,23.09218],[121.38472,23.09215],[121.38471,23.0921],[121.38465,23.09197],[121.38463,23.09195],[121.38394,23.09172],[121.3839,23.09171],[121.38386,23.09174],[121.38383,23.09177],[121.38382,23.09181],[121.38385,23.09184],[121.38467,23.09222]]],[[[121.35856,23.08637],[121.35859,23.08637],[121.35928,23.08624],[121.35931,23.08621],[121.35931,23.08617],[121.35891,23.08587],[121.35888,23.08585],[121.35834,23.08568],[121.35831,23.08568],[121.3581,23.08589],[121.35808,23.08592],[121.35808,23.08597],[121.35825,23.08619],[121.35856,23.08637]]],[[[121.35875,23.08315],[121.35879,23.08313],[121.35904,23.08265],[121.35881,23.08209],[121.35844,23.0814],[121.35839,23.08131],[121.35833,23.08126],[121.35826,23.08124],[121.35818,23.08125],[121.35812,23.08128],[121.35808,23.08135],[121.35806,23.08141],[121.35807,23.08254],[121.35808,23.08261],[121.35811,23.08265],[121.35871,23.08314],[121.35875,23.08315]]],[[[121.27452,22.92275],[121.27462,22.92281],[121.27465,22.92282],[121.27467,22.92281],[121.27468,22.92279],[121.27469,22.92277],[121.27468,22.92274],[121.2746,22.92251],[121.27454,22.92236],[121.27444,22.92222],[121.27439,22.92218],[121.27435,22.92215],[121.2743,22.92207],[121.27408,22.92188],[121.27394,22.92177],[121.27382,22.92172],[121.27366,22.92161],[121.27293,22.92064],[121.27287,22.9205],[121.27274,22.92019],[121.27264,22.92007],[121.27246,22.91988],[121.27241,22.91979],[121.27235,22.91965],[121.27226,22.91915],[121.2722,22.91913],[121.27214,22.91914],[121.2721,22.91917],[121.27208,22.91921],[121.27208,22.91929],[121.27228,22.92014],[121.27249,22.92054],[121.27272,22.92081],[121.27334,22.92162],[121.27452,22.92275]]],[[[121.2629,22.90726],[121.26294,22.90724],[121.26296,22.90719],[121.26312,22.90621],[121.26311,22.90608],[121.26308,22.906],[121.26302,22.90592],[121.26293,22.9059],[121.26217,22.90578],[121.26155,22.90537],[121.26056,22.90381],[121.26048,22.90326],[121.26044,22.90204],[121.26041,22.90138],[121.26037,22.89907],[121.26052,22.89895],[121.26056,22.89888],[121.26057,22.89883],[121.26056,22.89879],[121.26054,22.89875],[121.25915,22.89761],[121.25906,22.89752],[121.25893,22.89743],[121.25874,22.89739],[121.25852,22.89737],[121.25841,22.89737],[121.25834,22.89743],[121.2583,22.8975],[121.25831,22.8976],[121.25841,22.89773],[121.25847,22.89779],[121.25861,22.89786],[121.25875,22.89788],[121.2589,22.89793],[121.25904,22.89801],[121.25917,22.89816],[121.25926,22.89829],[121.25931,22.8985],[121.25931,22.89863],[121.25934,22.89879],[121.25931,22.89905],[121.25927,22.89929],[121.25917,22.8997],[121.25917,22.9],[121.25913,22.9004],[121.25914,22.90045],[121.25917,22.90052],[121.25923,22.90062],[121.25941,22.90113],[121.25948,22.90128],[121.25954,22.90133],[121.25959,22.90146],[121.25979,22.90268],[121.25982,22.90278],[121.25991,22.90308],[121.25994,22.90319],[121.25999,22.9033],[121.26006,22.9034],[121.26025,22.90379],[121.2605,22.90421],[121.26071,22.9045],[121.261,22.90502],[121.26164,22.90576],[121.2618,22.90604],[121.26272,22.90716],[121.26278,22.90722],[121.26284,22.90725],[121.2629,22.90726]]],[[[121.18751,22.83182],[121.18754,22.83181],[121.18756,22.83178],[121.18757,22.83174],[121.18756,22.8317],[121.18754,22.83168],[121.18751,22.83167],[121.18749,22.83169],[121.18747,22.83172],[121.18747,22.83179],[121.18749,22.83182],[121.18751,22.83182]]],[[[121.18791,22.83109],[121.18795,22.83105],[121.18796,22.83103],[121.18795,22.83099],[121.18792,22.83097],[121.18791,22.83094],[121.18791,22.83091],[121.18795,22.83085],[121.18796,22.83082],[121.18795,22.83079],[121.18792,22.83078],[121.18789,22.83079],[121.18787,22.83081],[121.18778,22.83101],[121.18779,22.83106],[121.18782,22.8311],[121.18786,22.8311],[121.18791,22.83109]]],[[[121.19146,22.82939],[121.19157,22.82936],[121.19207,22.82897],[121.19269,22.82878],[121.1929,22.82876],[121.19338,22.8288],[121.1935,22.82886],[121.19361,22.82887],[121.19373,22.82886],[121.194,22.82873],[121.19405,22.82863],[121.19404,22.82853],[121.19396,22.82844],[121.19384,22.82839],[121.19321,22.82827],[121.19222,22.82805],[121.19209,22.82804],[121.19198,22.82807],[121.19191,22.82817],[121.19177,22.82853],[121.19172,22.82862],[121.19122,22.82893],[121.19114,22.82903],[121.19116,22.82918],[121.19135,22.82937],[121.19146,22.82939]]],[[[121.19753,22.82719],[121.19757,22.8272],[121.19798,22.82712],[121.19799,22.8271],[121.19798,22.82706],[121.19795,22.82703],[121.19789,22.82703],[121.19764,22.82702],[121.19756,22.82704],[121.19751,22.82707],[121.19749,22.8271],[121.19748,22.82714],[121.19749,22.82717],[121.19753,22.82719]]],[[[121.19584,22.82744],[121.19588,22.82744],[121.19592,22.82743],[121.19636,22.82687],[121.19703,22.82513],[121.19705,22.82509],[121.19704,22.82505],[121.19701,22.82503],[121.19432,22.82474],[121.19427,22.82474],[121.19301,22.82512],[121.1925,22.82536],[121.19247,22.82539],[121.19247,22.82544],[121.19248,22.82553],[121.19246,22.82564],[121.1924,22.82575],[121.19217,22.82607],[121.19167,22.82639],[121.19166,22.82645],[121.19167,22.82652],[121.19171,22.82658],[121.19309,22.82703],[121.19584,22.82744]]],[[[121.52054,22.68479],[121.52036,22.68487],[121.52025,22.68487],[121.52016,22.68496],[121.52003,22.68541],[121.5201,22.68561],[121.52039,22.68589],[121.52072,22.68597],[121.52102,22.68593],[121.52185,22.68566],[121.52203,22.6855],[121.52212,22.68531],[121.52214,22.68518],[121.52209,22.68505],[121.52194,22.68495],[121.52172,22.68491],[121.5208,22.68495],[121.52069,22.68483],[121.52054,22.68479]]],[[[121.51188,22.68049],[121.51148,22.68063],[121.51107,22.68088],[121.51083,22.68112],[121.51078,22.68108],[121.51078,22.68098],[121.51043,22.68079],[121.51021,22.68077],[121.51005,22.68082],[121.51003,22.68088],[121.5101,22.68094],[121.51033,22.68097],[121.51033,22.68105],[121.51026,22.68108],[121.51017,22.68117],[121.51012,22.68128],[121.51012,22.68137],[121.51053,22.68143],[121.51057,22.68155],[121.51057,22.68167],[121.51053,22.68172],[121.51034,22.68165],[121.51017,22.68174],[121.5101,22.68187],[121.5101,22.68207],[121.5102,22.68222],[121.51027,22.68227],[121.51058,22.68227],[121.51084,22.68222],[121.51103,22.68227],[121.51132,22.68242],[121.51143,22.68259],[121.51153,22.68266],[121.51165,22.68263],[121.51169,22.68224],[121.51186,22.68199],[121.51193,22.68167],[121.51193,22.68153],[121.51169,22.68141],[121.51169,22.68132],[121.51176,22.68123],[121.51214,22.68129],[121.51224,22.6812],[121.51224,22.68103],[121.51216,22.68089],[121.51228,22.68065],[121.51228,22.68058],[121.51216,22.68052],[121.51188,22.68049]]],[[[121.51361,22.68023],[121.51337,22.68025],[121.51326,22.68035],[121.51305,22.68031],[121.51293,22.68034],[121.5129,22.68039],[121.51308,22.68075],[121.51313,22.681],[121.51324,22.68102],[121.51339,22.6808],[121.51345,22.68077],[121.51352,22.68079],[121.5136,22.68088],[121.51365,22.68089],[121.51376,22.68087],[121.51381,22.68071],[121.51388,22.6806],[121.51389,22.68039],[121.51361,22.68023]]],[[[121.49062,22.68044],[121.49111,22.68008],[121.4912,22.68002],[121.49124,22.67997],[121.49127,22.67992],[121.49128,22.67987],[121.49125,22.67982],[121.49121,22.67978],[121.49114,22.67976],[121.49037,22.67982],[121.4903,22.67984],[121.49025,22.67988],[121.49025,22.67997],[121.49026,22.68002],[121.49029,22.68004],[121.49033,22.68006],[121.49038,22.68015],[121.49037,22.68019],[121.49032,22.68022],[121.49032,22.68026],[121.49037,22.68029],[121.49045,22.68032],[121.49047,22.68039],[121.49049,22.68043],[121.49053,22.68047],[121.49058,22.68047],[121.49062,22.68044]]],[[[121.51219,22.67957],[121.51181,22.67964],[121.51154,22.67993],[121.51138,22.68],[121.51136,22.6801],[121.51142,22.68015],[121.51148,22.68015],[121.51151,22.6803],[121.51164,22.6803],[121.51177,22.68022],[121.51185,22.68023],[121.51193,22.6803],[121.51203,22.68031],[121.51214,22.68029],[121.51223,22.68023],[121.51228,22.68015],[121.51228,22.68009],[121.51221,22.68001],[121.51222,22.67997],[121.51229,22.67995],[121.5124,22.67985],[121.5124,22.67977],[121.51237,22.67969],[121.51219,22.67957]]],[[[121.51108,22.67932],[121.51093,22.67934],[121.51081,22.67948],[121.51061,22.67952],[121.51047,22.6796],[121.51046,22.67965],[121.51052,22.67978],[121.51066,22.67987],[121.51069,22.67993],[121.51066,22.68015],[121.51068,22.68022],[121.51075,22.68025],[121.51084,22.68026],[121.51101,22.68012],[121.51117,22.68012],[121.51127,22.68008],[121.51131,22.68003],[121.51128,22.67978],[121.51142,22.6797],[121.51141,22.6796],[121.51108,22.67932]]],[[[121.51156,22.66968],[121.5116,22.66968],[121.51164,22.66966],[121.51166,22.66962],[121.51167,22.66957],[121.51167,22.66952],[121.51166,22.66947],[121.51163,22.66942],[121.51156,22.66936],[121.51153,22.66935],[121.51148,22.66935],[121.51144,22.66935],[121.51139,22.66936],[121.51134,22.66935],[121.5113,22.66935],[121.51127,22.66935],[121.51124,22.66937],[121.51122,22.66941],[121.51121,22.66946],[121.51122,22.66949],[121.51125,22.66957],[121.51125,22.6696],[121.51125,22.66965],[121.51127,22.66968],[121.5113,22.66974],[121.51132,22.66976],[121.51134,22.66976],[121.51136,22.66975],[121.51141,22.66971],[121.51146,22.66967],[121.51149,22.66967],[121.51156,22.66968]]],[[[121.51302,22.66661],[121.51296,22.66663],[121.51294,22.66667],[121.51295,22.66682],[121.51294,22.66694],[121.51295,22.66699],[121.51298,22.66704],[121.51307,22.66709],[121.51316,22.66717],[121.51319,22.6672],[121.51323,22.6672],[121.51327,22.66717],[121.51337,22.66703],[121.51344,22.66698],[121.51347,22.66693],[121.51348,22.66687],[121.51346,22.66682],[121.51339,22.66676],[121.5133,22.66673],[121.51323,22.6667],[121.51317,22.66668],[121.51308,22.66663],[121.51302,22.66661]]],[[[121.51164,22.66529],[121.5117,22.66526],[121.51175,22.66525],[121.51188,22.66524],[121.51192,22.66523],[121.51196,22.6652],[121.51198,22.66516],[121.51198,22.66508],[121.51189,22.66493],[121.51189,22.66487],[121.51188,22.66479],[121.51184,22.66475],[121.5118,22.66472],[121.51177,22.66471],[121.51174,22.66471],[121.5117,22.66472],[121.51164,22.66477],[121.51158,22.66484],[121.51154,22.66491],[121.51151,22.66496],[121.51145,22.66499],[121.51143,22.66502],[121.51141,22.66507],[121.5114,22.66514],[121.51148,22.66529],[121.51152,22.66531],[121.51154,22.66532],[121.51159,22.66532],[121.51164,22.66529]]],[[[121.51272,22.66296],[121.51262,22.66294],[121.51254,22.66295],[121.51248,22.66298],[121.51245,22.66303],[121.5124,22.66309],[121.51233,22.66313],[121.51227,22.66315],[121.51221,22.66314],[121.51215,22.66311],[121.51208,22.66309],[121.51204,22.66309],[121.51198,22.66313],[121.51195,22.66316],[121.51182,22.66322],[121.51177,22.66326],[121.51175,22.66333],[121.51176,22.66339],[121.51178,22.66347],[121.51186,22.66356],[121.5119,22.66365],[121.51192,22.66372],[121.51192,22.66395],[121.51192,22.66402],[121.51195,22.66408],[121.512,22.66412],[121.51205,22.66414],[121.51215,22.66413],[121.51223,22.66409],[121.51227,22.66408],[121.51238,22.66414],[121.51243,22.66415],[121.51248,22.66414],[121.51256,22.66409],[121.51264,22.66404],[121.51268,22.664],[121.5127,22.66395],[121.51269,22.6638],[121.5127,22.66373],[121.51272,22.66367],[121.51277,22.6636],[121.51284,22.66356],[121.51287,22.66353],[121.51288,22.66346],[121.51288,22.66339],[121.51279,22.66324],[121.51276,22.66319],[121.51275,22.66314],[121.51277,22.6631],[121.51281,22.66304],[121.5128,22.66298],[121.51276,22.66296],[121.51272,22.66296]]],[[[121.50758,22.6591],[121.5076,22.65908],[121.50763,22.65908],[121.50793,22.65908],[121.50799,22.65906],[121.50803,22.65905],[121.50805,22.65905],[121.50807,22.65906],[121.50824,22.65917],[121.50828,22.6592],[121.50832,22.6592],[121.50836,22.65919],[121.50839,22.65918],[121.50849,22.65906],[121.50851,22.65902],[121.50852,22.65899],[121.50852,22.65895],[121.50851,22.65891],[121.50849,22.65888],[121.50847,22.65886],[121.50841,22.65883],[121.50836,22.65883],[121.50833,22.65883],[121.50832,22.65882],[121.50822,22.65871],[121.50819,22.65869],[121.50815,22.65868],[121.50811,22.65868],[121.50807,22.65868],[121.50804,22.65866],[121.508,22.65864],[121.50794,22.65865],[121.50777,22.65869],[121.50774,22.65869],[121.5077,22.65868],[121.50765,22.65866],[121.50761,22.65866],[121.50758,22.65867],[121.50754,22.65868],[121.50745,22.65873],[121.50742,22.65874],[121.50739,22.65874],[121.50736,22.65872],[121.50733,22.65868],[121.50732,22.65865],[121.5073,22.65862],[121.50728,22.6586],[121.50725,22.6586],[121.50721,22.65862],[121.50718,22.65865],[121.50716,22.6587],[121.50716,22.65874],[121.50716,22.65879],[121.50719,22.65885],[121.50722,22.65896],[121.50729,22.65908],[121.50734,22.65916],[121.50739,22.65919],[121.50742,22.6592],[121.50745,22.65919],[121.5075,22.65917],[121.50758,22.6591]]],[[[121.50045,22.64657],[121.49996,22.64573],[121.49984,22.64561],[121.50115,22.64519],[121.50189,22.64484],[121.50229,22.64436],[121.50346,22.643],[121.5039,22.64219],[121.5051,22.64065],[121.5053,22.64054],[121.50559,22.63936],[121.50613,22.63822],[121.50665,22.63668],[121.50797,22.63579],[121.50863,22.63538],[121.50871,22.63602],[121.50935,22.63513],[121.50914,22.63478],[121.5094,22.63442],[121.50928,22.63366],[121.50878,22.63402],[121.50777,22.6335],[121.50763,22.63314],[121.5075,22.63281],[121.50686,22.63283],[121.50618,22.63295],[121.505,22.63358],[121.50355,22.63339],[121.50221,22.63349],[121.5009,22.63373],[121.49928,22.6332],[121.49867,22.63264],[121.49693,22.6329],[121.49528,22.6333],[121.49423,22.63452],[121.49243,22.63883],[121.49075,22.64002],[121.48956,22.64093],[121.48913,22.64112],[121.48868,22.6418],[121.48783,22.64229],[121.48686,22.64277],[121.48242,22.64438],[121.48133,22.64466],[121.48,22.64486],[121.47824,22.645],[121.47665,22.64518],[121.47624,22.64641],[121.47537,22.64603],[121.47519,22.64527],[121.4737,22.64572],[121.47242,22.64695],[121.47256,22.64858],[121.47343,22.65079],[121.4737,22.65266],[121.47368,22.65439],[121.47407,22.65555],[121.47458,22.65744],[121.47465,22.65891],[121.47396,22.6595],[121.47585,22.65821],[121.47547,22.65953],[121.47505,22.66008],[121.47537,22.65932],[121.47415,22.66003],[121.47374,22.66054],[121.47112,22.66349],[121.46843,22.66651],[121.46623,22.66874],[121.46415,22.67085],[121.46338,22.67235],[121.46283,22.67374],[121.46337,22.67515],[121.46379,22.67639],[121.4638,22.67704],[121.46395,22.6777],[121.4641,22.67847],[121.46475,22.6787],[121.46629,22.67877],[121.46771,22.67885],[121.4685,22.67884],[121.46938,22.67848],[121.47067,22.67834],[121.47156,22.67804],[121.47194,22.67791],[121.47261,22.67771],[121.47311,22.67705],[121.47344,22.67665],[121.47528,22.67681],[121.47654,22.67659],[121.47776,22.67646],[121.47887,22.67635],[121.47957,22.67634],[121.48139,22.67708],[121.48416,22.67884],[121.48505,22.67925],[121.48565,22.6794],[121.48613,22.67941],[121.48627,22.6792],[121.48663,22.67943],[121.48711,22.67931],[121.48781,22.67912],[121.48802,22.67938],[121.48954,22.67905],[121.49063,22.67921],[121.49086,22.67924],[121.49124,22.67937],[121.49152,22.67979],[121.49205,22.67976],[121.49178,22.6794],[121.49169,22.67881],[121.49235,22.67898],[121.49202,22.67854],[121.49205,22.67741],[121.49366,22.67632],[121.49338,22.6755],[121.49425,22.6763],[121.49513,22.6764],[121.49524,22.67694],[121.49552,22.6768],[121.4963,22.6772],[121.49644,22.67667],[121.49703,22.67648],[121.49765,22.6765],[121.49801,22.67644],[121.49846,22.67666],[121.49919,22.67694],[121.5001,22.6771],[121.50067,22.67703],[121.50207,22.67732],[121.50339,22.67777],[121.5039,22.67826],[121.50549,22.67832],[121.50634,22.67846],[121.50668,22.67848],[121.5079,22.67894],[121.50888,22.67893],[121.50957,22.67832],[121.51004,22.67767],[121.51,22.67723],[121.51023,22.67664],[121.51015,22.67409],[121.5103,22.67314],[121.51039,22.6724],[121.51059,22.67117],[121.5106,22.67045],[121.51068,22.66993],[121.51101,22.66922],[121.51091,22.66849],[121.51171,22.6673],[121.5126,22.66761],[121.51281,22.66676],[121.51172,22.66579],[121.51065,22.66506],[121.51018,22.66451],[121.50954,22.66295],[121.5096,22.66248],[121.50979,22.66161],[121.50906,22.66141],[121.50862,22.66042],[121.50849,22.65994],[121.5076,22.65985],[121.50707,22.65829],[121.50748,22.65757],[121.50814,22.65581],[121.50786,22.65458],[121.50769,22.65413],[121.50736,22.65375],[121.50673,22.65285],[121.50634,22.65276],[121.50617,22.65277],[121.50633,22.65225],[121.50572,22.65184],[121.50487,22.65171],[121.50411,22.65138],[121.50374,22.6516],[121.50332,22.65098],[121.5027,22.65069],[121.50223,22.64995],[121.50187,22.64934],[121.50188,22.64894],[121.50172,22.64799],[121.5011,22.64768],[121.50088,22.64725],[121.50045,22.64657]]],[[[121.50991,22.65398],[121.50971,22.654],[121.50954,22.65401],[121.50946,22.65401],[121.50941,22.65403],[121.50937,22.65406],[121.50934,22.6541],[121.50925,22.65422],[121.50917,22.6543],[121.50908,22.6544],[121.50905,22.65441],[121.50902,22.65439],[121.50901,22.65435],[121.50903,22.6543],[121.50904,22.65425],[121.50904,22.65418],[121.50903,22.65415],[121.509,22.65413],[121.50895,22.65412],[121.50888,22.65414],[121.50882,22.65418],[121.50877,22.65425],[121.50876,22.65434],[121.50864,22.65465],[121.50862,22.65467],[121.50858,22.65467],[121.50855,22.65469],[121.50854,22.65472],[121.50835,22.65482],[121.50833,22.65484],[121.50832,22.65487],[121.50832,22.65491],[121.5083,22.65493],[121.50829,22.65496],[121.50829,22.65499],[121.5083,22.65502],[121.50831,22.65505],[121.50831,22.65508],[121.50829,22.6551],[121.50826,22.65511],[121.5082,22.65512],[121.50815,22.65513],[121.50811,22.65516],[121.50809,22.6552],[121.50808,22.65525],[121.50808,22.6553],[121.50808,22.65538],[121.50809,22.65543],[121.5081,22.65549],[121.50814,22.65554],[121.50818,22.65557],[121.50822,22.65557],[121.50826,22.65556],[121.50832,22.65554],[121.50845,22.6555],[121.50864,22.6555],[121.50879,22.65549],[121.50888,22.65549],[121.50892,22.65549],[121.50896,22.65553],[121.509,22.65558],[121.50904,22.65562],[121.50909,22.65566],[121.50915,22.65573],[121.50918,22.65577],[121.50919,22.65581],[121.5092,22.65584],[121.5093,22.65597],[121.50932,22.656],[121.50933,22.65604],[121.50935,22.65609],[121.50937,22.65613],[121.5094,22.65615],[121.50945,22.65616],[121.50951,22.65617],[121.50954,22.65618],[121.50956,22.65619],[121.50962,22.65624],[121.50964,22.65625],[121.50967,22.65626],[121.50978,22.65625],[121.50981,22.65625],[121.50987,22.65623],[121.5099,22.65622],[121.50993,22.65623],[121.51,22.65625],[121.51003,22.65625],[121.51007,22.65625],[121.51011,22.65622],[121.51016,22.65621],[121.51023,22.6562],[121.51031,22.65622],[121.51039,22.65626],[121.51043,22.6563],[121.51049,22.65634],[121.51051,22.6564],[121.51051,22.65648],[121.51052,22.65652],[121.51055,22.65657],[121.51059,22.65661],[121.51065,22.65666],[121.51069,22.65667],[121.51073,22.65667],[121.51077,22.65664],[121.51079,22.65662],[121.51082,22.65656],[121.51087,22.65652],[121.51094,22.65645],[121.51094,22.65641],[121.51094,22.65638],[121.51094,22.65635],[121.51089,22.65631],[121.51088,22.65629],[121.51087,22.65627],[121.51087,22.6562],[121.51089,22.65609],[121.51089,22.65605],[121.51084,22.65598],[121.51081,22.65591],[121.51079,22.65587],[121.51075,22.65583],[121.51074,22.65578],[121.51072,22.65573],[121.51067,22.65568],[121.5106,22.65561],[121.51054,22.65558],[121.51051,22.65555],[121.51048,22.65551],[121.51045,22.65547],[121.51038,22.65538],[121.51036,22.65536],[121.51035,22.65532],[121.51035,22.6553],[121.51036,22.65527],[121.51039,22.65524],[121.51044,22.65522],[121.51051,22.65522],[121.51056,22.65523],[121.51061,22.65525],[121.51066,22.65525],[121.51078,22.65525],[121.51084,22.65523],[121.51088,22.65521],[121.5109,22.65517],[121.5109,22.65514],[121.51088,22.65508],[121.51087,22.65504],[121.51083,22.65497],[121.51082,22.65495],[121.51082,22.65493],[121.51083,22.65491],[121.51086,22.65487],[121.51087,22.65483],[121.51087,22.6548],[121.51086,22.65477],[121.5108,22.65468],[121.51078,22.65465],[121.51077,22.65461],[121.51077,22.65454],[121.51076,22.65451],[121.51072,22.65445],[121.51069,22.6544],[121.51068,22.65437],[121.51069,22.65434],[121.5107,22.65423],[121.51069,22.6542],[121.51062,22.65415],[121.51052,22.6541],[121.51044,22.65408],[121.51033,22.6541],[121.51025,22.65414],[121.51019,22.65418],[121.51008,22.65423],[121.51004,22.65424],[121.51001,22.65424],[121.51,22.65423],[121.51,22.6542],[121.51002,22.65417],[121.51003,22.65413],[121.51003,22.6541],[121.51002,22.65407],[121.51001,22.65402],[121.50998,22.65399],[121.50994,22.65398],[121.50991,22.65398]]],[[[121.50766,22.64962],[121.50728,22.64966],[121.50711,22.64983],[121.50711,22.64989],[121.50723,22.65004],[121.50761,22.65005],[121.50788,22.64983],[121.50787,22.64975],[121.50778,22.64966],[121.50766,22.64962]]],[[[121.50474,22.642],[121.50477,22.642],[121.50479,22.64199],[121.5048,22.64196],[121.5048,22.64188],[121.50479,22.64185],[121.50478,22.64182],[121.50464,22.64165],[121.50462,22.64164],[121.50458,22.64164],[121.50448,22.64168],[121.50445,22.6417],[121.50444,22.64172],[121.50444,22.64175],[121.50444,22.64177],[121.50455,22.64193],[121.50459,22.64196],[121.50461,22.64197],[121.50474,22.642]]],[[[121.50823,22.63282],[121.50819,22.63283],[121.50814,22.63282],[121.50811,22.6328],[121.5081,22.63277],[121.50809,22.63276],[121.5081,22.63274],[121.50812,22.63272],[121.50816,22.63271],[121.50819,22.63271],[121.50822,22.6327],[121.50823,22.63266],[121.50824,22.63264],[121.50826,22.63262],[121.50833,22.63256],[121.50834,22.63254],[121.50833,22.63252],[121.50824,22.63242],[121.50822,22.63241],[121.50819,22.63241],[121.50817,22.63241],[121.50815,22.63242],[121.50801,22.63253],[121.50799,22.63256],[121.50798,22.63259],[121.50798,22.63273],[121.50801,22.63284],[121.50806,22.63291],[121.50809,22.63295],[121.50813,22.63297],[121.50818,22.63297],[121.50821,22.63297],[121.50823,22.63295],[121.50826,22.63293],[121.50828,22.63292],[121.50833,22.63292],[121.50835,22.6329],[121.50839,22.63285],[121.50839,22.63282],[121.50837,22.6328],[121.50835,22.63279],[121.50831,22.63279],[121.50823,22.63282]]],[[[121.44694,23.44374],[121.4633,23.43875],[121.47943,23.43207],[121.4939,23.43531],[121.4868,23.41634],[121.47763,23.39517],[121.47223,23.36757],[121.46799,23.34553],[121.46316,23.31903],[121.4568,23.31247],[121.44742,23.31011],[121.43064,23.2865],[121.41842,23.24591],[121.41432,23.22912],[121.41895,23.22774],[121.41998,23.22648],[121.41938,23.22606],[121.41875,23.22488],[121.41807,23.22411],[121.41698,23.22271],[121.41571,23.22102],[121.41484,23.21992],[121.41229,23.21665],[121.41129,23.21547],[121.41013,23.21432],[121.40892,23.21322],[121.40053,23.20914],[121.39595,23.19774],[121.39929,23.18316],[121.40241,23.1727],[121.40626,23.16145],[121.40211,23.15886],[121.40194,23.15116],[121.41082,23.1234],[121.41779,23.12606],[121.4223,23.12701],[121.42368,23.12516],[121.42264,23.12472],[121.42001,23.12442],[121.41455,23.12197],[121.40208,23.11389],[121.39402,23.11328],[121.38955,23.10726],[121.38767,23.10424],[121.38307,23.09632],[121.38304,23.0954],[121.38087,23.09619],[121.37954,23.09782],[121.37139,23.09608],[121.36039,23.08992],[121.35634,23.08164],[121.34771,23.06459],[121.34081,23.04103],[121.33025,23.01669],[121.32161,22.997],[121.30601,22.9683],[121.28679,22.95207],[121.28549,22.94991],[121.28152,22.94443],[121.2719,22.91943],[121.25923,22.89895],[121.24964,22.88445],[121.23522,22.87092],[121.2252,22.86796],[121.2035,22.86061],[121.18922,22.84564],[121.18812,22.83773],[121.1863,22.83336],[121.18841,22.82833],[121.19079,22.82711],[121.19342,22.82012],[121.19632,22.81633],[121.19778,22.81451],[121.19752,22.80911],[121.20064,22.79961],[121.19861,22.79375],[121.19576,22.79194],[121.18579,22.78966],[121.17874,22.76596],[121.15963,22.74919],[121.11775,22.71413],[121.09177,22.70302],[121.07121,22.68954],[121.05476,22.67672],[121.01913,22.6408],[121.01129,22.60781],[120.98998,22.57318],[120.95886,22.50138],[120.9495,22.46823],[120.93731,22.43469],[120.92322,22.40292],[120.91324,22.37926],[120.90806,22.35799],[120.8923,22.31576],[120.89186,22.29114],[120.89216,22.27615],[120.89456,22.26503],[120.89576,22.25411],[120.88553,22.24151],[120.87075,22.23132],[120.85918,22.23845],[120.84327,22.2433],[120.83002,22.25184],[120.81524,22.26322],[120.79997,22.25721],[120.79826,22.27655],[120.80065,22.28431],[120.78539,22.29438],[120.79311,22.31259],[120.78516,22.34522],[120.75985,22.36026],[120.75405,22.3865],[120.76221,22.40677],[120.78818,22.41705],[120.76982,22.45229],[120.75114,22.4795],[120.75644,22.50935],[120.73965,22.56235],[120.75421,22.60705],[120.7775,22.65074],[120.78738,22.69327],[120.81991,22.69557],[120.84258,22.71004],[120.87571,22.71715],[120.89515,22.75443],[120.90262,22.78665],[120.88405,22.81339],[120.8645,22.8254],[120.86658,22.85367],[120.86281,22.87463],[120.83447,22.89509],[120.82855,22.92324],[120.8229,22.95611],[120.83329,22.98085],[120.85033,22.99732],[120.86192,23.02117],[120.87832,23.04913],[120.88088,23.08149],[120.8863,23.11646],[120.87933,23.14871],[120.89841,23.17519],[120.90588,23.19939],[120.91241,23.2294],[120.93192,23.24261],[120.95502,23.26226],[120.97901,23.28228],[121.01961,23.29426],[121.05122,23.29231],[121.0616,23.27229],[121.06615,23.2573],[121.08048,23.23339],[121.105,23.22535],[121.13436,23.21157],[121.16447,23.20674],[121.19171,23.1996],[121.20535,23.16722],[121.21399,23.14396],[121.24245,23.12801],[121.25932,23.12161],[121.26548,23.10597],[121.28388,23.1054],[121.302,23.11028],[121.32255,23.12247],[121.32429,23.1486],[121.31815,23.16704],[121.3276,23.1792],[121.33688,23.18457],[121.34324,23.19932],[121.34651,23.21711],[121.35447,23.22762],[121.35977,23.24239],[121.36982,23.26181],[121.37733,23.288],[121.38268,23.30667],[121.39807,23.32184],[121.40959,23.34556],[121.42284,23.35896],[121.40481,23.36861],[121.406,23.39266],[121.41722,23.41255],[121.42553,23.42516],[121.44326,23.4379],[121.44694,23.44374]]],[[[121.50567,22.08747],[121.5056,22.08745],[121.50549,22.08748],[121.50543,22.08752],[121.50536,22.08758],[121.50532,22.08763],[121.50531,22.0877],[121.50533,22.0878],[121.50536,22.08787],[121.50543,22.08796],[121.50565,22.08815],[121.50581,22.08822],[121.5059,22.08826],[121.506,22.08826],[121.50606,22.08824],[121.5061,22.08821],[121.50611,22.08815],[121.50609,22.08807],[121.50608,22.088],[121.50603,22.08789],[121.50593,22.08777],[121.50591,22.08768],[121.50587,22.0876],[121.50576,22.0875],[121.50567,22.08747]]],[[[121.57067,22.08586],[121.5707,22.08583],[121.57071,22.0858],[121.57071,22.08576],[121.57071,22.08571],[121.57069,22.08567],[121.57066,22.08562],[121.57057,22.08554],[121.57051,22.08552],[121.57047,22.0855],[121.57042,22.0855],[121.57038,22.0855],[121.57034,22.08552],[121.57031,22.08554],[121.57023,22.08566],[121.57022,22.0857],[121.57022,22.08573],[121.57023,22.08576],[121.57029,22.08585],[121.57036,22.08596],[121.57039,22.08598],[121.57042,22.08598],[121.57045,22.08598],[121.57067,22.08586]]],[[[121.52586,22.08335],[121.52582,22.08334],[121.52578,22.08335],[121.52573,22.08339],[121.52572,22.08341],[121.52572,22.08344],[121.52573,22.08348],[121.5258,22.08355],[121.52584,22.08356],[121.52588,22.08355],[121.52591,22.08352],[121.52593,22.08349],[121.52593,22.08346],[121.52593,22.08343],[121.52591,22.0834],[121.52586,22.08335]]],[[[121.51784,22.08206],[121.5178,22.08203],[121.51774,22.08203],[121.51769,22.08204],[121.51766,22.08207],[121.51764,22.0821],[121.51764,22.08215],[121.51766,22.0822],[121.5177,22.08224],[121.51775,22.08227],[121.51781,22.08228],[121.51785,22.08226],[121.5179,22.08224],[121.51792,22.0822],[121.51792,22.08217],[121.51791,22.08214],[121.51787,22.0821],[121.51784,22.08206]]],[[[121.51095,22.08226],[121.51143,22.08198],[121.5115,22.08194],[121.51157,22.08187],[121.51169,22.08177],[121.51187,22.08171],[121.51194,22.08166],[121.51197,22.08163],[121.51197,22.0816],[121.51194,22.08158],[121.51188,22.08157],[121.51184,22.08158],[121.51159,22.08173],[121.51138,22.08187],[121.51118,22.082],[121.51103,22.08208],[121.51088,22.08217],[121.51085,22.0822],[121.51084,22.08224],[121.51084,22.08228],[121.51087,22.0823],[121.5109,22.08229],[121.51095,22.08226]]],[[[121.58017,22.07803],[121.58,22.0781],[121.57963,22.0785],[121.57937,22.07853],[121.57908,22.0785],[121.57866,22.07839],[121.57851,22.07838],[121.57818,22.07845],[121.57727,22.07851],[121.57714,22.07861],[121.57714,22.07871],[121.57734,22.07901],[121.57742,22.07918],[121.57743,22.07931],[121.57725,22.07993],[121.57726,22.0801],[121.57735,22.0803],[121.57754,22.08052],[121.57789,22.08069],[121.57795,22.08079],[121.57782,22.08111],[121.57783,22.08122],[121.57798,22.08131],[121.57833,22.08129],[121.57849,22.08115],[121.57861,22.0809],[121.57896,22.08078],[121.5792,22.08069],[121.57933,22.08057],[121.57928,22.08032],[121.57974,22.07989],[121.58001,22.07974],[121.58026,22.07978],[121.58066,22.08],[121.58108,22.08017],[121.58179,22.08042],[121.58204,22.08046],[121.58283,22.0802],[121.58287,22.08008],[121.58282,22.07998],[121.58253,22.07997],[121.58247,22.07993],[121.58246,22.0797],[121.58239,22.07934],[121.58238,22.07891],[121.58248,22.07874],[121.58267,22.07861],[121.58272,22.07849],[121.58263,22.07831],[121.58254,22.07826],[121.58237,22.07824],[121.58195,22.07834],[121.58173,22.07815],[121.58163,22.07813],[121.58139,22.07812],[121.58106,22.07806],[121.58051,22.07808],[121.58037,22.07805],[121.58017,22.07803]]],[[[121.56968,22.06929],[121.56971,22.06927],[121.56984,22.06909],[121.56989,22.06902],[121.5699,22.06899],[121.56989,22.06895],[121.56988,22.06892],[121.56985,22.0689],[121.56981,22.06891],[121.56963,22.06906],[121.5696,22.0691],[121.56958,22.06913],[121.56957,22.06917],[121.56958,22.06921],[121.5696,22.06926],[121.56962,22.06928],[121.56965,22.06929],[121.56968,22.06929]]],[[[121.56992,22.06798],[121.5699,22.06801],[121.5699,22.06804],[121.5699,22.06806],[121.56992,22.06808],[121.56996,22.06808],[121.56999,22.06808],[121.57002,22.06806],[121.57005,22.068],[121.57005,22.06793],[121.57004,22.06789],[121.57003,22.06786],[121.56999,22.06783],[121.56997,22.06781],[121.56994,22.0678],[121.56992,22.06781],[121.56991,22.06784],[121.5699,22.06788],[121.5699,22.06792],[121.56992,22.06795],[121.56992,22.06798]]],[[[121.56799,22.0578],[121.56803,22.05779],[121.56806,22.05778],[121.56809,22.05776],[121.5681,22.05774],[121.5681,22.05771],[121.5681,22.05768],[121.56808,22.05765],[121.56806,22.05764],[121.56803,22.05764],[121.568,22.05764],[121.56796,22.05765],[121.56792,22.05768],[121.56791,22.0577],[121.5679,22.05772],[121.56791,22.05775],[121.56792,22.05778],[121.56796,22.05779],[121.56799,22.0578]]],[[[121.56675,22.05683],[121.5668,22.05685],[121.56795,22.05683],[121.56802,22.05682],[121.56806,22.05678],[121.5681,22.05674],[121.5681,22.05669],[121.5679,22.05592],[121.56784,22.0558],[121.5678,22.05578],[121.56775,22.05579],[121.56677,22.05635],[121.56666,22.05642],[121.56665,22.05647],[121.56665,22.05653],[121.56671,22.05666],[121.56673,22.05679],[121.56675,22.05683]]],[[[121.50766,22.05201],[121.50809,22.05142],[121.50813,22.05133],[121.50814,22.05124],[121.50806,22.051],[121.50782,22.05082],[121.5077,22.05077],[121.50758,22.05076],[121.5075,22.0508],[121.50744,22.05087],[121.50719,22.05126],[121.50715,22.05138],[121.50714,22.05149],[121.50722,22.05183],[121.50726,22.05191],[121.50732,22.05197],[121.50752,22.05205],[121.5076,22.05205],[121.50766,22.05201]]],[[[121.50945,22.0692],[121.50789,22.07235],[121.50695,22.07335],[121.50463,22.0755],[121.5033,22.07779],[121.49938,22.08085],[121.50183,22.0844],[121.50614,22.08553],[121.50945,22.08279],[121.51085,22.08194],[121.51209,22.0812],[121.51572,22.08126],[121.51748,22.08135],[121.51904,22.08107],[121.52069,22.08143],[121.52304,22.08203],[121.52554,22.08262],[121.52829,22.082],[121.52948,22.08049],[121.52999,22.07943],[121.5316,22.0806],[121.53281,22.0812],[121.53402,22.08186],[121.53492,22.08186],[121.53552,22.08207],[121.53635,22.08237],[121.53632,22.08194],[121.53719,22.08121],[121.53954,22.08164],[121.54132,22.08245],[121.54405,22.08298],[121.54675,22.08317],[121.54823,22.08322],[121.5507,22.0833],[121.55329,22.08314],[121.55497,22.08344],[121.5562,22.08368],[121.55771,22.08321],[121.56076,22.08119],[121.56479,22.08351],[121.56679,22.08606],[121.56769,22.08622],[121.56833,22.08599],[121.56889,22.08431],[121.57081,22.08176],[121.57072,22.07861],[121.56963,22.07634],[121.56847,22.0735],[121.56842,22.0714],[121.5689,22.06975],[121.56924,22.06929],[121.56951,22.06892],[121.56958,22.06799],[121.56972,22.06588],[121.57282,22.06363],[121.57392,22.06263],[121.57474,22.06135],[121.57532,22.06051],[121.5729,22.06051],[121.56971,22.05986],[121.57037,22.05802],[121.5674,22.05799],[121.56706,22.05819],[121.56667,22.05844],[121.56636,22.05805],[121.56673,22.05763],[121.56594,22.0579],[121.56586,22.05703],[121.56615,22.05676],[121.56599,22.05727],[121.56664,22.05722],[121.56695,22.05725],[121.56639,22.05646],[121.56655,22.05594],[121.56599,22.05581],[121.56389,22.05435],[121.56488,22.04952],[121.56708,22.04449],[121.56771,22.04213],[121.56755,22.04148],[121.56832,22.04118],[121.56848,22.04025],[121.57179,22.03816],[121.57524,22.03528],[121.57853,22.03351],[121.58208,22.03166],[121.58682,22.02978],[121.59096,22.02782],[121.5959,22.02494],[121.59862,22.02318],[121.59984,22.02206],[121.60059,22.02053],[121.60065,22.01984],[121.60043,22.01894],[121.60065,22.01803],[121.60066,22.01753],[121.60016,22.01734],[121.59935,22.01576],[121.59789,22.01485],[121.59691,22.01313],[121.59604,22.01056],[121.59502,22.00753],[121.59479,22.00555],[121.5942,22.00409],[121.59325,22.00262],[121.59167,22.002],[121.58929,22.00122],[121.58719,22.00084],[121.58606,22.0008],[121.58378,22.00208],[121.58286,22.00286],[121.58203,22.00396],[121.58139,22.00482],[121.57896,22.00459],[121.57716,22.00386],[121.57585,22.00297],[121.57249,22.00337],[121.57109,22.00276],[121.56983,22.00606],[121.56864,22.00932],[121.56563,22.01289],[121.56357,22.01532],[121.56118,22.01865],[121.55793,22.02222],[121.55557,22.02241],[121.5543,22.02328],[121.55374,22.02447],[121.55158,22.02488],[121.54892,22.02615],[121.54687,22.02617],[121.54457,22.02626],[121.54471,22.02614],[121.54465,22.02597],[121.54455,22.02571],[121.54435,22.02555],[121.54384,22.02541],[121.54357,22.02538],[121.5433,22.02544],[121.5431,22.02528],[121.54297,22.02561],[121.54276,22.02557],[121.54268,22.02563],[121.54245,22.02556],[121.54243,22.02537],[121.54223,22.02521],[121.54209,22.02511],[121.54159,22.02498],[121.54063,22.02468],[121.54003,22.02455],[121.53953,22.02439],[121.53917,22.02438],[121.53863,22.02443],[121.53776,22.02446],[121.53745,22.02456],[121.5367,22.02517],[121.53588,22.02545],[121.53386,22.02664],[121.53288,22.02788],[121.53165,22.0306],[121.52966,22.03145],[121.52832,22.03344],[121.52701,22.03394],[121.52622,22.03538],[121.52521,22.03757],[121.52285,22.039],[121.52204,22.03922],[121.52024,22.04016],[121.51838,22.04192],[121.51645,22.0445],[121.51523,22.04671],[121.51366,22.04665],[121.51209,22.04694],[121.51074,22.04689],[121.5091,22.04575],[121.50859,22.04782],[121.5103,22.04994],[121.51143,22.05101],[121.51081,22.05172],[121.51007,22.05254],[121.50939,22.05379],[121.50927,22.05467],[121.50857,22.05526],[121.50771,22.0552],[121.50834,22.0564],[121.50928,22.05659],[121.50857,22.05709],[121.50808,22.05866],[121.5088,22.05998],[121.50903,22.06034],[121.50861,22.06054],[121.50858,22.06081],[121.50895,22.06241],[121.50885,22.06351],[121.51022,22.06465],[121.51004,22.06626],[121.50945,22.0692]]],[[[121.54479,22.02619],[121.54482,22.02618],[121.54484,22.02616],[121.54484,22.02613],[121.54483,22.0261],[121.54481,22.02608],[121.54478,22.02608],[121.54476,22.02609],[121.54474,22.02611],[121.54474,22.02614],[121.54475,22.02617],[121.54477,22.02618],[121.54479,22.02619]]],[[[121.54398,22.02535],[121.54406,22.02538],[121.54413,22.02538],[121.54419,22.02537],[121.54425,22.02534],[121.54426,22.02527],[121.54425,22.02518],[121.54421,22.0251],[121.54417,22.02505],[121.54411,22.02499],[121.54403,22.02494],[121.54396,22.02492],[121.5439,22.02492],[121.54385,22.02493],[121.54382,22.02495],[121.54381,22.02501],[121.54382,22.02512],[121.5439,22.02529],[121.54398,22.02535]]],[[[121.53888,22.02432],[121.53891,22.02429],[121.539,22.02415],[121.53921,22.02358],[121.53921,22.02352],[121.53919,22.0234],[121.53915,22.02337],[121.53907,22.02336],[121.53872,22.02334],[121.53867,22.02335],[121.5383,22.02356],[121.53825,22.02361],[121.53823,22.02367],[121.53825,22.02374],[121.53832,22.02387],[121.53857,22.02416],[121.53863,22.0242],[121.53882,22.02431],[121.53888,22.02432]]],[[[121.60119,22.02011],[121.60121,22.02006],[121.60122,22.02],[121.60122,22.01925],[121.60121,22.01919],[121.60116,22.01915],[121.60111,22.01914],[121.60099,22.01916],[121.6009,22.01921],[121.60086,22.01926],[121.60084,22.01931],[121.60084,22.01939],[121.60089,22.02011],[121.6009,22.02016],[121.60092,22.0202],[121.60096,22.02023],[121.601,22.02025],[121.60105,22.02023],[121.60111,22.02018],[121.60119,22.02011]]],[[[121.19207,22.83966],[121.19212,22.83963],[121.19216,22.83958],[121.19216,22.83955],[121.19216,22.83953],[121.19213,22.83952],[121.19209,22.83952],[121.19202,22.83952],[121.19194,22.83946],[121.1919,22.83945],[121.19186,22.83946],[121.19181,22.83948],[121.19178,22.83952],[121.19178,22.83956],[121.19179,22.8396],[121.1918,22.83964],[121.19184,22.83966],[121.19187,22.83967],[121.19197,22.83967],[121.19207,22.83966]]]]}},{"properties":{"COUNTYSN":"10002001","COUNTYNAME":"宜蘭縣","name":"宜蘭縣"},"type":"Feature","geometry":{"type":"MultiPolygon","coordinates":[[[[121.87445,24.53563],[121.87448,24.53567],[121.87452,24.53569],[121.87458,24.53568],[121.87465,24.53567],[121.87526,24.53531],[121.87546,24.53525],[121.87559,24.53505],[121.87579,24.53505],[121.87606,24.5349],[121.87618,24.53475],[121.87627,24.53458],[121.87628,24.5345],[121.87625,24.53437],[121.87625,24.53429],[121.87626,24.53421],[121.8763,24.53415],[121.87655,24.53389],[121.87657,24.53383],[121.87656,24.53374],[121.87652,24.53368],[121.87646,24.53365],[121.87638,24.53365],[121.87624,24.53367],[121.87619,24.53367],[121.87614,24.53367],[121.87609,24.53368],[121.87601,24.53374],[121.87594,24.53384],[121.87588,24.53388],[121.87582,24.5339],[121.87556,24.53396],[121.87543,24.53401],[121.87533,24.53408],[121.87518,24.5342],[121.87503,24.53422],[121.87498,24.53424],[121.87494,24.53429],[121.87484,24.53451],[121.87471,24.53456],[121.87462,24.53457],[121.87452,24.53457],[121.87448,24.53458],[121.87427,24.53467],[121.87417,24.53476],[121.87412,24.53476],[121.87407,24.53474],[121.87402,24.53473],[121.87397,24.53475],[121.87364,24.53502],[121.8736,24.53509],[121.87359,24.53517],[121.87366,24.53533],[121.87372,24.53544],[121.87378,24.53549],[121.8739,24.53555],[121.87402,24.53556],[121.87413,24.53555],[121.87425,24.53551],[121.87433,24.53547],[121.87439,24.53546],[121.87445,24.5355],[121.87446,24.53555],[121.87445,24.53563]]],[[[121.87423,24.53387],[121.87427,24.53383],[121.87428,24.53381],[121.87427,24.53378],[121.87426,24.53376],[121.87422,24.53374],[121.87418,24.53373],[121.87415,24.53373],[121.87411,24.53374],[121.87393,24.53384],[121.87381,24.53387],[121.87368,24.53389],[121.87364,24.53391],[121.87355,24.53395],[121.87349,24.53399],[121.87345,24.53403],[121.87344,24.53406],[121.87344,24.5341],[121.87345,24.53412],[121.87348,24.53415],[121.87351,24.53416],[121.87354,24.53416],[121.87356,24.53415],[121.87363,24.53408],[121.87375,24.534],[121.87379,24.53399],[121.87386,24.53398],[121.87393,24.53394],[121.87403,24.53393],[121.87407,24.53393],[121.87417,24.5339],[121.87423,24.53387]]],[[[121.86133,24.52753],[121.86138,24.52741],[121.86139,24.52739],[121.86142,24.52725],[121.86156,24.52706],[121.86158,24.52702],[121.86158,24.52699],[121.86156,24.52696],[121.86154,24.52694],[121.86149,24.52694],[121.86145,24.52694],[121.86134,24.52698],[121.8613,24.52701],[121.86126,24.52703],[121.86118,24.52716],[121.86116,24.5272],[121.86115,24.52723],[121.86111,24.52755],[121.86112,24.52757],[121.86115,24.52758],[121.86118,24.52758],[121.86128,24.52757],[121.86131,24.52756],[121.86133,24.52753]]],[[[121.96539,24.98268],[121.96543,24.98269],[121.96546,24.98269],[121.96551,24.98268],[121.96553,24.98266],[121.96554,24.98263],[121.96554,24.9826],[121.96553,24.98257],[121.9655,24.98253],[121.96545,24.9825],[121.96541,24.9825],[121.96538,24.98251],[121.96536,24.98253],[121.96535,24.98258],[121.96536,24.98264],[121.96538,24.98266],[121.96539,24.98268]]],[[[121.96493,24.98233],[121.96495,24.98235],[121.96496,24.98237],[121.96499,24.98237],[121.965,24.98236],[121.965,24.98231],[121.965,24.98227],[121.96498,24.98225],[121.96495,24.98224],[121.96491,24.98225],[121.9649,24.98227],[121.96493,24.98233]]],[[[121.96474,24.98208],[121.96479,24.98208],[121.96483,24.98208],[121.96487,24.98204],[121.96489,24.98199],[121.96488,24.98195],[121.96481,24.98185],[121.96478,24.98184],[121.96473,24.98184],[121.96469,24.98186],[121.96465,24.98191],[121.96464,24.98196],[121.96464,24.982],[121.96466,24.98202],[121.96474,24.98208]]],[[[121.94161,24.97313],[121.94167,24.97314],[121.9417,24.97314],[121.94173,24.97312],[121.94179,24.97305],[121.94187,24.97303],[121.9419,24.97301],[121.94191,24.97298],[121.9419,24.97296],[121.94186,24.97294],[121.94174,24.97292],[121.94161,24.97292],[121.94153,24.97293],[121.94149,24.97295],[121.94146,24.97298],[121.94146,24.97303],[121.94148,24.97308],[121.94154,24.97312],[121.94161,24.97313]]],[[[121.92194,24.96087],[121.92196,24.96087],[121.92199,24.96086],[121.92239,24.9606],[121.9224,24.96057],[121.92241,24.96045],[121.9224,24.96042],[121.92238,24.9604],[121.92234,24.9604],[121.92213,24.96043],[121.9221,24.96044],[121.92186,24.96074],[121.92186,24.96078],[121.92187,24.96081],[121.92192,24.96087],[121.92194,24.96087]]],[[[121.92002,24.95547],[121.92007,24.95547],[121.92012,24.95548],[121.92015,24.95547],[121.92016,24.95544],[121.92017,24.95539],[121.92019,24.95536],[121.92023,24.95531],[121.92024,24.95527],[121.92023,24.95523],[121.92022,24.95522],[121.92001,24.95504],[121.91998,24.95503],[121.91995,24.95503],[121.91989,24.95504],[121.91985,24.95507],[121.91972,24.95516],[121.9197,24.95519],[121.91969,24.95523],[121.9197,24.95526],[121.91972,24.95529],[121.91988,24.95541],[121.92002,24.95547]]],[[[121.91901,24.95385],[121.91905,24.95385],[121.91908,24.95384],[121.9191,24.9538],[121.9191,24.95375],[121.91906,24.95351],[121.919,24.95345],[121.9189,24.95341],[121.91886,24.95341],[121.91882,24.95343],[121.9188,24.95346],[121.91879,24.9535],[121.91882,24.95359],[121.91888,24.95371],[121.91898,24.95383],[121.91901,24.95385]]],[[[121.9143,24.95138],[121.91432,24.9514],[121.91435,24.9514],[121.91439,24.95138],[121.91442,24.95135],[121.91443,24.95133],[121.91443,24.95129],[121.91442,24.95124],[121.91441,24.95123],[121.91438,24.95123],[121.91426,24.95125],[121.91424,24.95127],[121.91425,24.95131],[121.9143,24.95138]]],[[[121.91389,24.95133],[121.91392,24.95131],[121.91392,24.95128],[121.91392,24.95125],[121.9139,24.95123],[121.91386,24.95123],[121.91383,24.95125],[121.91381,24.95128],[121.9138,24.95131],[121.9138,24.95134],[121.91382,24.95136],[121.91385,24.95135],[121.91389,24.95133]]],[[[121.90999,24.94849],[121.91002,24.94849],[121.91003,24.94846],[121.91001,24.94844],[121.90997,24.94843],[121.90994,24.94844],[121.90993,24.94845],[121.90994,24.94847],[121.90999,24.94849]]],[[[121.90859,24.94839],[121.90858,24.94835],[121.90855,24.94833],[121.90846,24.94832],[121.90843,24.94835],[121.90842,24.94841],[121.90845,24.94846],[121.9085,24.9485],[121.90854,24.94849],[121.90858,24.94844],[121.90859,24.94839]]],[[[121.90663,24.94694],[121.90667,24.94688],[121.90669,24.94683],[121.90669,24.94677],[121.90667,24.9467],[121.90663,24.94667],[121.90658,24.94666],[121.90651,24.94667],[121.90645,24.94669],[121.90639,24.94676],[121.9064,24.94682],[121.90643,24.94689],[121.90649,24.94694],[121.90656,24.94695],[121.90663,24.94694]]],[[[121.90448,24.94541],[121.90452,24.9454],[121.90504,24.94517],[121.90508,24.94514],[121.90511,24.94511],[121.90512,24.94506],[121.90511,24.94501],[121.90507,24.94494],[121.905,24.94486],[121.90496,24.94484],[121.90491,24.94483],[121.90487,24.94483],[121.90452,24.94513],[121.9045,24.94516],[121.90446,24.94525],[121.9044,24.9453],[121.90438,24.94535],[121.90439,24.94539],[121.90443,24.94541],[121.90448,24.94541]]],[[[121.90458,24.94288],[121.90464,24.94289],[121.90469,24.94289],[121.90473,24.94285],[121.90493,24.94238],[121.90496,24.94228],[121.90494,24.94219],[121.90487,24.94209],[121.90474,24.94199],[121.90464,24.94195],[121.90455,24.94194],[121.90448,24.94194],[121.9044,24.94197],[121.90437,24.94201],[121.90439,24.94206],[121.90444,24.94212],[121.90446,24.94218],[121.90446,24.94227],[121.90442,24.94232],[121.90429,24.94256],[121.90427,24.94263],[121.90428,24.94267],[121.90433,24.94271],[121.90443,24.9428],[121.90458,24.94288]]],[[[121.90482,24.94145],[121.9049,24.94146],[121.90494,24.94145],[121.90501,24.94143],[121.90507,24.94136],[121.90509,24.94133],[121.9051,24.94128],[121.9051,24.94123],[121.90507,24.94118],[121.90502,24.94116],[121.90495,24.94117],[121.90483,24.94118],[121.90475,24.94118],[121.90459,24.94111],[121.9045,24.9411],[121.9044,24.94112],[121.90437,24.94116],[121.90437,24.9412],[121.90439,24.94126],[121.90443,24.94133],[121.90447,24.94136],[121.90453,24.94137],[121.90469,24.94137],[121.90473,24.94138],[121.90476,24.94142],[121.90482,24.94145]]],[[[121.90452,24.94052],[121.90458,24.9405],[121.90465,24.94046],[121.90487,24.94031],[121.90496,24.94019],[121.90497,24.94015],[121.90494,24.94009],[121.90488,24.94006],[121.90477,24.94007],[121.90472,24.94006],[121.90466,24.94001],[121.90461,24.93998],[121.90451,24.93998],[121.90444,24.94001],[121.90436,24.94007],[121.90433,24.94014],[121.90433,24.94021],[121.90437,24.94039],[121.90446,24.94049],[121.90452,24.94052]]],[[[121.89455,24.93884],[121.89462,24.93889],[121.89468,24.93896],[121.89473,24.93899],[121.89477,24.939],[121.89481,24.93897],[121.89483,24.93892],[121.89483,24.93885],[121.89482,24.93878],[121.89479,24.9387],[121.89474,24.93864],[121.89463,24.93858],[121.89456,24.93854],[121.89446,24.93853],[121.89442,24.93851],[121.8944,24.93847],[121.8944,24.93844],[121.89441,24.9384],[121.89453,24.93823],[121.89454,24.9382],[121.89454,24.93818],[121.89452,24.93817],[121.89449,24.93817],[121.89444,24.93818],[121.89434,24.93822],[121.89429,24.93824],[121.89425,24.93824],[121.89418,24.93821],[121.89409,24.93813],[121.89403,24.93805],[121.89397,24.93801],[121.89392,24.93799],[121.89387,24.93799],[121.89383,24.938],[121.89375,24.93807],[121.89371,24.93809],[121.89344,24.93811],[121.89339,24.93811],[121.89335,24.93814],[121.89329,24.93821],[121.89329,24.93826],[121.89331,24.9383],[121.89358,24.93843],[121.8938,24.93857],[121.89389,24.93861],[121.89399,24.93862],[121.89413,24.93863],[121.89435,24.93879],[121.89445,24.93884],[121.89455,24.93884]]],[[[121.8854,24.92079],[121.88544,24.92079],[121.88548,24.92077],[121.88549,24.92073],[121.88548,24.92068],[121.88544,24.92065],[121.88537,24.92066],[121.88535,24.9207],[121.88535,24.92074],[121.88537,24.92078],[121.8854,24.92079]]],[[[121.88532,24.91952],[121.88537,24.91953],[121.88541,24.91952],[121.88545,24.9195],[121.88546,24.91946],[121.88545,24.91942],[121.88538,24.91936],[121.88534,24.91934],[121.88529,24.91934],[121.88525,24.91938],[121.88524,24.91942],[121.88524,24.91945],[121.88528,24.9195],[121.88532,24.91952]]],[[[121.88528,24.91845],[121.88528,24.91841],[121.88528,24.91838],[121.88525,24.91836],[121.88522,24.91835],[121.88519,24.91836],[121.88515,24.91838],[121.88514,24.9184],[121.88513,24.91843],[121.88513,24.91847],[121.88515,24.91851],[121.8852,24.91854],[121.88524,24.91856],[121.88528,24.91856],[121.88531,24.91855],[121.88532,24.91853],[121.88532,24.91851],[121.88529,24.91848],[121.88528,24.91845]]],[[[121.88519,24.91796],[121.88524,24.91797],[121.88529,24.91796],[121.88532,24.91793],[121.88532,24.9179],[121.88531,24.91785],[121.88517,24.91767],[121.88513,24.91764],[121.88509,24.91763],[121.88505,24.91764],[121.88499,24.91769],[121.88498,24.91772],[121.88498,24.91777],[121.885,24.91783],[121.88505,24.91788],[121.88512,24.91793],[121.88519,24.91796]]],[[[121.88488,24.91745],[121.88491,24.91745],[121.88492,24.91743],[121.88493,24.9174],[121.88496,24.91701],[121.88496,24.91699],[121.88489,24.9169],[121.88487,24.91689],[121.88441,24.91683],[121.88437,24.91683],[121.88435,24.91684],[121.88434,24.91687],[121.88435,24.9169],[121.88452,24.91724],[121.88454,24.91727],[121.88486,24.91745],[121.88488,24.91745]]],[[[121.88346,24.91665],[121.88348,24.91664],[121.8835,24.91661],[121.8835,24.91657],[121.88346,24.91655],[121.88343,24.91655],[121.88341,24.91655],[121.88339,24.91658],[121.88339,24.91661],[121.88341,24.91663],[121.88346,24.91665]]],[[[121.88299,24.91607],[121.88303,24.91608],[121.88306,24.91607],[121.88308,24.91604],[121.88309,24.91601],[121.88307,24.91598],[121.88303,24.91594],[121.88299,24.91593],[121.88295,24.91596],[121.88294,24.916],[121.88295,24.91604],[121.88299,24.91607]]],[[[121.88287,24.9155],[121.88291,24.91548],[121.88293,24.91544],[121.8829,24.91541],[121.88286,24.9154],[121.88284,24.91541],[121.88283,24.91545],[121.88283,24.91548],[121.88287,24.9155]]],[[[121.88277,24.91508],[121.88281,24.91507],[121.88284,24.91504],[121.88285,24.91501],[121.88285,24.91498],[121.88282,24.91495],[121.88278,24.91493],[121.88274,24.91493],[121.88271,24.91495],[121.8827,24.91498],[121.8827,24.91502],[121.88273,24.91506],[121.88277,24.91508]]],[[[121.87892,24.91263],[121.87895,24.91262],[121.87895,24.9126],[121.87895,24.91258],[121.87895,24.91257],[121.87886,24.9125],[121.87884,24.91249],[121.87882,24.9125],[121.87881,24.91252],[121.87881,24.91255],[121.87883,24.91256],[121.87889,24.91261],[121.87892,24.91263]]],[[[121.87535,24.90926],[121.87538,24.90927],[121.8754,24.90926],[121.87541,24.90923],[121.8754,24.9092],[121.87535,24.90916],[121.8753,24.90914],[121.87527,24.90915],[121.87526,24.90917],[121.87527,24.9092],[121.87531,24.90924],[121.87535,24.90926]]],[[[121.87525,24.90877],[121.87529,24.90877],[121.87531,24.90876],[121.87532,24.90872],[121.87531,24.90869],[121.87528,24.90866],[121.87524,24.90865],[121.87521,24.90865],[121.8752,24.90868],[121.8752,24.90871],[121.87521,24.90874],[121.87525,24.90877]]],[[[121.85784,24.89336],[121.85787,24.89337],[121.85789,24.89337],[121.85804,24.89323],[121.85805,24.89321],[121.85806,24.89288],[121.85805,24.89286],[121.85803,24.89284],[121.8579,24.89277],[121.85787,24.89276],[121.85784,24.89276],[121.85743,24.89289],[121.85742,24.89291],[121.85742,24.89293],[121.85784,24.89336]]],[[[121.85631,24.89268],[121.85639,24.8925],[121.85639,24.89248],[121.85638,24.89245],[121.85599,24.89208],[121.85596,24.89207],[121.85592,24.89208],[121.85591,24.89211],[121.8559,24.89227],[121.85591,24.89233],[121.85602,24.89252],[121.85627,24.89269],[121.85629,24.89269],[121.85631,24.89268]]],[[[121.85504,24.89202],[121.85506,24.89203],[121.8551,24.89202],[121.85513,24.892],[121.85513,24.89197],[121.85509,24.89196],[121.85506,24.89197],[121.85504,24.89199],[121.85504,24.89202]]],[[[121.85444,24.89174],[121.85447,24.89176],[121.8545,24.89176],[121.85454,24.89174],[121.85479,24.89153],[121.85491,24.89136],[121.85492,24.89133],[121.85491,24.89131],[121.85489,24.89129],[121.85458,24.89125],[121.85455,24.89125],[121.85452,24.89128],[121.85434,24.89146],[121.85433,24.89149],[121.85433,24.89153],[121.85444,24.89174]]],[[[121.85391,24.89138],[121.85394,24.89134],[121.85395,24.89131],[121.85394,24.89129],[121.85392,24.89129],[121.85389,24.8913],[121.85386,24.89136],[121.85386,24.89139],[121.85388,24.89139],[121.85391,24.89138]]],[[[121.85313,24.89149],[121.85315,24.89152],[121.85317,24.89153],[121.85323,24.89152],[121.85326,24.89149],[121.85328,24.89148],[121.85338,24.8911],[121.85329,24.891],[121.85326,24.891],[121.85324,24.89102],[121.85313,24.89149]]],[[[121.85004,24.88656],[121.85006,24.88657],[121.85037,24.88653],[121.85072,24.88648],[121.85119,24.88637],[121.85123,24.88635],[121.85122,24.88632],[121.85117,24.88629],[121.85066,24.88616],[121.85015,24.88603],[121.84993,24.88597],[121.8499,24.88596],[121.84987,24.88598],[121.8497,24.88607],[121.84968,24.88609],[121.84967,24.88611],[121.84968,24.88614],[121.84978,24.88626],[121.85004,24.88656]]],[[[121.84972,24.88587],[121.84974,24.88585],[121.84979,24.88572],[121.84984,24.88535],[121.84984,24.88525],[121.84983,24.88518],[121.84979,24.88513],[121.84973,24.88509],[121.84911,24.88493],[121.84907,24.88493],[121.84904,24.88495],[121.84903,24.88498],[121.84903,24.88502],[121.84913,24.88532],[121.84916,24.8854],[121.84941,24.88579],[121.84943,24.88582],[121.84953,24.88587],[121.84969,24.88589],[121.84972,24.88587]]],[[[121.84861,24.8846],[121.84863,24.88458],[121.84863,24.88455],[121.84861,24.88454],[121.84859,24.88454],[121.84854,24.88455],[121.84853,24.88457],[121.84853,24.8846],[121.84855,24.88461],[121.84857,24.88462],[121.84861,24.8846]]],[[[121.84914,24.88446],[121.84915,24.88442],[121.84913,24.88427],[121.84911,24.88423],[121.84908,24.88422],[121.84905,24.88422],[121.84904,24.88424],[121.84903,24.88429],[121.84905,24.88447],[121.84907,24.88449],[121.8491,24.88449],[121.84913,24.88448],[121.84914,24.88446]]],[[[121.84981,24.88421],[121.84982,24.88419],[121.84983,24.88416],[121.84983,24.88411],[121.84982,24.88409],[121.8498,24.88409],[121.84978,24.88409],[121.84976,24.88411],[121.84975,24.88413],[121.84975,24.88419],[121.84977,24.88421],[121.84979,24.88422],[121.84981,24.88421]]],[[[121.84874,24.88401],[121.84876,24.88402],[121.84878,24.88401],[121.84878,24.88399],[121.84876,24.88396],[121.84873,24.88394],[121.84869,24.88394],[121.8487,24.88397],[121.84871,24.884],[121.84874,24.88401]]],[[[121.84856,24.88363],[121.84905,24.88315],[121.84906,24.88313],[121.84905,24.88311],[121.84902,24.88309],[121.84897,24.88309],[121.84894,24.88309],[121.84848,24.88352],[121.84847,24.88355],[121.84847,24.88359],[121.84848,24.88361],[121.8485,24.88363],[121.84853,24.88363],[121.84856,24.88363]]],[[[121.96412,24.83716],[121.96408,24.83717],[121.96404,24.83715],[121.96402,24.83713],[121.96401,24.83711],[121.96405,24.83693],[121.96405,24.83685],[121.96403,24.83673],[121.964,24.83667],[121.96392,24.83659],[121.96366,24.83638],[121.96291,24.83595],[121.96252,24.83585],[121.96227,24.8357],[121.962,24.83559],[121.96169,24.83536],[121.96122,24.83524],[121.96123,24.83517],[121.96118,24.83507],[121.96105,24.83502],[121.96094,24.83506],[121.96076,24.83524],[121.96054,24.8352],[121.96043,24.83525],[121.96024,24.83546],[121.95998,24.83559],[121.95974,24.8357],[121.9597,24.83585],[121.95975,24.83599],[121.95974,24.83614],[121.95966,24.8362],[121.95941,24.83634],[121.95928,24.83635],[121.95922,24.83646],[121.95908,24.83653],[121.95889,24.83674],[121.9588,24.83677],[121.9587,24.83672],[121.95857,24.83674],[121.95844,24.83669],[121.95833,24.83672],[121.95825,24.83668],[121.95779,24.83705],[121.95768,24.83708],[121.95756,24.83716],[121.95669,24.83729],[121.95633,24.83727],[121.95617,24.83718],[121.95598,24.83695],[121.9559,24.8369],[121.95551,24.83685],[121.95488,24.8367],[121.95455,24.83655],[121.9542,24.83664],[121.95406,24.83662],[121.95387,24.83677],[121.9535,24.83698],[121.95343,24.83697],[121.9526,24.83671],[121.9525,24.83662],[121.95215,24.83649],[121.95141,24.83606],[121.95095,24.83628],[121.95051,24.83678],[121.94987,24.83668],[121.94954,24.83661],[121.94919,24.83648],[121.94893,24.83646],[121.94874,24.83637],[121.94847,24.83617],[121.9483,24.83623],[121.94803,24.83628],[121.94766,24.83608],[121.94755,24.83606],[121.94749,24.8361],[121.94752,24.8363],[121.94749,24.83634],[121.94734,24.83636],[121.94727,24.8365],[121.947,24.83666],[121.94665,24.83674],[121.94646,24.83675],[121.94604,24.8367],[121.94586,24.83662],[121.94574,24.83661],[121.94485,24.83676],[121.94478,24.83692],[121.94458,24.83717],[121.94426,24.83734],[121.94422,24.83751],[121.94412,24.83768],[121.94381,24.83771],[121.94358,24.83769],[121.94331,24.83761],[121.9432,24.83754],[121.94315,24.83754],[121.94307,24.83759],[121.94296,24.83751],[121.94287,24.83757],[121.94278,24.83753],[121.9427,24.83758],[121.94254,24.8376],[121.94246,24.83765],[121.94221,24.8377],[121.9419,24.83781],[121.94174,24.83797],[121.94165,24.83795],[121.94157,24.83796],[121.94156,24.83807],[121.94126,24.83834],[121.94071,24.83906],[121.94066,24.83926],[121.94052,24.83943],[121.94032,24.83961],[121.9401,24.83996],[121.94012,24.8404],[121.93937,24.84197],[121.93886,24.84285],[121.93856,24.84324],[121.93841,24.84351],[121.93819,24.84371],[121.93755,24.84416],[121.93719,24.84437],[121.93692,24.84448],[121.9367,24.84467],[121.93561,24.84535],[121.93532,24.84561],[121.93516,24.84567],[121.93466,24.84607],[121.93452,24.84622],[121.93439,24.84643],[121.93441,24.84651],[121.93445,24.84652],[121.93469,24.84627],[121.93579,24.84549],[121.93686,24.84488],[121.93747,24.84462],[121.93883,24.84412],[121.94061,24.84355],[121.94094,24.84348],[121.94126,24.84337],[121.94188,24.84324],[121.94251,24.84317],[121.94311,24.84315],[121.94341,24.84318],[121.94378,24.84325],[121.94393,24.84331],[121.9441,24.84345],[121.94435,24.84394],[121.94454,24.84419],[121.94453,24.84437],[121.94464,24.84452],[121.94462,24.84467],[121.94478,24.84485],[121.94469,24.84514],[121.94478,24.84527],[121.94494,24.8453],[121.94505,24.84536],[121.94504,24.8455],[121.94518,24.84564],[121.94521,24.84586],[121.94528,24.84596],[121.9454,24.84623],[121.94538,24.84633],[121.94541,24.84638],[121.94553,24.84647],[121.94571,24.8469],[121.94576,24.84707],[121.94573,24.84723],[121.94579,24.84739],[121.94581,24.84768],[121.94602,24.84789],[121.94623,24.84821],[121.94668,24.84861],[121.94695,24.84877],[121.94701,24.84893],[121.94718,24.8491],[121.94748,24.84971],[121.9477,24.84995],[121.94786,24.8501],[121.94805,24.85017],[121.94825,24.85036],[121.94844,24.85039],[121.9486,24.85034],[121.94879,24.85034],[121.94909,24.85041],[121.94923,24.85048],[121.94939,24.85061],[121.94989,24.85062],[121.95008,24.85068],[121.95028,24.85066],[121.95055,24.85078],[121.95062,24.85077],[121.95067,24.85071],[121.95082,24.85071],[121.95091,24.85064],[121.95099,24.85061],[121.95151,24.85085],[121.95158,24.85083],[121.95204,24.85047],[121.95218,24.85048],[121.95264,24.85031],[121.95275,24.85034],[121.95292,24.85032],[121.95313,24.85018],[121.95328,24.85015],[121.95345,24.85002],[121.95354,24.84999],[121.95379,24.84997],[121.95393,24.84998],[121.95413,24.84993],[121.95434,24.84996],[121.95445,24.84988],[121.95454,24.84989],[121.95465,24.84978],[121.9547,24.84978],[121.95476,24.84983],[121.95489,24.84974],[121.955,24.84977],[121.95522,24.84967],[121.95528,24.84968],[121.95534,24.84962],[121.95548,24.84963],[121.95552,24.84955],[121.95565,24.84946],[121.9558,24.84951],[121.95586,24.84949],[121.95596,24.84938],[121.95616,24.84932],[121.95626,24.84924],[121.95646,24.84916],[121.9566,24.84894],[121.95674,24.8489],[121.95687,24.84873],[121.95718,24.84852],[121.95737,24.84828],[121.95749,24.8482],[121.95757,24.84804],[121.95775,24.84784],[121.95808,24.84763],[121.95824,24.84739],[121.95832,24.8474],[121.95844,24.84751],[121.95853,24.84746],[121.95843,24.84715],[121.95857,24.84708],[121.95862,24.84703],[121.95864,24.84692],[121.95882,24.8468],[121.95892,24.84665],[121.95914,24.84651],[121.95954,24.84598],[121.95955,24.84586],[121.95963,24.84582],[121.95976,24.84547],[121.95999,24.84527],[121.96003,24.84479],[121.95981,24.84461],[121.95965,24.84442],[121.95959,24.84424],[121.95961,24.844],[121.95981,24.84344],[121.9599,24.84281],[121.95994,24.8427],[121.96005,24.84258],[121.96022,24.8425],[121.96039,24.84213],[121.96068,24.84175],[121.96076,24.84156],[121.96093,24.8414],[121.96111,24.84113],[121.96126,24.84099],[121.96138,24.84079],[121.96155,24.84073],[121.96163,24.84059],[121.9618,24.84049],[121.96187,24.84036],[121.9622,24.8402],[121.96261,24.84007],[121.96286,24.84005],[121.96307,24.84011],[121.9634,24.84035],[121.96359,24.84039],[121.96393,24.84033],[121.96421,24.84013],[121.96422,24.83989],[121.96413,24.83967],[121.96417,24.83957],[121.96419,24.83937],[121.96431,24.83906],[121.96431,24.83903],[121.96424,24.83901],[121.96422,24.83888],[121.96408,24.83862],[121.96395,24.83788],[121.96396,24.8378],[121.96396,24.83777],[121.96389,24.8377],[121.96388,24.83764],[121.96389,24.83755],[121.96395,24.83739],[121.96396,24.83736],[121.96398,24.83734],[121.96401,24.83734],[121.96405,24.83735],[121.96408,24.83735],[121.96409,24.83734],[121.96409,24.83725],[121.9641,24.83724],[121.96412,24.83724],[121.96429,24.83733],[121.96431,24.83733],[121.96432,24.83732],[121.96432,24.8373],[121.9643,24.83728],[121.9642,24.83722],[121.96419,24.83721],[121.96419,24.8372],[121.9642,24.83714],[121.96418,24.83713],[121.96416,24.83713],[121.96412,24.83716]]],[[[121.96459,24.83927],[121.9646,24.83923],[121.9646,24.8392],[121.96458,24.83918],[121.96455,24.83918],[121.96452,24.83921],[121.9645,24.83928],[121.96452,24.8393],[121.96455,24.83931],[121.96457,24.8393],[121.96459,24.83927]]],[[[121.96442,24.8387],[121.96446,24.83869],[121.96452,24.83864],[121.96454,24.83844],[121.96453,24.83807],[121.96452,24.83804],[121.96439,24.83798],[121.96437,24.83798],[121.96435,24.838],[121.96435,24.83804],[121.9644,24.83863],[121.96441,24.83867],[121.96442,24.8387]]],[[[121.96444,24.83724],[121.96447,24.83722],[121.96447,24.8372],[121.96444,24.83718],[121.9644,24.83718],[121.96437,24.8372],[121.96436,24.83722],[121.96437,24.83723],[121.9644,24.83724],[121.96444,24.83724]]],[[[121.88064,24.60556],[121.88055,24.60554],[121.88051,24.60557],[121.88051,24.60562],[121.88053,24.60565],[121.88059,24.60566],[121.88064,24.60565],[121.88066,24.6056],[121.88064,24.60556]]],[[[121.88167,24.60509],[121.88172,24.60509],[121.88176,24.60508],[121.88189,24.60497],[121.88193,24.60494],[121.88192,24.60489],[121.88189,24.60486],[121.88183,24.60485],[121.88159,24.60484],[121.88155,24.60486],[121.88153,24.6049],[121.88154,24.60495],[121.88164,24.60506],[121.88167,24.60509]]],[[[121.8893,24.60524],[121.89008,24.605],[121.89013,24.60497],[121.89016,24.60492],[121.89024,24.60466],[121.89024,24.6046],[121.89022,24.60453],[121.89019,24.60449],[121.89012,24.60448],[121.89007,24.6045],[121.88976,24.60463],[121.88943,24.6048],[121.88941,24.60483],[121.88925,24.60516],[121.88924,24.60521],[121.88926,24.60524],[121.8893,24.60524]]],[[[121.88726,24.60352],[121.88734,24.60351],[121.88747,24.60342],[121.88749,24.60335],[121.88743,24.6033],[121.88736,24.6033],[121.88726,24.60332],[121.8872,24.60336],[121.88718,24.60342],[121.88721,24.60348],[121.88726,24.60352]]],[[[121.9016,24.59984],[121.90171,24.59981],[121.90181,24.5998],[121.90264,24.59966],[121.9027,24.59964],[121.90275,24.59962],[121.90287,24.59951],[121.90287,24.59947],[121.90285,24.59943],[121.90282,24.5994],[121.90272,24.59938],[121.90268,24.59936],[121.90258,24.59931],[121.9025,24.5993],[121.90171,24.59958],[121.90164,24.5996],[121.90159,24.59965],[121.90156,24.59972],[121.90154,24.59978],[121.90156,24.59983],[121.9016,24.59984]]],[[[121.87017,24.56952],[121.8703,24.56943],[121.87029,24.56941],[121.87026,24.56941],[121.87015,24.56942],[121.86999,24.56949],[121.86998,24.56952],[121.86999,24.56955],[121.87002,24.56956],[121.87017,24.56952]]],[[[121.87496,24.54562],[121.87497,24.54559],[121.87496,24.54556],[121.87496,24.54553],[121.87497,24.5455],[121.875,24.54545],[121.875,24.5454],[121.87494,24.54532],[121.87492,24.5453],[121.87492,24.54528],[121.87492,24.54525],[121.87498,24.54516],[121.87499,24.54511],[121.87498,24.54507],[121.87494,24.54501],[121.87487,24.54499],[121.87474,24.545],[121.87461,24.54502],[121.87452,24.54507],[121.87448,24.54513],[121.87447,24.54518],[121.87448,24.54524],[121.87451,24.54531],[121.87451,24.54535],[121.8745,24.54544],[121.8745,24.54554],[121.87446,24.54566],[121.87445,24.54571],[121.87448,24.54575],[121.87453,24.54579],[121.87459,24.5458],[121.87466,24.54579],[121.87473,24.54578],[121.87479,24.54575],[121.87486,24.54568],[121.87492,24.54564],[121.87496,24.54562]]],[[[121.87406,24.54417],[121.87414,24.5441],[121.87418,24.54407],[121.87426,24.54405],[121.8743,24.54403],[121.87434,24.54401],[121.87435,24.54398],[121.87436,24.54391],[121.87439,24.54385],[121.87439,24.54381],[121.87438,24.54378],[121.87434,24.54374],[121.8743,24.54374],[121.87426,24.54375],[121.87416,24.5438],[121.8741,24.54381],[121.87407,24.54382],[121.87405,24.54384],[121.87403,24.54391],[121.874,24.54395],[121.87398,24.54398],[121.87395,24.54404],[121.87393,24.5441],[121.87394,24.54414],[121.87395,24.54416],[121.87398,24.54418],[121.87401,24.54418],[121.87406,24.54417]]],[[[121.84525,24.64464],[121.85001,24.63351],[121.8568,24.61945],[121.86928,24.60855],[121.88015,24.60515],[121.88465,24.60256],[121.88479,24.60026],[121.88605,24.59934],[121.88439,24.59918],[121.87948,24.6012],[121.85837,24.59794],[121.86541,24.5814],[121.86998,24.58439],[121.87433,24.58587],[121.87507,24.58278],[121.87677,24.58049],[121.87673,24.57829],[121.87397,24.57741],[121.86946,24.5704],[121.87102,24.56414],[121.87088,24.55666],[121.87158,24.55187],[121.87306,24.54689],[121.87238,24.541],[121.87338,24.53611],[121.87272,24.53324],[121.87087,24.53099],[121.86892,24.5284],[121.86593,24.5279],[121.86235,24.52837],[121.85912,24.52694],[121.84132,24.51975],[121.84894,24.49559],[121.86144,24.48175],[121.83828,24.47242],[121.81768,24.45112],[121.79373,24.41805],[121.78776,24.37962],[121.77856,24.35555],[121.75959,24.31406],[121.7207,24.32588],[121.68543,24.34074],[121.66499,24.34812],[121.65348,24.3564],[121.64464,24.35269],[121.63052,24.36712],[121.62248,24.36092],[121.63566,24.34525],[121.62663,24.33625],[121.61683,24.33672],[121.60312,24.32932],[121.60137,24.32316],[121.60016,24.31509],[121.57455,24.31959],[121.55245,24.33302],[121.52361,24.34276],[121.49876,24.33928],[121.4756,24.3513],[121.44707,24.37529],[121.41815,24.37964],[121.39422,24.3781],[121.36867,24.37262],[121.36031,24.39058],[121.3345,24.3937],[121.32674,24.4169],[121.31784,24.44432],[121.33588,24.47225],[121.35838,24.48736],[121.37973,24.50959],[121.39811,24.52527],[121.39534,24.55334],[121.41233,24.57344],[121.41232,24.60101],[121.42894,24.6097],[121.43657,24.62826],[121.45137,24.65108],[121.46745,24.67226],[121.49308,24.67324],[121.51396,24.68412],[121.53706,24.6891],[121.54823,24.70613],[121.57328,24.71035],[121.59431,24.72604],[121.59374,24.74163],[121.59054,24.75837],[121.59296,24.78614],[121.61673,24.79393],[121.6289,24.80805],[121.65314,24.81128],[121.67351,24.81445],[121.68702,24.81671],[121.69455,24.82921],[121.7071,24.83823],[121.72131,24.84904],[121.74293,24.85245],[121.7594,24.85673],[121.76883,24.86588],[121.78199,24.87343],[121.78218,24.88747],[121.7921,24.89752],[121.8045,24.90116],[121.81774,24.90287],[121.83414,24.90687],[121.8508,24.92339],[121.8474,24.93633],[121.84127,24.95284],[121.85381,24.95995],[121.87482,24.96169],[121.89711,24.96699],[121.9115,24.97726],[121.9326,24.98106],[121.94759,24.98666],[121.96509,24.98433],[121.96204,24.98267],[121.95889,24.98236],[121.95473,24.98097],[121.95315,24.98],[121.95014,24.9796],[121.9489,24.9788],[121.94316,24.97502],[121.94202,24.97355],[121.93941,24.97354],[121.9367,24.97341],[121.93107,24.97177],[121.92202,24.9628],[121.92203,24.96191],[121.92098,24.9595],[121.91957,24.9583],[121.91973,24.95557],[121.91801,24.9538],[121.91693,24.95219],[121.91496,24.95212],[121.91094,24.95078],[121.90837,24.94871],[121.90414,24.94467],[121.90422,24.94104],[121.90342,24.9411],[121.89801,24.94159],[121.88569,24.93079],[121.88718,24.9273],[121.88554,24.92413],[121.88467,24.92185],[121.88476,24.92052],[121.88515,24.91871],[121.88354,24.91668],[121.88271,24.91596],[121.88157,24.915],[121.87897,24.91306],[121.8783,24.91247],[121.87784,24.91146],[121.87749,24.91031],[121.87571,24.90978],[121.87439,24.9083],[121.87198,24.90373],[121.87015,24.90411],[121.86721,24.90334],[121.86336,24.8987],[121.85922,24.89463],[121.85725,24.89292],[121.85506,24.89228],[121.8493,24.88565],[121.84076,24.86824],[121.83722,24.86561],[121.83332,24.85743],[121.82555,24.83459],[121.82282,24.8201],[121.82156,24.81328],[121.81989,24.80245],[121.81854,24.79135],[121.81809,24.78219],[121.81824,24.77226],[121.81864,24.76384],[121.82037,24.75161],[121.82272,24.74205],[121.82773,24.72943],[121.83235,24.72113],[121.83689,24.70639],[121.83633,24.70163],[121.83679,24.69124],[121.83807,24.6738],[121.84347,24.64993],[121.84525,24.64464]]]]}},{"properties":{"COUNTYSN":"63000001","COUNTYNAME":"台北市","name":"台北市"},"type":"Feature","geometry":{"type":"Polygon","coordinates":[[[121.55916,25.21013],[121.5633,25.20667],[121.56484,25.20102],[121.5688,25.19849],[121.57082,25.19637],[121.57543,25.19557],[121.57778,25.19473],[121.58052,25.19537],[121.58339,25.19431],[121.58377,25.19183],[121.58386,25.1897],[121.58301,25.18859],[121.58179,25.18619],[121.58174,25.18344],[121.58159,25.18009],[121.58349,25.17687],[121.58185,25.17407],[121.57841,25.17088],[121.5773,25.16678],[121.58317,25.16578],[121.58629,25.16355],[121.58933,25.16349],[121.59177,25.15748],[121.59069,25.15439],[121.59183,25.15095],[121.59541,25.14627],[121.59686,25.14266],[121.60054,25.13935],[121.60391,25.13655],[121.60537,25.13636],[121.60459,25.13166],[121.60749,25.12915],[121.60378,25.12576],[121.60117,25.12435],[121.59932,25.12042],[121.59745,25.1161],[121.59609,25.11277],[121.59909,25.1089],[121.6029,25.10818],[121.60837,25.10654],[121.61525,25.10395],[121.61797,25.10088],[121.62188,25.09768],[121.62623,25.09604],[121.62631,25.09147],[121.62827,25.08709],[121.62792,25.08373],[121.62505,25.08097],[121.62388,25.0787],[121.62333,25.0773],[121.62326,25.07507],[121.62346,25.07454],[121.62271,25.0738],[121.62183,25.07463],[121.62076,25.07239],[121.62147,25.06956],[121.619,25.06809],[121.61794,25.06648],[121.61676,25.06586],[121.62008,25.062],[121.62424,25.05575],[121.62116,25.05667],[121.62105,25.05407],[121.6165,25.05085],[121.61957,25.04302],[121.62435,25.03941],[121.62676,25.03781],[121.63019,25.03511],[121.63391,25.03497],[121.63689,25.0341],[121.64034,25.03198],[121.64273,25.03097],[121.6452,25.02967],[121.64662,25.02804],[121.64891,25.02795],[121.65166,25.02807],[121.65398,25.02788],[121.65718,25.02824],[121.66294,25.03022],[121.66541,25.02982],[121.66489,25.02722],[121.66407,25.02328],[121.65839,25.0235],[121.65382,25.02444],[121.6487,25.02289],[121.64453,25.02381],[121.63824,25.02381],[121.63566,25.02322],[121.63396,25.02483],[121.63028,25.0232],[121.6278,25.01951],[121.62349,25.01735],[121.62009,25.01839],[121.61616,25.01968],[121.61245,25.01961],[121.6092,25.02094],[121.60354,25.01803],[121.6016,25.01512],[121.59739,25.01466],[121.59639,25.01142],[121.59597,25.00597],[121.59788,25.00411],[121.6005,24.99847],[121.59847,24.9955],[121.59903,24.99171],[121.60181,24.98883],[121.59983,24.98633],[121.60053,24.97984],[121.60056,24.97666],[121.60616,24.97447],[121.61108,24.97456],[121.6138,24.97344],[121.61813,24.97088],[121.61956,24.96861],[121.61706,24.96749],[121.61313,24.96615],[121.60815,24.96304],[121.60408,24.96238],[121.60025,24.96117],[121.59721,24.96049],[121.59399,24.96312],[121.58989,24.96382],[121.58564,24.96323],[121.58055,24.96542],[121.57472,24.9669],[121.57214,24.964],[121.56593,24.96424],[121.56235,24.96479],[121.55854,24.9683],[121.55613,24.97331],[121.55387,24.97709],[121.55389,24.98428],[121.55138,24.98735],[121.55063,24.9851],[121.54473,24.98389],[121.54417,24.9882],[121.53661,24.98932],[121.53527,24.99512],[121.5277,24.98699],[121.52957,24.99429],[121.53264,25.00509],[121.53018,25.00991],[121.52126,25.01793],[121.51116,25.02182],[121.5016,25.01334],[121.49286,25.00936],[121.48818,25.01544],[121.48859,25.02192],[121.48915,25.03848],[121.50203,25.04698],[121.50546,25.05762],[121.50625,25.07392],[121.49333,25.09282],[121.48229,25.10031],[121.46636,25.10166],[121.45707,25.10886],[121.4602,25.11862],[121.46155,25.12337],[121.46473,25.12535],[121.46616,25.13213],[121.46851,25.135],[121.47244,25.139],[121.47655,25.14303],[121.48062,25.14688],[121.48694,25.1511],[121.48855,25.15416],[121.49188,25.15963],[121.49765,25.16388],[121.50099,25.16877],[121.50212,25.17175],[121.50486,25.17323],[121.50618,25.17103],[121.51175,25.16985],[121.51736,25.17004],[121.52121,25.17229],[121.52233,25.17606],[121.52171,25.17913],[121.52931,25.18303],[121.53572,25.18651],[121.53929,25.18708],[121.54287,25.19025],[121.5449,25.19572],[121.54784,25.19768],[121.55191,25.19782],[121.5524,25.20114],[121.5531,25.2042],[121.55521,25.20852],[121.55916,25.21013]]]}},{"properties":{"COUNTYSN":"10009001","COUNTYNAME":"雲林縣","name":"雲林縣"},"type":"Feature","geometry":{"type":"MultiPolygon","coordinates":[[[[120.1301,23.5689],[120.12985,23.56916],[120.12972,23.57019],[120.12969,23.57028],[120.12935,23.57071],[120.12919,23.57157],[120.12913,23.57171],[120.12882,23.57206],[120.12866,23.57212],[120.12838,23.57217],[120.12832,23.57223],[120.12816,23.57283],[120.12788,23.57297],[120.12735,23.57332],[120.12729,23.5734],[120.12735,23.57366],[120.12744,23.57375],[120.12807,23.57375],[120.12838,23.57392],[120.12847,23.57464],[120.12834,23.57484],[120.12834,23.57495],[120.1285,23.57507],[120.12896,23.57513],[120.12934,23.57564],[120.12946,23.57576],[120.12958,23.57579],[120.12974,23.57591],[120.13033,23.57665],[120.13036,23.57674],[120.13033,23.57751],[120.13039,23.57772],[120.13058,23.578],[120.13163,23.57872],[120.13219,23.57895],[120.13235,23.57895],[120.13241,23.57892],[120.13266,23.57863],[120.13257,23.578],[120.13244,23.57752],[120.13223,23.577],[120.13213,23.57651],[120.13213,23.57637],[120.13232,23.57551],[120.13254,23.57494],[120.13251,23.5737],[120.13205,23.57309],[120.13196,23.57289],[120.13183,23.57241],[120.13183,23.57209],[120.1319,23.57189],[120.1319,23.57155],[120.1318,23.57123],[120.13109,23.57069],[120.13106,23.57063],[120.131,23.57023],[120.13044,23.5698],[120.13038,23.56899],[120.1301,23.5689]]],[[[120.10812,23.53962],[120.10778,23.5397],[120.10709,23.5403],[120.10598,23.54028],[120.10573,23.54048],[120.10565,23.54059],[120.10564,23.5424],[120.10554,23.54262],[120.10547,23.54268],[120.10448,23.54305],[120.1037,23.54377],[120.10367,23.54382],[120.10367,23.54399],[120.1037,23.54406],[120.1042,23.54443],[120.10429,23.54454],[120.1045,23.54509],[120.10441,23.54615],[120.10444,23.5462],[120.10494,23.54655],[120.105,23.54667],[120.10506,23.54796],[120.10636,23.54971],[120.10738,23.55082],[120.10971,23.55292],[120.11104,23.55375],[120.1112,23.55392],[120.11123,23.55424],[120.11113,23.5547],[120.11135,23.55522],[120.11144,23.55533],[120.11178,23.55556],[120.11225,23.55571],[120.11253,23.55571],[120.11355,23.5556],[120.11399,23.55559],[120.11473,23.55569],[120.11492,23.55577],[120.11511,23.55597],[120.11517,23.55614],[120.11517,23.55638],[120.11532,23.55655],[120.11576,23.5566],[120.117,23.5565],[120.11999,23.55651],[120.12017,23.55647],[120.12045,23.55601],[120.12052,23.55598],[120.12145,23.5561],[120.12201,23.55639],[120.12238,23.55676],[120.12288,23.55696],[120.12294,23.55733],[120.12291,23.55739],[120.12275,23.55754],[120.12231,23.55779],[120.12194,23.55793],[120.12191,23.55827],[120.12281,23.55859],[120.12303,23.55879],[120.12312,23.5592],[120.1236,23.55955],[120.1236,23.561],[120.12374,23.56129],[120.1238,23.56135],[120.12411,23.56149],[120.1243,23.56166],[120.12436,23.56178],[120.12439,23.56207],[120.12429,23.56267],[120.12448,23.5629],[120.12576,23.56314],[120.12594,23.56319],[120.12619,23.56336],[120.12625,23.56348],[120.12625,23.56365],[120.12638,23.56376],[120.12697,23.56374],[120.12712,23.56368],[120.12771,23.56325],[120.12827,23.56334],[120.12886,23.56383],[120.12896,23.56386],[120.12939,23.5638],[120.13079,23.56378],[120.13092,23.56371],[120.13104,23.5636],[120.1312,23.56308],[120.13142,23.56309],[120.13148,23.56311],[120.13176,23.56355],[120.13191,23.56369],[120.13216,23.56386],[120.13216,23.56406],[120.13225,23.56424],[120.13244,23.56435],[120.13275,23.56435],[120.13303,23.56386],[120.13303,23.56352],[120.13297,23.56346],[120.13232,23.56314],[120.13219,23.56303],[120.13182,23.56243],[120.1307,23.56208],[120.13067,23.56205],[120.13058,23.56174],[120.13058,23.56147],[120.13067,23.56128],[120.13077,23.56042],[120.13114,23.56004],[120.13201,23.55982],[120.13242,23.55951],[120.13239,23.55924],[120.13214,23.55916],[120.13149,23.5597],[120.13102,23.5597],[120.1308,23.55964],[120.13071,23.55952],[120.13068,23.55935],[120.13084,23.55832],[120.1309,23.55821],[120.13161,23.55758],[120.13168,23.55746],[120.13168,23.55721],[120.13084,23.55594],[120.12982,23.55502],[120.12988,23.55405],[120.13004,23.55396],[120.1305,23.55391],[120.13063,23.55367],[120.13019,23.55322],[120.13016,23.55313],[120.13013,23.55261],[120.13016,23.55256],[120.13051,23.5523],[120.13054,23.55224],[120.13054,23.55204],[120.13048,23.55187],[120.13013,23.55141],[120.12986,23.55115],[120.12958,23.55107],[120.12948,23.55112],[120.12936,23.55129],[120.12926,23.5517],[120.1287,23.55175],[120.12855,23.55193],[120.12855,23.55201],[120.12876,23.55221],[120.12914,23.55233],[120.12929,23.55247],[120.12932,23.55262],[120.12926,23.55275],[120.12904,23.55301],[120.12886,23.5531],[120.12839,23.55313],[120.12814,23.5531],[120.12783,23.5533],[120.12808,23.55413],[120.12811,23.55434],[120.12807,23.55531],[120.12795,23.55619],[120.12766,23.55726],[120.12757,23.5574],[120.12648,23.55863],[120.12552,23.55883],[120.12539,23.55877],[120.12524,23.55863],[120.12505,23.55826],[120.12486,23.55808],[120.12465,23.55796],[120.1244,23.55771],[120.12418,23.55737],[120.12375,23.55697],[120.12365,23.55648],[120.12285,23.55645],[120.12272,23.55642],[120.12257,23.55627],[120.12254,23.55618],[120.12251,23.55561],[120.12254,23.5555],[120.12273,23.5553],[120.12344,23.55527],[120.12363,23.55521],[120.12388,23.55502],[120.12375,23.55461],[120.12338,23.55435],[120.1226,23.55444],[120.12248,23.55429],[120.12251,23.55332],[120.12254,23.55326],[120.12307,23.55289],[120.12301,23.55266],[120.12254,23.5524],[120.12108,23.55237],[120.12071,23.55217],[120.12059,23.55205],[120.12018,23.55145],[120.11984,23.5511],[120.11953,23.55085],[120.11947,23.55076],[120.11947,23.55053],[120.1195,23.55048],[120.11981,23.55022],[120.11984,23.55016],[120.11984,23.54999],[120.11981,23.54993],[120.11938,23.54953],[120.11926,23.54899],[120.11892,23.54884],[120.11823,23.54947],[120.11783,23.54907],[120.1173,23.54892],[120.11705,23.54926],[120.11677,23.5495],[120.11667,23.54952],[120.11652,23.54949],[120.11636,23.54935],[120.11627,23.54915],[120.11624,23.54898],[120.11615,23.54886],[120.11584,23.54875],[120.11512,23.54803],[120.11506,23.54782],[120.115,23.54711],[120.11503,23.54682],[120.11507,23.54677],[120.1155,23.54645],[120.11556,23.54636],[120.11556,23.54622],[120.11547,23.54608],[120.11538,23.54602],[120.11513,23.54599],[120.11482,23.54608],[120.11454,23.54628],[120.1142,23.54642],[120.11404,23.54642],[120.11395,23.54634],[120.11376,23.54588],[120.11367,23.54579],[120.11354,23.54577],[120.11342,23.54585],[120.11308,23.54642],[120.11249,23.54647],[120.11221,23.54636],[120.11202,23.54619],[120.1119,23.54596],[120.11174,23.54582],[120.11162,23.54576],[120.11134,23.54579],[120.11106,23.54593],[120.11062,23.54593],[120.11038,23.54584],[120.1101,23.54567],[120.10948,23.54512],[120.10941,23.54501],[120.10935,23.54472],[120.10939,23.5434],[120.10964,23.54257],[120.10985,23.54238],[120.10998,23.54231],[120.11063,23.54225],[120.11069,23.5422],[120.11063,23.5418],[120.10952,23.54145],[120.10917,23.54152],[120.10899,23.54128],[120.10887,23.54028],[120.10812,23.53962]]],[[[120.13186,23.53013],[120.1303,23.53013],[120.12862,23.53025],[120.12782,23.53022],[120.12729,23.53012],[120.1271,23.53016],[120.12682,23.53033],[120.12676,23.53041],[120.12676,23.53079],[120.12663,23.53093],[120.12629,23.53101],[120.12601,23.53102],[120.12573,23.53107],[120.12564,23.53116],[120.12561,23.53133],[120.1257,23.53153],[120.12576,23.53159],[120.12644,23.53179],[120.12666,23.53211],[120.12703,23.53285],[120.12722,23.53391],[120.12719,23.53426],[120.12709,23.53443],[120.127,23.53452],[120.12675,23.5346],[120.12619,23.53459],[120.1261,23.53468],[120.1261,23.53486],[120.12613,23.53495],[120.12681,23.53584],[120.1278,23.53598],[120.1279,23.53624],[120.12762,23.53649],[120.12718,23.53658],[120.12693,23.53672],[120.12674,23.53692],[120.12681,23.53723],[120.12709,23.53735],[120.12733,23.53753],[120.12721,23.53787],[120.12736,23.53804],[120.12867,23.53796],[120.12876,23.53799],[120.12898,23.53819],[120.12898,23.53842],[120.12879,23.53884],[120.1286,23.53919],[120.12845,23.53933],[120.12808,23.53947],[120.1278,23.53951],[120.12752,23.53951],[120.12711,23.53942],[120.12683,23.53945],[120.12665,23.53956],[120.12658,23.53967],[120.12658,23.53988],[120.12661,23.53993],[120.12711,23.54031],[120.12714,23.54077],[120.12677,23.5412],[120.12677,23.5414],[120.1268,23.54148],[120.12708,23.54171],[120.1272,23.54172],[120.12726,23.54177],[120.12742,23.54209],[120.12757,23.54223],[120.12788,23.54237],[120.12838,23.5424],[120.12869,23.54292],[120.12844,23.5432],[120.12642,23.54306],[120.12614,23.54337],[120.12611,23.54346],[120.12611,23.54415],[120.12617,23.54432],[120.12626,23.5444],[120.12635,23.54444],[120.12769,23.54441],[120.12807,23.54415],[120.12847,23.54375],[120.12912,23.54384],[120.1295,23.54409],[120.12965,23.54473],[120.13005,23.54505],[120.13009,23.54513],[120.13009,23.54553],[120.13024,23.54599],[120.13021,23.54642],[120.12943,23.54673],[120.12921,23.5469],[120.12921,23.54702],[120.12937,23.54716],[120.12968,23.54731],[120.13008,23.54742],[120.13027,23.54759],[120.1303,23.54768],[120.13027,23.54797],[120.13033,23.54808],[120.13045,23.54817],[120.13058,23.5482],[120.13179,23.54822],[120.13198,23.54817],[120.13226,23.54795],[120.13229,23.54788],[120.13232,23.547],[120.13235,23.54683],[120.13241,23.54671],[120.13251,23.54662],[120.13266,23.54662],[120.13279,23.54671],[120.133,23.54714],[120.13312,23.54745],[120.13351,23.54742],[120.13373,23.54759],[120.13379,23.54759],[120.13389,23.5475],[120.13392,23.54736],[120.13386,23.54647],[120.13392,23.54636],[120.13454,23.54589],[120.13451,23.54498],[120.13464,23.54477],[120.1347,23.54443],[120.13473,23.54365],[120.13535,23.54334],[120.13659,23.54343],[120.13675,23.5434],[120.1369,23.54329],[120.13693,23.54322],[120.13694,23.54291],[120.13675,23.54259],[120.13598,23.54185],[120.13592,23.54064],[120.13549,23.54006],[120.13487,23.53989],[120.13465,23.53972],[120.13428,23.53923],[120.13422,23.53905],[120.13419,23.53865],[120.13432,23.53765],[120.13428,23.53741],[120.13413,23.53692],[120.13395,23.53658],[120.13385,23.53648],[120.133,23.53601],[120.1325,23.53589],[120.13219,23.53544],[120.13228,23.53452],[120.13201,23.53415],[120.13129,23.53386],[120.13092,23.53334],[120.13083,23.53326],[120.13073,23.53323],[120.13058,23.53335],[120.13054,23.53352],[120.13042,23.53381],[120.13036,23.53386],[120.13011,23.53383],[120.12999,23.53371],[120.12999,23.53294],[120.12996,23.53288],[120.12977,23.53271],[120.12924,23.53251],[120.12893,23.53253],[120.12874,23.53268],[120.1284,23.53311],[120.12806,23.5332],[120.1275,23.53282],[120.1275,23.53236],[120.12778,23.53222],[120.12819,23.53191],[120.12903,23.53177],[120.12949,23.53107],[120.12965,23.53093],[120.12993,23.53081],[120.13033,23.53076],[120.1312,23.53082],[120.13248,23.5305],[120.13257,23.53031],[120.13229,23.53019],[120.13186,23.53013]]],[[[120.09745,23.52135],[120.09655,23.52141],[120.0963,23.52146],[120.09605,23.52163],[120.09593,23.52183],[120.09586,23.52201],[120.09592,23.52258],[120.09518,23.52418],[120.09499,23.52447],[120.09437,23.52512],[120.09353,23.52561],[120.09328,23.52635],[120.09278,23.52698],[120.09281,23.52724],[120.09299,23.52767],[120.09287,23.52779],[120.09274,23.52781],[120.09225,23.52782],[120.09216,23.52778],[120.092,23.52765],[120.09166,23.5273],[120.0915,23.52733],[120.09113,23.52776],[120.0911,23.52784],[120.0911,23.52818],[120.09088,23.52876],[120.09091,23.52918],[120.09116,23.52925],[120.09175,23.52922],[120.0919,23.52933],[120.0919,23.52965],[120.09122,23.53065],[120.09115,23.53082],[120.09115,23.53119],[120.09121,23.53128],[120.09159,23.53154],[120.09196,23.53157],[120.09221,23.5318],[120.09246,23.53223],[120.09255,23.53257],[120.09261,23.53386],[120.09264,23.53401],[120.09298,23.53452],[120.09307,23.53461],[120.09406,23.53518],[120.09434,23.53541],[120.09484,23.53602],[120.09502,23.53633],[120.09542,23.53739],[120.09558,23.53771],[120.0962,23.53868],[120.09629,23.53877],[120.09654,23.53888],[120.09672,23.53905],[120.09685,23.53926],[120.09691,23.53949],[120.09684,23.54014],[120.09631,23.54092],[120.09638,23.54126],[120.09665,23.54143],[120.09725,23.54078],[120.09777,23.5406],[120.09815,23.54084],[120.09811,23.54163],[120.09852,23.54204],[120.09873,23.54201],[120.09911,23.54184],[120.09942,23.54164],[120.09961,23.54158],[120.10007,23.54158],[120.10091,23.54086],[120.10187,23.54072],[120.10234,23.54021],[120.10262,23.53898],[120.10281,23.53855],[120.10312,23.53852],[120.10365,23.5386],[120.10402,23.53826],[120.10424,23.53718],[120.10511,23.53686],[120.10524,23.53674],[120.10527,23.53669],[120.10527,23.53649],[120.10518,23.53632],[120.10518,23.53617],[120.10527,23.536],[120.10617,23.53548],[120.10645,23.53529],[120.10683,23.53492],[120.10692,23.53471],[120.10695,23.53443],[120.10705,23.53429],[120.1072,23.5342],[120.10767,23.53417],[120.10789,23.53409],[120.10801,23.53397],[120.10801,23.53374],[120.10798,23.53368],[120.10755,23.5334],[120.10742,23.53313],[120.10727,23.53296],[120.10714,23.53291],[120.10689,23.53293],[120.10674,23.53302],[120.10621,23.53353],[120.10583,23.53397],[120.10571,23.53403],[120.10549,23.53403],[120.10497,23.53314],[120.10444,23.5327],[120.1041,23.53228],[120.10342,23.53205],[120.10308,23.53164],[120.10323,23.53149],[120.10379,23.53135],[120.10413,23.53142],[120.10438,23.53153],[120.10488,23.53161],[120.10562,23.53167],[120.10618,23.53196],[120.10631,23.53196],[120.1069,23.53208],[120.10718,23.53208],[120.10746,23.53199],[120.1078,23.53196],[120.10836,23.53202],[120.10857,23.53197],[120.10876,23.53185],[120.10889,23.53148],[120.10886,23.5309],[120.10889,23.53068],[120.10898,23.53056],[120.10923,23.53047],[120.10954,23.53047],[120.10976,23.5305],[120.11022,23.53068],[120.1105,23.53068],[120.11063,23.53062],[120.11072,23.53051],[120.11072,23.53044],[120.1106,23.53025],[120.1106,23.53007],[120.11066,23.53002],[120.11075,23.52999],[120.11141,23.52999],[120.1115,23.52993],[120.11162,23.52971],[120.11162,23.52959],[120.11147,23.52942],[120.11122,23.5293],[120.11088,23.52927],[120.11044,23.52933],[120.11029,23.52941],[120.10976,23.52942],[120.10948,23.52933],[120.10933,23.52918],[120.10929,23.52913],[120.1093,23.52881],[120.10936,23.52869],[120.10967,23.52842],[120.11029,23.52809],[120.11032,23.52767],[120.11029,23.52755],[120.11001,23.52724],[120.10995,23.52721],[120.1097,23.52721],[120.10942,23.52735],[120.10905,23.52775],[120.10889,23.52781],[120.10821,23.52775],[120.10784,23.52767],[120.10737,23.52744],[120.10728,23.52744],[120.1066,23.52792],[120.10597,23.52801],[120.10554,23.52827],[120.10504,23.52838],[120.10461,23.52835],[120.1042,23.52826],[120.10389,23.52844],[120.1038,23.52886],[120.10367,23.52912],[120.10361,23.52918],[120.10324,23.52921],[120.10296,23.52915],[120.10277,23.52921],[120.10209,23.52955],[120.10184,23.52961],[120.1014,23.52958],[120.10128,23.52951],[120.09998,23.52946],[120.09988,23.52943],[120.09914,23.52889],[120.09883,23.52837],[120.09889,23.52788],[120.09942,23.52754],[120.09945,23.52748],[120.09942,23.52719],[120.09843,23.52651],[120.09818,23.52607],[120.09834,23.52581],[120.09887,23.5255],[120.09884,23.52518],[120.09868,23.52508],[120.09831,23.52496],[120.09825,23.52432],[120.0989,23.52376],[120.09897,23.52361],[120.09897,23.52321],[120.09881,23.52286],[120.09853,23.52264],[120.09822,23.52275],[120.09807,23.52275],[120.09785,23.52226],[120.09785,23.52177],[120.09776,23.52155],[120.0976,23.5214],[120.09745,23.52135]]],[[[120.05985,23.48956],[120.06192,23.4895],[120.06347,23.48835],[120.06369,23.48655],[120.06328,23.48399],[120.06356,23.48265],[120.06135,23.48178],[120.06206,23.48101],[120.06216,23.48033],[120.05902,23.47898],[120.05605,23.47964],[120.05493,23.47881],[120.05322,23.47944],[120.05344,23.48051],[120.05549,23.48102],[120.05807,23.48202],[120.05673,23.48335],[120.05587,23.48403],[120.05683,23.48489],[120.05568,23.48658],[120.05268,23.48794],[120.05231,23.48685],[120.05249,23.48581],[120.05317,23.48521],[120.05357,23.48334],[120.05252,23.48406],[120.05214,23.48234],[120.05099,23.48074],[120.04923,23.47953],[120.04802,23.47931],[120.04885,23.4767],[120.0469,23.47825],[120.04553,23.47739],[120.04333,23.47691],[120.04234,23.47745],[120.04213,23.48011],[120.04461,23.48335],[120.04555,23.48751],[120.04688,23.48946],[120.04741,23.49035],[120.04828,23.49166],[120.05092,23.49186],[120.05045,23.49307],[120.04757,23.49387],[120.04726,23.49517],[120.04577,23.49368],[120.04515,23.4921],[120.04574,23.49058],[120.04459,23.48869],[120.0444,23.48556],[120.04191,23.48367],[120.04238,23.48267],[120.04005,23.47992],[120.0407,23.47834],[120.038,23.47817],[120.0385,23.48004],[120.03717,23.48182],[120.03621,23.48264],[120.03587,23.48161],[120.0359,23.48046],[120.03636,23.47935],[120.03496,23.47734],[120.03407,23.47913],[120.0305,23.4795],[120.02889,23.47924],[120.02762,23.47813],[120.02731,23.47598],[120.02483,23.47435],[120.02523,23.47216],[120.02383,23.47105],[120.02302,23.46927],[120.02578,23.46841],[120.02348,23.46571],[120.02531,23.46491],[120.02457,23.46385],[120.02428,23.46007],[120.02212,23.46022],[120.01998,23.45867],[120.01865,23.45927],[120.01539,23.45891],[120.01425,23.46034],[120.01524,23.46143],[120.01521,23.46363],[120.01621,23.46707],[120.01965,23.46856],[120.01711,23.46954],[120.0123,23.46782],[120.01199,23.46642],[120.00889,23.46384],[120.00757,23.46176],[120.00994,23.45888],[120.0113,23.45653],[120.01446,23.45277],[120.01582,23.44965],[120.01897,23.4446],[120.0199,23.4436],[120.01847,23.44251],[120.02089,23.44114],[120.02215,23.43858],[120.02085,23.43692],[120.01983,23.43597],[120.01813,23.43865],[120.01683,23.4414],[120.01537,23.44033],[120.01485,23.4426],[120.01386,23.44512],[120.01281,23.44507],[120.01269,23.44702],[120.00996,23.4502],[120.00075,23.46291],[119.9985,23.46827],[120.00825,23.47768],[120.00952,23.4786],[120.0107,23.47903],[120.01166,23.47974],[120.01346,23.48218],[120.01473,23.48275],[120.01588,23.48329],[120.01805,23.48521],[120.02041,23.48627],[120.02335,23.4885],[120.02475,23.48896],[120.02645,23.49019],[120.03049,23.49249],[120.0316,23.49343],[120.03486,23.49537],[120.0379,23.49644],[120.0392,23.49776],[120.04982,23.50519],[120.0523,23.50588],[120.05415,23.50763],[120.05564,23.50872],[120.05799,23.50955],[120.06012,23.51179],[120.06232,23.51236],[120.0638,23.515],[120.06724,23.51575],[120.06845,23.51749],[120.07266,23.51997],[120.07507,23.5212],[120.07823,23.52273],[120.07854,23.52393],[120.08142,23.52637],[120.08105,23.52465],[120.08357,23.52324],[120.08615,23.52262],[120.08783,23.52176],[120.08901,23.52022],[120.09159,23.51982],[120.09327,23.51813],[120.09523,23.51544],[120.09477,23.51384],[120.09496,23.51211],[120.09615,23.51159],[120.09307,23.51128],[120.09133,23.51199],[120.08922,23.51151],[120.08537,23.51188],[120.08351,23.51179],[120.08217,23.51204],[120.08289,23.51062],[120.08271,23.50915],[120.07889,23.50863],[120.07744,23.50774],[120.07626,23.50545],[120.0749,23.50321],[120.07785,23.50224],[120.07627,23.50198],[120.0733,23.50181],[120.07134,23.50401],[120.07087,23.50335],[120.07091,23.50183],[120.06892,23.50249],[120.06812,23.501],[120.06701,23.50017],[120.07306,23.49906],[120.07295,23.4974],[120.07068,23.49738],[120.0665,23.49863],[120.06531,23.49635],[120.06922,23.49664],[120.06944,23.4958],[120.07111,23.49439],[120.07186,23.49379],[120.06912,23.49213],[120.06847,23.49087],[120.06785,23.49013],[120.06636,23.49185],[120.06528,23.49191],[120.06506,23.49463],[120.0641,23.49317],[120.06252,23.49248],[120.05873,23.49166],[120.05591,23.49226],[120.05374,23.49206],[120.05585,23.49046],[120.05985,23.48956]]],[[[120.19231,23.81764],[120.19235,23.81767],[120.19241,23.81767],[120.19245,23.81763],[120.19246,23.81756],[120.19243,23.8175],[120.19223,23.81722],[120.19219,23.81718],[120.19214,23.81716],[120.19208,23.8172],[120.19207,23.81725],[120.19209,23.81731],[120.19231,23.81764]]],[[[120.19259,23.81693],[120.19263,23.81696],[120.19268,23.81699],[120.19275,23.81697],[120.19353,23.81652],[120.19357,23.81648],[120.19358,23.81642],[120.19349,23.81606],[120.19347,23.81598],[120.19342,23.81592],[120.19338,23.81588],[120.19334,23.81586],[120.19329,23.81588],[120.19319,23.81592],[120.19316,23.81592],[120.19311,23.81589],[120.19308,23.81584],[120.19303,23.81571],[120.19293,23.81556],[120.19243,23.81574],[120.19231,23.81581],[120.19224,23.81586],[120.19219,23.81591],[120.19218,23.81598],[120.1922,23.8161],[120.19259,23.81693]]],[[[120.19101,23.81602],[120.19102,23.81596],[120.19102,23.81585],[120.19093,23.81566],[120.19086,23.81559],[120.1908,23.8155],[120.1907,23.81532],[120.18926,23.81403],[120.18913,23.81394],[120.18899,23.81388],[120.18891,23.81387],[120.18891,23.81394],[120.18894,23.81402],[120.18908,23.81418],[120.18923,23.81431],[120.18985,23.81498],[120.19037,23.81547],[120.19048,23.81556],[120.19056,23.81559],[120.1906,23.81564],[120.19062,23.81571],[120.19066,23.81576],[120.1908,23.81589],[120.19101,23.81602]]],[[[120.17165,23.7408],[120.17144,23.74087],[120.17133,23.74109],[120.17132,23.74137],[120.17144,23.74163],[120.17162,23.74176],[120.17198,23.74241],[120.17212,23.74301],[120.17209,23.74336],[120.1721,23.74358],[120.17218,23.7438],[120.17239,23.74416],[120.17282,23.74479],[120.17323,23.74521],[120.17344,23.74552],[120.17369,23.74573],[120.174,23.74623],[120.1742,23.74639],[120.17471,23.747],[120.17487,23.74736],[120.17498,23.74748],[120.1753,23.74773],[120.17565,23.74813],[120.17581,23.74846],[120.17579,23.74864],[120.17573,23.74878],[120.17574,23.74896],[120.17596,23.74887],[120.17627,23.74891],[120.17669,23.74878],[120.17676,23.74864],[120.17677,23.7484],[120.17668,23.74826],[120.17673,23.74803],[120.17662,23.74782],[120.17651,23.74774],[120.17642,23.74765],[120.17639,23.74748],[120.17646,23.74739],[120.17659,23.74729],[120.1766,23.74707],[120.17631,23.74619],[120.17618,23.74603],[120.17605,23.74595],[120.17592,23.74594],[120.17579,23.74613],[120.1757,23.74613],[120.17564,23.7461],[120.1755,23.7459],[120.17547,23.74567],[120.17527,23.74521],[120.17513,23.74478],[120.17508,23.7444],[120.17501,23.74405],[120.17497,23.74344],[120.17484,23.7433],[120.17478,23.74337],[120.17486,23.74419],[120.17491,23.74446],[120.17491,23.7447],[120.17479,23.74489],[120.17454,23.74482],[120.17411,23.74453],[120.17367,23.74412],[120.17344,23.74377],[120.17329,23.74344],[120.17315,23.74293],[120.17301,23.74264],[120.17289,23.74202],[120.17277,23.7417],[120.17252,23.74141],[120.17215,23.74098],[120.17192,23.74083],[120.17165,23.7408]]],[[[120.17422,23.74224],[120.17426,23.74224],[120.17431,23.74218],[120.17436,23.7421],[120.17438,23.74203],[120.17444,23.74182],[120.17445,23.74171],[120.17442,23.74147],[120.17432,23.7411],[120.17427,23.74085],[120.17422,23.74037],[120.17423,23.74003],[120.17427,23.73972],[120.17426,23.7396],[120.17423,23.7395],[120.17418,23.7394],[120.17407,23.73925],[120.17398,23.73915],[120.17392,23.73912],[120.17385,23.73914],[120.17381,23.73917],[120.17378,23.73924],[120.17376,23.73935],[120.17372,23.73972],[120.17373,23.73992],[120.17378,23.74025],[120.17388,23.74056],[120.17395,23.74095],[120.17401,23.74125],[120.17405,23.74138],[120.17408,23.74145],[120.1741,23.74153],[120.17412,23.74168],[120.17414,23.74209],[120.17416,23.74218],[120.17419,23.74222],[120.17422,23.74224]]],[[[120.16964,23.73486],[120.16982,23.73491],[120.16999,23.73495],[120.17018,23.73493],[120.17036,23.73486],[120.17079,23.7347],[120.17102,23.73453],[120.17119,23.73431],[120.17137,23.73393],[120.17153,23.73347],[120.17155,23.73303],[120.17147,23.73257],[120.17132,23.73228],[120.171,23.732],[120.17071,23.73182],[120.1695,23.73136],[120.16927,23.73126],[120.16898,23.7311],[120.16879,23.73099],[120.16866,23.73089],[120.16855,23.7308],[120.16846,23.73071],[120.1682,23.73042],[120.16808,23.73028],[120.16786,23.73005],[120.16777,23.72996],[120.16771,23.72993],[120.16755,23.72987],[120.16739,23.72982],[120.1673,23.7298],[120.16716,23.72978],[120.1669,23.72975],[120.16673,23.72972],[120.16662,23.7297],[120.16653,23.72966],[120.16646,23.72961],[120.1664,23.72954],[120.16635,23.72944],[120.16632,23.7293],[120.1663,23.72923],[120.16626,23.72917],[120.16622,23.72914],[120.16614,23.72911],[120.16604,23.72909],[120.16596,23.72909],[120.16585,23.72911],[120.16577,23.72914],[120.1657,23.72919],[120.16562,23.72926],[120.16555,23.72937],[120.1655,23.72948],[120.16546,23.72966],[120.16548,23.72981],[120.16552,23.72999],[120.16562,23.73025],[120.16581,23.73053],[120.16584,23.73059],[120.16584,23.73063],[120.16583,23.73068],[120.16581,23.73075],[120.16576,23.73078],[120.16568,23.73078],[120.1656,23.73077],[120.16556,23.73073],[120.16531,23.73039],[120.16525,23.73027],[120.16515,23.73013],[120.16505,23.72996],[120.16495,23.72985],[120.16479,23.72973],[120.16464,23.72964],[120.16453,23.72955],[120.16442,23.72944],[120.16414,23.72915],[120.16403,23.72899],[120.16389,23.7287],[120.16382,23.72852],[120.16349,23.72778],[120.16323,23.72724],[120.16314,23.72709],[120.16266,23.72642],[120.16251,23.72624],[120.16245,23.72618],[120.16196,23.72545],[120.16173,23.72505],[120.16131,23.72424],[120.16112,23.72393],[120.16099,23.72376],[120.16092,23.72369],[120.16081,23.72359],[120.1607,23.72344],[120.16056,23.72317],[120.16029,23.72261],[120.16,23.72222],[120.1599,23.72206],[120.15988,23.72199],[120.15984,23.72183],[120.15979,23.72172],[120.15967,23.7215],[120.15958,23.72136],[120.15956,23.7213],[120.15953,23.72119],[120.15949,23.72108],[120.15942,23.72092],[120.15941,23.72088],[120.15939,23.72085],[120.15931,23.72078],[120.15929,23.72075],[120.15923,23.72066],[120.159,23.72004],[120.15889,23.71973],[120.15878,23.7194],[120.15857,23.71891],[120.15827,23.71822],[120.15814,23.71795],[120.15786,23.71748],[120.15758,23.71739],[120.15737,23.71744],[120.15724,23.71765],[120.15719,23.71805],[120.1572,23.71907],[120.15727,23.72015],[120.15738,23.72063],[120.15814,23.72212],[120.15826,23.72236],[120.15834,23.72245],[120.15843,23.72254],[120.15874,23.72312],[120.1588,23.72329],[120.15882,23.72334],[120.1589,23.7234],[120.15907,23.72365],[120.1592,23.7238],[120.15934,23.72408],[120.15939,23.72416],[120.15948,23.72424],[120.15966,23.72435],[120.15983,23.72442],[120.15988,23.72447],[120.15993,23.72454],[120.15997,23.72462],[120.16002,23.72473],[120.16009,23.72481],[120.16016,23.72487],[120.16026,23.72498],[120.16035,23.72513],[120.16044,23.7253],[120.16048,23.72547],[120.16051,23.72588],[120.16053,23.72595],[120.16055,23.72601],[120.16063,23.72612],[120.16063,23.7262],[120.16064,23.72623],[120.16081,23.72645],[120.16096,23.72673],[120.16101,23.72683],[120.16104,23.7269],[120.16105,23.72713],[120.16106,23.72719],[120.16114,23.72746],[120.16116,23.72752],[120.1612,23.72757],[120.16134,23.72768],[120.16152,23.72789],[120.16167,23.72814],[120.16184,23.72851],[120.16192,23.72865],[120.16211,23.72888],[120.16226,23.7293],[120.16233,23.72948],[120.16237,23.72953],[120.16242,23.72957],[120.16249,23.72962],[120.16327,23.73029],[120.1635,23.73054],[120.16422,23.73139],[120.16454,23.73183],[120.16477,23.73214],[120.16484,23.73227],[120.16488,23.73241],[120.16491,23.7325],[120.16496,23.73256],[120.1651,23.73269],[120.16527,23.73285],[120.16545,23.73306],[120.16552,23.73316],[120.16562,23.73336],[120.16568,23.73343],[120.16616,23.73402],[120.1663,23.73416],[120.1664,23.7342],[120.16657,23.73423],[120.16682,23.73425],[120.16843,23.73469],[120.1688,23.73477],[120.16896,23.73481],[120.1692,23.73485],[120.16964,23.73486]]],[[[120.6445,23.6682],[120.64027,23.66395],[120.63833,23.65965],[120.63665,23.65507],[120.63614,23.64869],[120.63432,23.64205],[120.62936,23.63552],[120.62929,23.62847],[120.6344,23.61943],[120.64089,23.62601],[120.64742,23.63069],[120.65329,23.62758],[120.65156,23.61679],[120.66177,23.61024],[120.67825,23.61095],[120.68618,23.61817],[120.69957,23.61861],[120.71409,23.62107],[120.72095,23.62566],[120.73075,23.61811],[120.72596,23.60571],[120.73263,23.59692],[120.73261,23.58719],[120.73596,23.57197],[120.72356,23.57158],[120.71219,23.5712],[120.70349,23.57508],[120.68584,23.57445],[120.67236,23.57643],[120.65931,23.57428],[120.65055,23.57252],[120.64462,23.57545],[120.64892,23.58269],[120.64778,23.58883],[120.64399,23.59283],[120.63138,23.59021],[120.62294,23.58809],[120.61242,23.58409],[120.60425,23.58362],[120.5962,23.58477],[120.5898,23.58573],[120.58361,23.58258],[120.57677,23.58349],[120.57055,23.58804],[120.56247,23.58913],[120.55675,23.5927],[120.54558,23.59392],[120.53422,23.59635],[120.52683,23.60388],[120.51603,23.61344],[120.50769,23.62315],[120.50641,23.63306],[120.49817,23.63474],[120.49055,23.6351],[120.48803,23.63085],[120.47906,23.63292],[120.46853,23.63027],[120.45383,23.62636],[120.45162,23.63027],[120.44226,23.62819],[120.43545,23.6243],[120.43184,23.6216],[120.42363,23.6185],[120.41911,23.62439],[120.41382,23.62329],[120.40656,23.62727],[120.3971,23.62515],[120.39241,23.6224],[120.38306,23.61386],[120.37439,23.60978],[120.36615,23.60491],[120.35665,23.59402],[120.3337,23.59181],[120.32109,23.57246],[120.30636,23.57325],[120.29604,23.56461],[120.29034,23.55335],[120.27947,23.54558],[120.2703,23.53021],[120.25877,23.54237],[120.24209,23.54149],[120.24147,23.50896],[120.21445,23.50755],[120.2006,23.51202],[120.17988,23.51029],[120.1478,23.51972],[120.14913,23.53395],[120.14004,23.54943],[120.13891,23.56043],[120.13781,23.56173],[120.14144,23.57193],[120.14077,23.58418],[120.14137,23.59826],[120.13313,23.61569],[120.13998,23.61867],[120.13484,23.6196],[120.14019,23.6242],[120.14223,23.63688],[120.14711,23.65271],[120.15279,23.66027],[120.15974,23.67559],[120.17706,23.69943],[120.185,23.7019],[120.17412,23.70406],[120.17149,23.7211],[120.16356,23.71773],[120.16306,23.72494],[120.17473,23.73793],[120.17725,23.74896],[120.17697,23.75078],[120.19147,23.75666],[120.19769,23.76675],[120.2002,23.77484],[120.20477,23.77928],[120.19477,23.76895],[120.17087,23.75807],[120.17011,23.75687],[120.16301,23.78193],[120.16512,23.76951],[120.1665,23.76676],[120.16582,23.76947],[120.16919,23.77123],[120.17515,23.78064],[120.1845,23.79772],[120.17968,23.79833],[120.17871,23.79676],[120.17799,23.79639],[120.17891,23.79765],[120.17382,23.79859],[120.17103,23.79771],[120.17138,23.79678],[120.16955,23.79542],[120.16707,23.79316],[120.17303,23.79967],[120.16311,23.79119],[120.17062,23.80542],[120.17936,23.80658],[120.19407,23.81552],[120.19589,23.81743],[120.19429,23.81729],[120.19551,23.8195],[120.19674,23.81999],[120.19993,23.82105],[120.20073,23.82346],[120.23171,23.81688],[120.22332,23.81963],[120.21579,23.82016],[120.21907,23.84148],[120.22082,23.84281],[120.22375,23.84315],[120.22596,23.84464],[120.22746,23.84667],[120.23327,23.83958],[120.2357,23.83854],[120.24104,23.8411],[120.26467,23.83158],[120.32613,23.82135],[120.39398,23.82761],[120.42462,23.83001],[120.44474,23.82191],[120.45536,23.81665],[120.48313,23.80657],[120.52753,23.79907],[120.54828,23.80117],[120.57344,23.79634],[120.59374,23.79108],[120.63378,23.78795],[120.64733,23.77517],[120.65505,23.73833],[120.6486,23.73581],[120.64375,23.73483],[120.6398,23.7295],[120.64157,23.72244],[120.64073,23.71798],[120.6406,23.71326],[120.63983,23.70902],[120.6419,23.70566],[120.6447,23.70136],[120.64586,23.69464],[120.64662,23.68706],[120.64776,23.68103],[120.6469,23.67392],[120.6445,23.6682]]]]}},{"properties":{"COUNTYSN":"10003001","COUNTYNAME":"桃園縣","name":"桃園縣"},"type":"Feature","geometry":{"type":"Polygon","coordinates":[[[121.1898,25.09362],[121.20471,25.10432],[121.21783,25.10988],[121.23956,25.11508],[121.2426,25.11752],[121.24688,25.11892],[121.26541,25.12071],[121.28267,25.10992],[121.29415,25.10308],[121.30259,25.09692],[121.31438,25.09474],[121.32783,25.09115],[121.34417,25.08363],[121.34246,25.08009],[121.34573,25.07729],[121.34374,25.07507],[121.34254,25.07356],[121.35008,25.07435],[121.35051,25.07215],[121.35056,25.0691],[121.3788,25.06565],[121.38803,25.06174],[121.38867,25.05925],[121.3862,25.05635],[121.38783,25.05323],[121.39273,25.05504],[121.39593,25.05256],[121.39863,25.05062],[121.39552,25.04955],[121.39443,25.04749],[121.39961,25.04564],[121.3983,25.04412],[121.39543,25.04359],[121.39313,25.042],[121.4007,25.03793],[121.39895,25.03477],[121.40037,25.02906],[121.40858,25.02092],[121.41164,25.01815],[121.39708,25.01618],[121.39258,25.01055],[121.4018,25.00271],[121.39867,24.99832],[121.38907,24.99528],[121.38353,24.9883],[121.37569,24.98115],[121.36398,24.97957],[121.35251,24.98074],[121.33999,24.98013],[121.33079,24.97933],[121.3237,24.97156],[121.3287,24.96774],[121.33008,24.94661],[121.31984,24.93417],[121.32484,24.92867],[121.32103,24.91989],[121.32508,24.9095],[121.32032,24.90021],[121.33154,24.89952],[121.33217,24.8934],[121.33982,24.89261],[121.34414,24.88641],[121.35228,24.87669],[121.34796,24.86835],[121.35126,24.85936],[121.35803,24.85322],[121.35273,24.84954],[121.34815,24.84996],[121.34023,24.84874],[121.33886,24.84363],[121.35176,24.84445],[121.3661,24.83742],[121.37598,24.83391],[121.38632,24.84141],[121.3973,24.84248],[121.41149,24.83826],[121.41617,24.82826],[121.42663,24.81932],[121.43704,24.80535],[121.44318,24.79167],[121.44956,24.78647],[121.43728,24.77406],[121.42554,24.75913],[121.43026,24.74442],[121.43648,24.72861],[121.44882,24.71203],[121.46476,24.69974],[121.47362,24.68737],[121.47426,24.67315],[121.45458,24.66621],[121.45137,24.65108],[121.44345,24.63624],[121.43514,24.62349],[121.4299,24.61237],[121.41854,24.6011],[121.40902,24.5994],[121.39627,24.58899],[121.37236,24.59434],[121.36398,24.60732],[121.36116,24.61969],[121.3643,24.63225],[121.35233,24.64392],[121.35343,24.65821],[121.35358,24.66763],[121.3436,24.66936],[121.33912,24.67506],[121.31942,24.69628],[121.29948,24.69588],[121.30723,24.717],[121.29811,24.73357],[121.30609,24.75219],[121.29822,24.76288],[121.28464,24.77028],[121.26842,24.77943],[121.25848,24.78526],[121.25487,24.79378],[121.24709,24.80073],[121.24072,24.80575],[121.22237,24.79982],[121.21873,24.80868],[121.21007,24.80967],[121.20319,24.81102],[121.20309,24.81702],[121.19311,24.81951],[121.17583,24.83103],[121.16858,24.83411],[121.15948,24.83864],[121.15101,24.84399],[121.15602,24.85142],[121.15901,24.85785],[121.16072,24.85992],[121.16036,24.86434],[121.15622,24.87433],[121.15368,24.88042],[121.14361,24.88102],[121.13413,24.87849],[121.12391,24.87994],[121.1132,24.8829],[121.11039,24.88979],[121.10779,24.89736],[121.08311,24.89892],[121.07093,24.90001],[121.05946,24.90471],[121.06023,24.91802],[121.05761,24.93039],[121.0534,24.93745],[121.04624,24.94237],[121.03454,24.94491],[121.02155,24.9414],[121.00967,24.94421],[120.99583,24.93948],[120.98823,24.94317],[120.99504,24.95146],[121.00152,24.95696],[121.00848,24.96941],[121.01292,24.97811],[121.01086,24.98567],[121.01651,24.98789],[121.01206,24.99052],[121.01676,24.99557],[121.02129,25.00422],[121.02325,25.00824],[121.02734,25.01335],[121.03054,25.01963],[121.03731,25.02654],[121.04191,25.03082],[121.04742,25.0373],[121.05372,25.04241],[121.05972,25.04343],[121.06218,25.045],[121.0702,25.04631],[121.07674,25.05018],[121.08272,25.05184],[121.0844,25.05436],[121.08772,25.05781],[121.09168,25.06181],[121.09429,25.0634],[121.09698,25.0647],[121.10768,25.06913],[121.11035,25.07033],[121.11293,25.07073],[121.11937,25.07435],[121.12724,25.07574],[121.14651,25.07959],[121.17323,25.08597],[121.18882,25.09327],[121.1898,25.09362]]]}},{"properties":{"COUNTYSN":"10013001","COUNTYNAME":"屏東縣","name":"屏東縣"},"type":"Feature","geometry":{"type":"MultiPolygon","coordinates":[[[[120.70254,22.05566],[120.70261,22.05561],[120.70267,22.05559],[120.70278,22.05558],[120.70307,22.05557],[120.70312,22.05556],[120.70316,22.05554],[120.70328,22.05547],[120.70335,22.05541],[120.70339,22.05539],[120.70342,22.05539],[120.70349,22.05542],[120.70357,22.05546],[120.70364,22.05548],[120.70376,22.05549],[120.70393,22.05552],[120.70414,22.05567],[120.70433,22.05583],[120.70446,22.05591],[120.70454,22.05593],[120.70464,22.05592],[120.70489,22.05592],[120.70497,22.05593],[120.70507,22.05597],[120.70513,22.05598],[120.70517,22.05596],[120.70521,22.05593],[120.70522,22.05588],[120.70521,22.05584],[120.7052,22.0558],[120.70515,22.05576],[120.70495,22.05565],[120.70487,22.05561],[120.7048,22.05554],[120.7047,22.05546],[120.70462,22.05538],[120.70461,22.05535],[120.70461,22.05531],[120.70463,22.05526],[120.70469,22.05519],[120.7047,22.05514],[120.7047,22.05511],[120.7047,22.05506],[120.70468,22.05497],[120.70465,22.05492],[120.70462,22.05488],[120.70455,22.05487],[120.70441,22.05486],[120.70431,22.05486],[120.70418,22.05483],[120.70385,22.05473],[120.70358,22.05471],[120.70336,22.05471],[120.70325,22.05471],[120.7032,22.05472],[120.70315,22.05473],[120.70301,22.05479],[120.70293,22.05481],[120.70275,22.05482],[120.70265,22.05483],[120.70255,22.05485],[120.70229,22.05493],[120.70221,22.05496],[120.70215,22.055],[120.70212,22.05505],[120.70211,22.05512],[120.70211,22.05519],[120.70212,22.05526],[120.70218,22.05537],[120.70223,22.05546],[120.70225,22.05551],[120.70224,22.05556],[120.70222,22.0556],[120.70218,22.05566],[120.70216,22.05571],[120.70216,22.05575],[120.70219,22.05578],[120.70224,22.05579],[120.70229,22.05579],[120.70238,22.05576],[120.70243,22.05574],[120.70254,22.05566]]],[[[120.35878,22.32169],[120.35803,22.32171],[120.35779,22.32177],[120.35769,22.32185],[120.35767,22.32196],[120.35772,22.32211],[120.35802,22.32243],[120.35814,22.32306],[120.35813,22.32312],[120.358,22.32306],[120.35782,22.32309],[120.35762,22.32308],[120.35735,22.32303],[120.35725,22.32293],[120.35703,22.32257],[120.35693,22.32254],[120.35679,22.32258],[120.35654,22.32275],[120.3564,22.32279],[120.35598,22.32282],[120.3558,22.32287],[120.35559,22.32283],[120.3554,22.32285],[120.35503,22.32297],[120.35459,22.32325],[120.35358,22.32409],[120.35335,22.32432],[120.35322,22.32461],[120.35301,22.32478],[120.35296,22.32485],[120.35293,22.32493],[120.35294,22.32517],[120.353,22.32545],[120.35287,22.32604],[120.35293,22.32671],[120.35308,22.32706],[120.35313,22.32748],[120.35326,22.32802],[120.35344,22.32833],[120.35395,22.32949],[120.35427,22.32991],[120.3544,22.33013],[120.35501,22.33083],[120.35561,22.33131],[120.35603,22.33151],[120.3562,22.33167],[120.35637,22.3319],[120.35649,22.33201],[120.35678,22.33209],[120.35698,22.33218],[120.35792,22.33278],[120.35797,22.33289],[120.35841,22.3333],[120.35899,22.33356],[120.3592,22.33368],[120.35939,22.33383],[120.35962,22.33417],[120.36014,22.33479],[120.36034,22.33523],[120.36036,22.3354],[120.3603,22.33551],[120.36028,22.33569],[120.36044,22.33578],[120.36048,22.33596],[120.36057,22.3361],[120.36047,22.33637],[120.36049,22.33683],[120.36072,22.33768],[120.36095,22.33781],[120.36158,22.33866],[120.36174,22.33879],[120.36243,22.33918],[120.36302,22.33965],[120.3632,22.33986],[120.36333,22.3401],[120.36332,22.34039],[120.36325,22.34055],[120.36309,22.34074],[120.36302,22.34093],[120.36296,22.34193],[120.36291,22.34207],[120.36281,22.34217],[120.36266,22.34233],[120.36245,22.34247],[120.36235,22.3426],[120.36232,22.3427],[120.36234,22.34279],[120.3624,22.34286],[120.36243,22.34295],[120.36239,22.343],[120.36218,22.34312],[120.36212,22.34321],[120.36199,22.34364],[120.36182,22.34397],[120.3617,22.3443],[120.36169,22.34439],[120.36173,22.34446],[120.36183,22.34454],[120.3616,22.34462],[120.36152,22.3447],[120.36142,22.34484],[120.36123,22.34522],[120.36118,22.34536],[120.3612,22.34553],[120.36112,22.34624],[120.36093,22.34637],[120.36088,22.34643],[120.36108,22.34652],[120.36125,22.34653],[120.36139,22.34658],[120.36187,22.34683],[120.36262,22.34727],[120.36297,22.34761],[120.36322,22.3477],[120.36338,22.34779],[120.3636,22.34797],[120.36453,22.34915],[120.3652,22.34978],[120.36576,22.35038],[120.36585,22.35055],[120.36602,22.35059],[120.36618,22.35094],[120.36651,22.35125],[120.36711,22.35169],[120.36769,22.35195],[120.36791,22.35202],[120.36829,22.35208],[120.36853,22.35229],[120.36879,22.35258],[120.36918,22.35262],[120.36964,22.35274],[120.37031,22.35279],[120.37069,22.35271],[120.37104,22.35258],[120.37131,22.35271],[120.372,22.35321],[120.37247,22.35349],[120.37364,22.35409],[120.3739,22.35428],[120.37465,22.35464],[120.37524,22.35486],[120.37658,22.35545],[120.37729,22.35565],[120.37786,22.35576],[120.37874,22.35588],[120.37928,22.35588],[120.37963,22.35583],[120.38019,22.35567],[120.38051,22.35555],[120.38084,22.35538],[120.38103,22.35534],[120.38129,22.35519],[120.38145,22.35504],[120.38162,22.355],[120.38173,22.35494],[120.38191,22.35474],[120.38211,22.35468],[120.38268,22.35395],[120.38313,22.35373],[120.38383,22.35327],[120.38387,22.35319],[120.38383,22.35275],[120.38392,22.35256],[120.38463,22.35224],[120.38533,22.35177],[120.3857,22.35158],[120.38593,22.35152],[120.38686,22.35138],[120.38765,22.3511],[120.38835,22.35069],[120.38871,22.35039],[120.38884,22.35024],[120.38913,22.34975],[120.38927,22.34946],[120.38969,22.34807],[120.38971,22.34789],[120.3896,22.34725],[120.38945,22.34694],[120.38934,22.3468],[120.38904,22.34604],[120.38889,22.34536],[120.38872,22.34514],[120.38815,22.34405],[120.38804,22.34374],[120.38796,22.34337],[120.38752,22.34245],[120.38723,22.34211],[120.38703,22.34193],[120.38697,22.3418],[120.3868,22.34161],[120.38601,22.34096],[120.38574,22.34077],[120.38538,22.34059],[120.38479,22.34036],[120.38383,22.33988],[120.38294,22.33955],[120.38281,22.33947],[120.3823,22.33932],[120.38054,22.33857],[120.37991,22.33815],[120.37879,22.33762],[120.37831,22.33727],[120.37803,22.33715],[120.37779,22.33712],[120.37752,22.33702],[120.37705,22.33672],[120.37669,22.3364],[120.37654,22.33617],[120.37661,22.33571],[120.37659,22.33556],[120.37622,22.33505],[120.37583,22.33465],[120.37512,22.33401],[120.37427,22.33345],[120.37357,22.33282],[120.3732,22.33257],[120.37176,22.3314],[120.37167,22.33133],[120.37154,22.33131],[120.37121,22.33142],[120.37118,22.33137],[120.37135,22.33124],[120.37139,22.33115],[120.37138,22.33105],[120.37127,22.33089],[120.37073,22.33031],[120.37018,22.3294],[120.36951,22.32805],[120.3688,22.32714],[120.36815,22.3265],[120.36709,22.32563],[120.36663,22.32543],[120.36633,22.32541],[120.36627,22.32535],[120.36621,22.32515],[120.36586,22.32493],[120.36574,22.32475],[120.3656,22.3246],[120.36534,22.32441],[120.36525,22.32428],[120.36462,22.32378],[120.36424,22.3236],[120.36323,22.32296],[120.36285,22.32276],[120.36194,22.32238],[120.36018,22.32191],[120.35973,22.32187],[120.35878,22.32169]]],[[[120.88925,22.13049],[120.88928,22.13049],[120.8893,22.13048],[120.88934,22.13045],[120.88935,22.13042],[120.88934,22.13041],[120.88933,22.1304],[120.88931,22.1304],[120.88926,22.13041],[120.88923,22.13041],[120.88916,22.13039],[120.88902,22.13034],[120.88899,22.13033],[120.88895,22.13034],[120.88892,22.13035],[120.88889,22.13037],[120.88888,22.1304],[120.88888,22.13043],[120.88889,22.13045],[120.88891,22.13046],[120.88898,22.13047],[120.88917,22.13048],[120.88925,22.13049]]],[[[120.88767,22.12607],[120.8877,22.12607],[120.88773,22.12605],[120.88777,22.12602],[120.88779,22.12599],[120.8878,22.12595],[120.88784,22.12592],[120.88788,22.1259],[120.88792,22.1259],[120.88798,22.12588],[120.88801,22.12587],[120.88806,22.12589],[120.8881,22.1259],[120.88813,22.12589],[120.88815,22.12587],[120.88816,22.12584],[120.88817,22.12578],[120.88819,22.12564],[120.8886,22.12493],[120.88861,22.1249],[120.88861,22.12487],[120.88859,22.12484],[120.88856,22.12483],[120.88843,22.12478],[120.88841,22.12475],[120.88839,22.12471],[120.88839,22.12463],[120.88843,22.12454],[120.88842,22.12451],[120.8876,22.12398],[120.88757,22.12395],[120.88753,22.12395],[120.88742,22.12394],[120.88736,22.12391],[120.88734,22.12391],[120.88734,22.12394],[120.88738,22.12408],[120.88744,22.12439],[120.88747,22.12446],[120.88757,22.12455],[120.88758,22.12459],[120.88758,22.12462],[120.88757,22.12476],[120.88752,22.12493],[120.8875,22.12505],[120.88749,22.12509],[120.88749,22.1252],[120.88749,22.12521],[120.88745,22.1253],[120.88746,22.12533],[120.88759,22.1258],[120.88767,22.12585],[120.8877,22.12587],[120.8877,22.1259],[120.88769,22.12592],[120.88768,22.12595],[120.88766,22.12599],[120.88766,22.12602],[120.88766,22.12605],[120.88767,22.12607]]],[[[120.69255,22.00962],[120.68806,22.0196],[120.6897,22.03622],[120.69701,22.04382],[120.69949,22.05608],[120.70542,22.0566],[120.70707,22.06378],[120.70081,22.08127],[120.71332,22.0907],[120.71571,22.09851],[120.71603,22.10506],[120.71303,22.11182],[120.71181,22.11462],[120.70956,22.11999],[120.7027,22.13065],[120.70004,22.14722],[120.69507,22.1684],[120.69054,22.18459],[120.6834,22.21282],[120.67546,22.22798],[120.65094,22.25347],[120.64941,22.25629],[120.64723,22.28187],[120.62509,22.32423],[120.59442,22.35979],[120.59365,22.3639],[120.57022,22.38213],[120.55428,22.39241],[120.54581,22.39721],[120.53563,22.40186],[120.52991,22.40566],[120.51058,22.41517],[120.50525,22.41754],[120.50085,22.42053],[120.49685,22.42278],[120.49251,22.42467],[120.48548,22.4281],[120.46019,22.44316],[120.44596,22.45472],[120.4401,22.46487],[120.43759,22.46619],[120.43429,22.47298],[120.42414,22.52255],[120.44299,22.56463],[120.43427,22.62616],[120.441,22.68139],[120.45604,22.7282],[120.45382,22.76739],[120.46507,22.80749],[120.48038,22.83774],[120.49456,22.83569],[120.51301,22.83008],[120.52866,22.8325],[120.55323,22.82838],[120.61044,22.87511],[120.64493,22.88516],[120.65835,22.87824],[120.67518,22.85679],[120.70335,22.87991],[120.73818,22.87421],[120.75624,22.86259],[120.77329,22.8403],[120.79174,22.84867],[120.81374,22.85876],[120.83731,22.86416],[120.85398,22.85653],[120.86474,22.84237],[120.86695,22.81956],[120.88513,22.81335],[120.90304,22.79474],[120.89193,22.76359],[120.89227,22.73506],[120.86122,22.71658],[120.84213,22.70683],[120.82029,22.69571],[120.79504,22.69084],[120.78624,22.66827],[120.76374,22.63241],[120.74865,22.59357],[120.73974,22.55703],[120.7535,22.51137],[120.75824,22.48464],[120.75129,22.45868],[120.77635,22.44065],[120.78407,22.41273],[120.76135,22.40655],[120.75561,22.3894],[120.75143,22.36168],[120.77159,22.34864],[120.79146,22.3365],[120.78701,22.30919],[120.78498,22.29445],[120.79703,22.28528],[120.80548,22.27701],[120.79817,22.26604],[120.80516,22.2594],[120.81641,22.26258],[120.82937,22.25271],[120.83976,22.24365],[120.85282,22.24274],[120.86391,22.23314],[120.87286,22.23337],[120.8859,22.24194],[120.89744,22.23997],[120.89855,22.23172],[120.89576,22.22726],[120.89455,22.21489],[120.89617,22.2049],[120.89376,22.1986],[120.89104,22.19171],[120.89164,22.1871],[120.89225,22.1821],[120.89377,22.17389],[120.89172,22.16443],[120.89289,22.15225],[120.8938,22.14556],[120.89396,22.13827],[120.88649,22.13052],[120.887,22.1256],[120.88826,22.11981],[120.88927,22.11757],[120.8908,22.11336],[120.89274,22.10892],[120.89554,22.10775],[120.90025,22.10568],[120.9004,22.10327],[120.89817,22.09341],[120.89262,22.08744],[120.89138,22.08607],[120.89108,22.07943],[120.89224,22.07322],[120.89285,22.06818],[120.89335,22.06236],[120.89365,22.05793],[120.89364,22.05484],[120.8933,22.05136],[120.89342,22.049],[120.89594,22.04455],[120.89793,22.03945],[120.90018,22.03672],[120.90086,22.03357],[120.89584,22.03114],[120.89072,22.02766],[120.88717,22.02158],[120.88297,22.01415],[120.87709,22.01085],[120.87844,22.00665],[120.87631,22.00191],[120.87182,21.99772],[120.86552,21.99479],[120.8601,21.99171],[120.85157,21.9894],[120.84421,21.97996],[120.84394,21.96808],[120.84094,21.9564],[120.84194,21.94837],[120.84537,21.94027],[120.84906,21.93325],[120.85456,21.92715],[120.86166,21.91511],[120.86408,21.90281],[120.84814,21.90172],[120.84522,21.9146],[120.83278,21.92333],[120.82365,21.93127],[120.81557,21.93382],[120.80208,21.93737],[120.78325,21.94423],[120.77092,21.95224],[120.75531,21.95661],[120.75296,21.95372],[120.7462,21.94536],[120.74651,21.93342],[120.74334,21.92882],[120.73405,21.91868],[120.71872,21.92862],[120.71201,21.93389],[120.71201,21.9503],[120.71523,21.97106],[120.71225,21.98582],[120.70615,21.99565],[120.69448,22.00466],[120.69255,22.00962]]]]}},{"properties":{"COUNTYSN":"10006001","COUNTYNAME":"台中市","name":"台中市"},"type":"Feature","geometry":{"type":"MultiPolygon","coordinates":[[[[120.52978,24.31569],[120.52978,24.3157],[120.52992,24.3158],[120.53007,24.31579],[120.53014,24.31584],[120.53018,24.31607],[120.53025,24.31624],[120.53044,24.31653],[120.53065,24.31675],[120.53179,24.31745],[120.53229,24.31787],[120.53264,24.31809],[120.53307,24.31849],[120.5332,24.31856],[120.53363,24.31868],[120.53381,24.31877],[120.53411,24.31897],[120.53437,24.31922],[120.5345,24.31928],[120.53472,24.31929],[120.53481,24.31922],[120.53483,24.31913],[120.53481,24.31894],[120.53464,24.3186],[120.53453,24.31822],[120.53454,24.31809],[120.53464,24.31784],[120.53468,24.31765],[120.53469,24.3175],[120.53466,24.31734],[120.53465,24.31723],[120.53451,24.31705],[120.53428,24.3169],[120.53415,24.31681],[120.53398,24.31674],[120.53378,24.31665],[120.53362,24.31654],[120.53348,24.31639],[120.53331,24.31626],[120.53324,24.31611],[120.53313,24.31602],[120.53294,24.31578],[120.53282,24.31561],[120.53269,24.31541],[120.53255,24.31518],[120.53243,24.31499],[120.53229,24.31486],[120.53209,24.3147],[120.53191,24.31454],[120.53169,24.31442],[120.5314,24.31427],[120.53122,24.3142],[120.53107,24.31412],[120.531,24.31406],[120.53096,24.31394],[120.53092,24.31388],[120.53087,24.31387],[120.53081,24.31392],[120.53078,24.31398],[120.53078,24.31405],[120.53077,24.31415],[120.53074,24.31424],[120.53063,24.3144],[120.53057,24.3145],[120.53046,24.31466],[120.53036,24.31477],[120.53025,24.31489],[120.53008,24.31505],[120.53001,24.31509],[120.52993,24.31519],[120.52986,24.31527],[120.52981,24.31536],[120.52973,24.31548],[120.52972,24.31555],[120.52977,24.31567],[120.52978,24.31569]]],[[[120.5348,24.31617],[120.53479,24.31609],[120.53464,24.31551],[120.53464,24.31497],[120.53459,24.31468],[120.53471,24.31399],[120.53471,24.31393],[120.53464,24.31373],[120.53444,24.31357],[120.53424,24.31349],[120.53397,24.31345],[120.53362,24.31341],[120.53339,24.31341],[120.53317,24.31341],[120.53305,24.31344],[120.53276,24.31351],[120.53242,24.31359],[120.53214,24.31365],[120.53165,24.31378],[120.53131,24.31385],[120.5312,24.31391],[120.53117,24.31397],[120.53122,24.31402],[120.53133,24.31408],[120.5315,24.31416],[120.53166,24.31424],[120.53182,24.31433],[120.53204,24.31444],[120.53222,24.31456],[120.53238,24.31466],[120.5326,24.31486],[120.5327,24.315],[120.5328,24.31514],[120.5329,24.31528],[120.53303,24.31541],[120.53312,24.31548],[120.53332,24.31555],[120.5335,24.31565],[120.53365,24.31574],[120.53378,24.31583],[120.53402,24.31597],[120.53413,24.31608],[120.53423,24.31616],[120.53433,24.31627],[120.53451,24.31633],[120.5346,24.31632],[120.53475,24.31628],[120.5348,24.3162],[120.5348,24.31617]]],[[[120.48238,24.23654],[120.49067,24.25518],[120.50255,24.28627],[120.51477,24.29539],[120.52314,24.3112],[120.52852,24.31343],[120.5317,24.31206],[120.54256,24.30612],[120.54748,24.30659],[120.54896,24.31602],[120.53877,24.32103],[120.54912,24.32352],[120.55279,24.32588],[120.55091,24.32793],[120.55246,24.33015],[120.55186,24.33122],[120.55279,24.33255],[120.55311,24.33536],[120.55373,24.33718],[120.55727,24.34181],[120.55906,24.35214],[120.56474,24.36365],[120.56799,24.365],[120.56704,24.36614],[120.57294,24.3713],[120.57548,24.37496],[120.57792,24.37757],[120.58114,24.38342],[120.58648,24.39034],[120.58929,24.39748],[120.59215,24.40475],[120.59597,24.41045],[120.60971,24.42369],[120.6106,24.42507],[120.61342,24.4285],[120.61709,24.4276],[120.61559,24.43126],[120.62193,24.44015],[120.63273,24.43189],[120.64289,24.41789],[120.64835,24.41102],[120.65912,24.40574],[120.67128,24.39105],[120.6859,24.37875],[120.69477,24.36631],[120.72435,24.35408],[120.74793,24.33667],[120.76474,24.32568],[120.78152,24.31937],[120.79163,24.31752],[120.81326,24.31054],[120.83067,24.29316],[120.85756,24.28916],[120.8998,24.29273],[120.92185,24.30244],[120.91982,24.32319],[120.92462,24.33817],[120.94253,24.33907],[120.95719,24.33872],[120.97723,24.33468],[120.9954,24.33001],[121.00914,24.32616],[121.02496,24.3073],[121.0451,24.29532],[121.05409,24.30689],[121.063,24.31437],[121.07337,24.32175],[121.0854,24.31857],[121.09773,24.32361],[121.11545,24.32898],[121.12621,24.34152],[121.1367,24.35394],[121.15293,24.35881],[121.16848,24.36178],[121.17296,24.37334],[121.18894,24.38139],[121.20025,24.3977],[121.21053,24.38914],[121.22688,24.38308],[121.23679,24.40001],[121.24267,24.41093],[121.24869,24.42419],[121.26434,24.42876],[121.27689,24.42944],[121.29634,24.43328],[121.31582,24.44063],[121.3278,24.42746],[121.32527,24.40918],[121.33199,24.39643],[121.34163,24.39294],[121.36052,24.39054],[121.36853,24.38208],[121.37459,24.36883],[121.39003,24.37587],[121.40312,24.37846],[121.41767,24.37966],[121.43735,24.38294],[121.44918,24.36967],[121.44025,24.3583],[121.43463,24.34075],[121.43089,24.32115],[121.41504,24.30917],[121.40258,24.2971],[121.38642,24.28495],[121.38519,24.26394],[121.37245,24.25465],[121.35559,24.24519],[121.34667,24.22882],[121.32625,24.23297],[121.30332,24.23438],[121.29414,24.23088],[121.28397,24.23009],[121.27508,24.23593],[121.26565,24.24177],[121.24998,24.23624],[121.23777,24.22022],[121.22815,24.22648],[121.21793,24.22871],[121.1982,24.22351],[121.18377,24.21426],[121.16797,24.22573],[121.16028,24.21549],[121.1461,24.20969],[121.13259,24.1975],[121.11407,24.19757],[121.1012,24.19595],[121.09096,24.1834],[121.07686,24.17279],[121.06611,24.1662],[121.05555,24.15814],[121.04198,24.1594],[121.03078,24.15158],[121.02363,24.15874],[121.01056,24.15143],[121.00591,24.13985],[120.99801,24.12664],[120.98782,24.11936],[120.97233,24.11956],[120.95375,24.1259],[120.93777,24.11739],[120.91698,24.10774],[120.90593,24.11351],[120.89061,24.1152],[120.89184,24.10312],[120.88507,24.09295],[120.87825,24.08599],[120.88091,24.1021],[120.87743,24.10998],[120.86893,24.11757],[120.85814,24.11658],[120.84859,24.12378],[120.83784,24.11786],[120.83409,24.10672],[120.83072,24.09593],[120.82867,24.08264],[120.82537,24.07115],[120.81387,24.06906],[120.80727,24.06301],[120.80362,24.05328],[120.79717,24.04375],[120.79169,24.0351],[120.78882,24.03058],[120.78407,24.02416],[120.77678,24.01939],[120.7712,24.01136],[120.76008,24.00647],[120.75424,24.0026],[120.73377,24.00804],[120.66477,24.02335],[120.64486,24.03281],[120.63856,24.02804],[120.62423,24.03321],[120.62447,24.04935],[120.6214,24.07231],[120.61374,24.09454],[120.59998,24.10514],[120.55809,24.11251],[120.53823,24.12453],[120.52527,24.14411],[120.51591,24.16943],[120.49223,24.21377],[120.48476,24.20611],[120.48145,24.20758],[120.47477,24.20868],[120.4683,24.21314],[120.47544,24.23006],[120.48238,24.23654]]]]}},{"properties":{"COUNTYSN":"10011001","COUNTYNAME":"台南市","name":"台南市"},"type":"Feature","geometry":{"type":"Polygon","coordinates":[[[120.57824,23.21478],[120.58665,23.22418],[120.5924,23.23979],[120.59796,23.22855],[120.61535,23.22353],[120.62469,23.22713],[120.63379,23.22918],[120.6444,23.22538],[120.6529,23.22424],[120.65389,23.21538],[120.64829,23.20854],[120.64078,23.19825],[120.63711,23.18904],[120.63791,23.18104],[120.62976,23.17446],[120.62534,23.16778],[120.61639,23.1627],[120.61172,23.15472],[120.60566,23.14718],[120.59968,23.14154],[120.59553,23.13537],[120.59031,23.12678],[120.58813,23.11418],[120.58101,23.10445],[120.57409,23.09434],[120.56698,23.08192],[120.55968,23.07628],[120.55098,23.06745],[120.53999,23.06199],[120.53256,23.05691],[120.52366,23.04771],[120.51774,23.04294],[120.50926,23.03519],[120.50214,23.02761],[120.48853,23.0196],[120.48044,23.00737],[120.475,23.0032],[120.46329,23.00347],[120.46115,22.99775],[120.46105,22.99068],[120.45472,22.99009],[120.45464,22.9821],[120.45106,22.97835],[120.44247,22.97627],[120.43769,22.96428],[120.43272,22.95314],[120.4285,22.9416],[120.42486,22.93344],[120.42127,22.92651],[120.4176,22.91928],[120.40782,22.91326],[120.40244,22.91825],[120.39509,22.92248],[120.38869,22.92064],[120.38391,22.92013],[120.38035,22.91863],[120.37376,22.91404],[120.37257,22.90727],[120.36679,22.90519],[120.362,22.90098],[120.36147,22.90066],[120.35773,22.89468],[120.35546,22.89197],[120.35239,22.88947],[120.34728,22.89],[120.32828,22.89566],[120.3197,22.89494],[120.29485,22.90246],[120.27948,22.89747],[120.26048,22.90175],[120.25646,22.89402],[120.2328,22.90563],[120.22392,22.91293],[120.20054,22.91647],[120.17519,22.91303],[120.17567,22.93189],[120.16466,22.96318],[120.15676,22.97143],[120.15938,22.9713],[120.15817,22.9751],[120.14429,22.99143],[120.13649,22.99881],[120.13412,23.0004],[120.12667,23.00592],[120.11631,23.01395],[120.10893,23.01945],[120.08195,23.03527],[120.05121,23.05506],[120.03204,23.0753],[120.03491,23.09571],[120.0362,23.10253],[120.0382,23.10502],[120.05336,23.13156],[120.06204,23.15068],[120.06869,23.18049],[120.06899,23.1817],[120.06847,23.18454],[120.07256,23.191],[120.07532,23.1944],[120.07727,23.19805],[120.08035,23.20806],[120.08256,23.21093],[120.08179,23.21436],[120.08247,23.22374],[120.08192,23.22535],[120.08069,23.22944],[120.08109,23.23084],[120.08118,23.23342],[120.08112,23.23523],[120.08902,23.24828],[120.0945,23.2755],[120.09555,23.28748],[120.10391,23.29577],[120.10681,23.29601],[120.1076,23.29698],[120.10471,23.29877],[120.11324,23.31592],[120.11536,23.33296],[120.1475,23.32069],[120.15515,23.31155],[120.17391,23.29978],[120.18764,23.29002],[120.18952,23.30095],[120.20899,23.2914],[120.22799,23.30873],[120.23863,23.32735],[120.26284,23.33699],[120.26567,23.35227],[120.2782,23.34768],[120.28401,23.35802],[120.29086,23.37289],[120.308,23.37495],[120.31485,23.3885],[120.32889,23.38491],[120.34303,23.39823],[120.36727,23.40295],[120.40708,23.41189],[120.41815,23.40808],[120.42331,23.40641],[120.43184,23.40941],[120.43684,23.41229],[120.4425,23.41243],[120.45425,23.40662],[120.46092,23.40471],[120.46855,23.40049],[120.47544,23.39462],[120.47856,23.389],[120.48547,23.39221],[120.48879,23.39371],[120.49492,23.39435],[120.49906,23.38807],[120.49093,23.38276],[120.48339,23.37558],[120.48746,23.37206],[120.49374,23.37023],[120.50215,23.36881],[120.50488,23.36754],[120.50964,23.36449],[120.51122,23.36211],[120.51247,23.35636],[120.5049,23.35489],[120.50551,23.34575],[120.51045,23.3441],[120.51783,23.3426],[120.52377,23.34008],[120.53125,23.33704],[120.53839,23.33003],[120.53176,23.31944],[120.52487,23.31369],[120.52407,23.30332],[120.52595,23.29214],[120.52294,23.28405],[120.52225,23.27405],[120.52646,23.26456],[120.53205,23.25542],[120.52425,23.24208],[120.52102,23.23676],[120.52716,23.23117],[120.53756,23.22845],[120.54766,23.22443],[120.55489,23.21754],[120.56891,23.21947],[120.57824,23.21478]]]}},{"properties":{"COUNTYSN":"10017001","COUNTYNAME":"基隆市","name":"基隆市"},"type":"Feature","geometry":{"type":"MultiPolygon","coordinates":[[[[121.78196,25.18914],[121.7819,25.18914],[121.78188,25.18927],[121.78181,25.18926],[121.78174,25.18917],[121.78169,25.18918],[121.78171,25.18955],[121.78164,25.18968],[121.78165,25.18981],[121.78177,25.19001],[121.78212,25.19037],[121.78209,25.19045],[121.78197,25.19044],[121.78195,25.19047],[121.78207,25.19084],[121.78214,25.19095],[121.7825,25.19117],[121.78255,25.19129],[121.78266,25.1914],[121.78263,25.19159],[121.78273,25.19166],[121.78288,25.19168],[121.78312,25.19215],[121.78326,25.19242],[121.78348,25.19262],[121.7836,25.19269],[121.78361,25.19278],[121.78379,25.19293],[121.78382,25.19315],[121.78392,25.19326],[121.78406,25.19333],[121.78415,25.19347],[121.78419,25.19347],[121.78433,25.19337],[121.78436,25.19337],[121.78438,25.19347],[121.7845,25.19349],[121.78455,25.19345],[121.78457,25.19338],[121.78464,25.19336],[121.78473,25.19349],[121.78479,25.19349],[121.78483,25.19348],[121.78482,25.19334],[121.78503,25.1934],[121.78508,25.19346],[121.78516,25.19347],[121.78528,25.19358],[121.78537,25.19359],[121.78544,25.19368],[121.78556,25.19369],[121.78567,25.19379],[121.78583,25.1938],[121.78588,25.19383],[121.78582,25.19411],[121.7859,25.1941],[121.7859,25.19417],[121.78575,25.19445],[121.78574,25.19454],[121.78582,25.1948],[121.78603,25.19496],[121.78659,25.19514],[121.78665,25.19522],[121.78673,25.19528],[121.78688,25.19549],[121.78694,25.19552],[121.78703,25.19551],[121.78706,25.19542],[121.78698,25.19479],[121.7869,25.19466],[121.78691,25.19463],[121.78707,25.19474],[121.7872,25.19477],[121.78731,25.19488],[121.78738,25.19489],[121.78747,25.19498],[121.78755,25.19511],[121.78761,25.19512],[121.78765,25.19511],[121.78766,25.19508],[121.78763,25.19499],[121.78765,25.19496],[121.78779,25.19505],[121.78782,25.19501],[121.78765,25.19478],[121.78766,25.19475],[121.78779,25.19472],[121.78804,25.19487],[121.78819,25.19492],[121.78831,25.19493],[121.78834,25.19491],[121.78836,25.19475],[121.78839,25.19473],[121.78844,25.19478],[121.78854,25.19474],[121.78852,25.19465],[121.78854,25.1946],[121.78877,25.19506],[121.78892,25.19519],[121.789,25.19512],[121.78899,25.19504],[121.78885,25.1949],[121.78879,25.19478],[121.7887,25.19452],[121.78889,25.19469],[121.78892,25.19468],[121.78882,25.1944],[121.78883,25.1943],[121.78868,25.19378],[121.78844,25.19346],[121.78806,25.19329],[121.78807,25.19323],[121.78817,25.19318],[121.78824,25.19318],[121.78831,25.19325],[121.78842,25.19325],[121.78847,25.19335],[121.78854,25.19337],[121.78859,25.19329],[121.78856,25.1932],[121.78847,25.19319],[121.78846,25.1931],[121.7884,25.19294],[121.78847,25.19283],[121.78857,25.19282],[121.78877,25.19294],[121.78906,25.19293],[121.78918,25.19302],[121.78935,25.19299],[121.7896,25.1929],[121.78983,25.19308],[121.7899,25.19302],[121.78988,25.19282],[121.78985,25.1928],[121.78989,25.19275],[121.78988,25.19265],[121.78974,25.19264],[121.78966,25.19256],[121.78942,25.19247],[121.78909,25.19244],[121.78867,25.19233],[121.78791,25.19186],[121.78766,25.19182],[121.78762,25.19179],[121.78761,25.19165],[121.78771,25.19166],[121.78779,25.19164],[121.7878,25.1915],[121.78797,25.19147],[121.78813,25.19152],[121.78821,25.1916],[121.78834,25.19156],[121.78841,25.19161],[121.78846,25.19158],[121.7885,25.19147],[121.78839,25.19144],[121.788,25.19119],[121.78782,25.1911],[121.78768,25.19111],[121.78767,25.1912],[121.78756,25.19121],[121.78752,25.19118],[121.7875,25.1911],[121.78756,25.19107],[121.78759,25.19099],[121.78713,25.19075],[121.78699,25.1907],[121.78684,25.1907],[121.78668,25.19075],[121.78662,25.1907],[121.78651,25.19055],[121.78632,25.19049],[121.7862,25.19051],[121.78623,25.1907],[121.7864,25.1907],[121.7864,25.19085],[121.78637,25.19093],[121.78625,25.19094],[121.78584,25.19086],[121.78579,25.19089],[121.78576,25.19097],[121.78564,25.19096],[121.78521,25.19082],[121.78504,25.19071],[121.78483,25.19036],[121.78484,25.19032],[121.78494,25.19021],[121.78483,25.19007],[121.78462,25.19011],[121.78454,25.1899],[121.78444,25.18994],[121.78441,25.19009],[121.78422,25.19011],[121.78379,25.19002],[121.78361,25.1899],[121.78349,25.18987],[121.78323,25.18973],[121.78294,25.18965],[121.78259,25.18945],[121.78217,25.18928],[121.78196,25.18914]]],[[[121.7379,25.16103],[121.73846,25.16131],[121.7385,25.16132],[121.73852,25.16132],[121.73853,25.1613],[121.73846,25.1612],[121.73845,25.16117],[121.73844,25.16114],[121.73845,25.1611],[121.73846,25.16106],[121.73846,25.16101],[121.73844,25.16095],[121.7384,25.16092],[121.73832,25.16089],[121.73813,25.16086],[121.73785,25.16082],[121.73781,25.16083],[121.73779,25.16084],[121.73778,25.16086],[121.73779,25.16089],[121.73782,25.16096],[121.73787,25.16101],[121.7379,25.16103]]],[[[121.77994,25.15214],[121.77999,25.15211],[121.78002,25.15186],[121.78,25.1518],[121.77994,25.15177],[121.77966,25.15172],[121.77959,25.15169],[121.77951,25.15163],[121.77947,25.15161],[121.77942,25.15161],[121.77935,25.15165],[121.77928,25.15166],[121.77921,25.15162],[121.77914,25.15163],[121.77898,25.15185],[121.77899,25.15189],[121.77903,25.15194],[121.7791,25.15198],[121.77975,25.15212],[121.77986,25.15213],[121.77994,25.15214]]],[[[121.78308,25.15185],[121.78315,25.15184],[121.78319,25.15182],[121.78321,25.15178],[121.78321,25.15174],[121.78318,25.15171],[121.78304,25.15168],[121.78301,25.15165],[121.78301,25.15161],[121.78304,25.15159],[121.78312,25.15155],[121.78314,25.1515],[121.78314,25.15146],[121.78301,25.15133],[121.78283,25.1512],[121.78275,25.15118],[121.7827,25.15119],[121.78252,25.15126],[121.78241,25.15127],[121.7823,25.15123],[121.78205,25.1511],[121.78198,25.15109],[121.78191,25.1511],[121.78184,25.15114],[121.78184,25.15118],[121.78186,25.15121],[121.78194,25.15126],[121.78207,25.15156],[121.78207,25.15159],[121.78206,25.15162],[121.78202,25.15163],[121.78196,25.15162],[121.78189,25.15158],[121.78174,25.15145],[121.78166,25.15141],[121.78162,25.15141],[121.78158,25.15144],[121.78149,25.15158],[121.78151,25.15162],[121.78154,25.15165],[121.78159,25.15166],[121.78164,25.15167],[121.78174,25.15179],[121.78179,25.15179],[121.78184,25.15178],[121.78193,25.15168],[121.78205,25.1517],[121.78209,25.15174],[121.78206,25.1518],[121.78212,25.15186],[121.78223,25.15187],[121.78227,25.1519],[121.7823,25.15192],[121.78235,25.15192],[121.78239,25.15187],[121.78243,25.15188],[121.78248,25.15196],[121.78255,25.15203],[121.78261,25.15205],[121.78266,25.15203],[121.78277,25.15196],[121.78294,25.15186],[121.78308,25.15185]]],[[[121.73387,25.15875],[121.73581,25.15936],[121.73559,25.16005],[121.73746,25.16046],[121.73859,25.16078],[121.73905,25.15947],[121.74356,25.15671],[121.74307,25.15652],[121.74354,25.15657],[121.74419,25.15703],[121.7463,25.15713],[121.74819,25.15646],[121.75144,25.15809],[121.75839,25.1611],[121.76037,25.16043],[121.7616,25.16122],[121.76188,25.1623],[121.76242,25.16263],[121.76292,25.1636],[121.76388,25.16353],[121.76476,25.16354],[121.76558,25.16314],[121.7664,25.16286],[121.76735,25.1624],[121.7679,25.16204],[121.76868,25.16204],[121.7695,25.16159],[121.77084,25.15998],[121.77148,25.15991],[121.77272,25.15995],[121.77359,25.16025],[121.77549,25.15966],[121.77946,25.15907],[121.77644,25.15829],[121.77372,25.15651],[121.76911,25.15361],[121.77041,25.15518],[121.77333,25.15521],[121.77531,25.1521],[121.77479,25.15465],[121.77575,25.15388],[121.77907,25.15126],[121.78061,25.1511],[121.78255,25.15073],[121.78697,25.14871],[121.78862,25.1475],[121.78861,25.14787],[121.78425,25.14843],[121.78626,25.14702],[121.78637,25.14572],[121.78717,25.14475],[121.79071,25.14621],[121.79135,25.14475],[121.79524,25.14157],[121.79239,25.14607],[121.79136,25.14667],[121.79283,25.14691],[121.79763,25.14735],[121.79896,25.1465],[121.80215,25.14794],[121.80655,25.14832],[121.80816,25.14686],[121.80661,25.14642],[121.80392,25.14366],[121.80406,25.14251],[121.80364,25.14114],[121.80279,25.14028],[121.80363,25.13882],[121.8038,25.13747],[121.80357,25.1337],[121.80544,25.13043],[121.80435,25.12849],[121.80493,25.12514],[121.8019,25.12231],[121.79928,25.12439],[121.7947,25.12638],[121.79414,25.12341],[121.79759,25.11986],[121.79875,25.11845],[121.79803,25.11627],[121.79586,25.11378],[121.79211,25.11285],[121.78628,25.11755],[121.78295,25.11671],[121.77878,25.11793],[121.77585,25.1187],[121.77197,25.11908],[121.76971,25.11492],[121.76562,25.11315],[121.76113,25.11235],[121.75726,25.11023],[121.7519,25.11101],[121.7502,25.10885],[121.75391,25.10869],[121.75693,25.10698],[121.75748,25.1041],[121.75748,25.10268],[121.75832,25.10126],[121.75945,25.09633],[121.75949,25.09109],[121.75929,25.0857],[121.76148,25.07853],[121.76787,25.0785],[121.77172,25.07494],[121.77551,25.07033],[121.7729,25.0664],[121.7701,25.0635],[121.76689,25.06108],[121.76467,25.05849],[121.76215,25.05724],[121.75945,25.05926],[121.75672,25.05927],[121.7534,25.05791],[121.74924,25.05544],[121.74657,25.05347],[121.74326,25.05249],[121.74087,25.05309],[121.73812,25.05433],[121.73421,25.05384],[121.73038,25.05333],[121.72691,25.05673],[121.72199,25.05927],[121.71896,25.06171],[121.71495,25.0664],[121.7104,25.06797],[121.70519,25.06699],[121.70037,25.06734],[121.69321,25.07031],[121.68921,25.07155],[121.68508,25.07403],[121.68194,25.07663],[121.67994,25.07831],[121.67994,25.0804],[121.6804,25.08458],[121.68116,25.08807],[121.67603,25.08455],[121.66947,25.0851],[121.66633,25.08802],[121.66295,25.08958],[121.66035,25.0908],[121.65759,25.09278],[121.65589,25.09509],[121.65226,25.09783],[121.65054,25.1001],[121.65015,25.10333],[121.65169,25.10564],[121.65007,25.1097],[121.64763,25.11191],[121.64606,25.11607],[121.64618,25.11954],[121.64473,25.12206],[121.64329,25.12712],[121.6408,25.12952],[121.63601,25.13059],[121.63296,25.13124],[121.63008,25.13387],[121.62711,25.1389],[121.63017,25.14196],[121.63487,25.14389],[121.63955,25.14565],[121.6432,25.14533],[121.64962,25.14488],[121.65148,25.14796],[121.65571,25.14917],[121.66023,25.15214],[121.66445,25.15229],[121.66807,25.15321],[121.67041,25.15477],[121.67564,25.15575],[121.67822,25.15719],[121.68262,25.1593],[121.68502,25.16025],[121.68772,25.16232],[121.69028,25.16528],[121.6934,25.16642],[121.69593,25.1666],[121.69827,25.1669],[121.70054,25.16894],[121.70219,25.17255],[121.70382,25.17396],[121.70788,25.17476],[121.70857,25.17438],[121.70931,25.17007],[121.70783,25.16812],[121.70774,25.167],[121.70769,25.1673],[121.70737,25.16616],[121.70714,25.16496],[121.71212,25.16445],[121.71638,25.16646],[121.71921,25.16454],[121.7252,25.16481],[121.72781,25.16336],[121.73041,25.16387],[121.73339,25.16128],[121.73361,25.15936],[121.73358,25.15889],[121.73387,25.15875]]],[[[121.78329,25.19498],[121.78319,25.19499],[121.78312,25.19506],[121.78317,25.19517],[121.78312,25.19521],[121.78314,25.19532],[121.78333,25.19547],[121.78354,25.19556],[121.78361,25.19556],[121.78364,25.19547],[121.78367,25.19547],[121.78377,25.1956],[121.7838,25.1956],[121.78383,25.19558],[121.78384,25.19525],[121.78376,25.19512],[121.7837,25.19508],[121.78357,25.19505],[121.78351,25.195],[121.78329,25.19498]]]]}},{"properties":{"COUNTYSN":"09007001","COUNTYNAME":"連江縣","name":"連江縣"},"type":"Feature","geometry":{"type":"MultiPolygon","coordinates":[[[[119.97044,26.16379],[119.96927,26.16359],[119.969,26.16339],[119.96966,26.16228],[119.96883,26.16164],[119.96935,26.16071],[119.96809,26.1596],[119.96823,26.1588],[119.96779,26.15718],[119.96658,26.15654],[119.96637,26.15623],[119.96591,26.15622],[119.96515,26.15611],[119.96454,26.15553],[119.96439,26.15508],[119.96425,26.15467],[119.96457,26.15426],[119.96425,26.15394],[119.96386,26.15349],[119.9632,26.15279],[119.96288,26.15177],[119.9626,26.15094],[119.96217,26.15063],[119.96128,26.15035],[119.96092,26.14955],[119.95963,26.14972],[119.95798,26.15171],[119.95639,26.15205],[119.95493,26.15035],[119.95439,26.14842],[119.95412,26.14789],[119.95382,26.14724],[119.95178,26.14653],[119.95125,26.14532],[119.95048,26.14483],[119.9499,26.14452],[119.94902,26.14345],[119.94923,26.14281],[119.94847,26.14259],[119.94753,26.14194],[119.94596,26.14172],[119.94395,26.14175],[119.94297,26.14189],[119.94231,26.14313],[119.94166,26.14436],[119.94036,26.14384],[119.93948,26.14318],[119.93863,26.14275],[119.93771,26.14303],[119.93712,26.14235],[119.93657,26.142],[119.93624,26.14167],[119.93619,26.14123],[119.93549,26.14135],[119.93532,26.13907],[119.93453,26.13834],[119.93315,26.13856],[119.9324,26.13779],[119.93122,26.13702],[119.92977,26.13708],[119.92889,26.13701],[119.92851,26.1382],[119.92877,26.1402],[119.92666,26.14043],[119.92605,26.14039],[119.92507,26.14046],[119.9229,26.13996],[119.92193,26.14015],[119.92119,26.14039],[119.91969,26.14072],[119.9188,26.14125],[119.91807,26.1415],[119.91858,26.14248],[119.91783,26.14371],[119.91673,26.1433],[119.91637,26.14314],[119.91527,26.14285],[119.91464,26.14395],[119.91442,26.14464],[119.91507,26.14561],[119.91592,26.14701],[119.91739,26.14933],[119.92015,26.15218],[119.91954,26.15324],[119.92155,26.15482],[119.92177,26.1579],[119.92013,26.15847],[119.91794,26.15844],[119.91976,26.16008],[119.92033,26.1614],[119.92234,26.16133],[119.9227,26.16276],[119.92297,26.16398],[119.92383,26.16449],[119.92413,26.16552],[119.92224,26.16641],[119.92101,26.16774],[119.92139,26.16929],[119.92147,26.17058],[119.92104,26.17125],[119.92135,26.17223],[119.92147,26.17352],[119.92185,26.17405],[119.92261,26.174],[119.92311,26.17406],[119.92383,26.17427],[119.92377,26.17373],[119.9249,26.1737],[119.92558,26.17343],[119.92604,26.17306],[119.92612,26.17211],[119.92656,26.17139],[119.92744,26.17076],[119.92913,26.17034],[119.93076,26.17057],[119.93236,26.17083],[119.93363,26.1707],[119.93481,26.17067],[119.93435,26.17026],[119.9341,26.16928],[119.93425,26.16859],[119.93338,26.16811],[119.93143,26.16824],[119.93168,26.16697],[119.93163,26.16611],[119.93089,26.16501],[119.93001,26.16353],[119.92985,26.16229],[119.92946,26.16136],[119.93078,26.16014],[119.93255,26.15995],[119.93324,26.15949],[119.93487,26.15997],[119.93582,26.1608],[119.93686,26.16071],[119.93655,26.15988],[119.93692,26.15837],[119.93621,26.15896],[119.93651,26.15786],[119.9373,26.1574],[119.93999,26.15802],[119.94074,26.15749],[119.93972,26.15549],[119.94069,26.15428],[119.94304,26.15428],[119.94497,26.15615],[119.94869,26.15857],[119.94566,26.1615],[119.9491,26.16258],[119.95106,26.16394],[119.95366,26.1656],[119.95577,26.1661],[119.95713,26.16725],[119.95861,26.16613],[119.95878,26.16505],[119.95848,26.16394],[119.96037,26.16446],[119.96105,26.16608],[119.96192,26.16671],[119.96272,26.16704],[119.96358,26.16696],[119.96512,26.16722],[119.9657,26.16711],[119.96603,26.16658],[119.96671,26.16654],[119.96805,26.16605],[119.96908,26.16567],[119.97011,26.16544],[119.97045,26.16536],[119.97051,26.16586],[119.97188,26.16651],[119.97248,26.16702],[119.97346,26.16728],[119.97337,26.1666],[119.97319,26.16629],[119.97271,26.16617],[119.97233,26.16614],[119.97187,26.16599],[119.9718,26.16555],[119.97144,26.16525],[119.971,26.16519],[119.97056,26.16502],[119.97047,26.16436],[119.97044,26.16379]],[[119.97037,26.16406],[119.97034,26.16405],[119.97032,26.16405],[119.97031,26.16405],[119.97031,26.16406],[119.9703,26.16406],[119.97029,26.16408],[119.97028,26.16408],[119.97028,26.16407],[119.97028,26.16405],[119.97028,26.16404],[119.97028,26.16403],[119.97027,26.16403],[119.97025,26.16402],[119.97022,26.164],[119.97021,26.16399],[119.9702,26.16399],[119.97019,26.16397],[119.97016,26.16396],[119.97016,26.16396],[119.97011,26.16394],[119.97008,26.16392],[119.97003,26.16389],[119.97001,26.16387],[119.96998,26.16384],[119.97001,26.16386],[119.97007,26.1639],[119.97012,26.16393],[119.97018,26.16396],[119.97022,26.16397],[119.97024,26.16397],[119.97025,26.16398],[119.97028,26.164],[119.97029,26.16402],[119.97032,26.16404],[119.97037,26.16406]],[[119.96984,26.16375],[119.9699,26.16379],[119.96989,26.16378],[119.96984,26.16375]],[[119.9699,26.16379],[119.96993,26.1638],[119.96996,26.16383],[119.96994,26.16383],[119.96991,26.16381],[119.9699,26.16381],[119.9699,26.16379]]],[[[120.00378,26.24844],[120.00412,26.24861],[120.00421,26.24853],[120.00432,26.24859],[120.00453,26.24853],[120.00464,26.24837],[120.00457,26.24821],[120.00455,26.24807],[120.0046,26.24803],[120.00467,26.2481],[120.00478,26.24821],[120.00494,26.2483],[120.00512,26.24835],[120.00532,26.2484],[120.00549,26.24828],[120.00549,26.24818],[120.00558,26.24813],[120.00575,26.24809],[120.00581,26.24796],[120.00583,26.24788],[120.00582,26.24779],[120.006,26.24772],[120.00608,26.24759],[120.00618,26.24751],[120.00635,26.24737],[120.00653,26.24735],[120.00677,26.24754],[120.00699,26.24763],[120.0072,26.24776],[120.00726,26.24797],[120.00749,26.24804],[120.00766,26.24818],[120.00771,26.24829],[120.00806,26.24851],[120.00828,26.24873],[120.0082,26.24879],[120.00834,26.24901],[120.00859,26.24956],[120.00875,26.24966],[120.00896,26.24992],[120.00915,26.25005],[120.00925,26.25006],[120.00938,26.25011],[120.00955,26.24996],[120.00973,26.24985],[120.00986,26.24975],[120.00986,26.24971],[120.00993,26.24968],[120.01003,26.24962],[120.01006,26.24949],[120.01013,26.24941],[120.01031,26.24942],[120.01049,26.24939],[120.01058,26.24924],[120.01061,26.24931],[120.01073,26.24943],[120.01097,26.24953],[120.01118,26.24941],[120.01134,26.24945],[120.01186,26.24969],[120.01206,26.24943],[120.01202,26.24931],[120.01182,26.24907],[120.0119,26.24906],[120.0118,26.2489],[120.01185,26.24879],[120.01192,26.2487],[120.01192,26.24857],[120.01162,26.24839],[120.01154,26.24823],[120.01149,26.2481],[120.0113,26.24808],[120.01126,26.24785],[120.01118,26.24766],[120.0112,26.24744],[120.01124,26.24741],[120.01118,26.24724],[120.01097,26.24691],[120.01076,26.24664],[120.01081,26.24642],[120.01064,26.24612],[120.01052,26.24602],[120.01061,26.24603],[120.01055,26.24586],[120.01054,26.24574],[120.01037,26.24561],[120.01047,26.24552],[120.01037,26.24538],[120.01021,26.24546],[120.01017,26.24553],[120.01026,26.2456],[120.01017,26.24562],[120.00989,26.24579],[120.00979,26.24587],[120.00969,26.24601],[120.0096,26.24603],[120.00942,26.24595],[120.00936,26.24599],[120.00937,26.2461],[120.0092,26.24604],[120.00909,26.24582],[120.00898,26.24577],[120.00887,26.24565],[120.00881,26.2453],[120.00883,26.24503],[120.0089,26.24482],[120.00896,26.24472],[120.00881,26.24455],[120.00865,26.24445],[120.00868,26.24441],[120.00877,26.24443],[120.00882,26.24433],[120.00881,26.24418],[120.00873,26.24408],[120.00873,26.244],[120.00877,26.24395],[120.00848,26.2437],[120.00826,26.24359],[120.00808,26.24352],[120.00787,26.24349],[120.0077,26.24359],[120.0076,26.2436],[120.00744,26.2436],[120.00731,26.24364],[120.00711,26.24365],[120.00702,26.24364],[120.00688,26.2438],[120.00689,26.24392],[120.00677,26.24398],[120.00666,26.24395],[120.00661,26.2439],[120.00655,26.24374],[120.00651,26.24367],[120.00634,26.24359],[120.00605,26.2435],[120.00593,26.24339],[120.00583,26.24325],[120.00577,26.243],[120.00561,26.24277],[120.00531,26.24261],[120.00506,26.24252],[120.00497,26.24232],[120.00454,26.24202],[120.00428,26.24183],[120.00395,26.24167],[120.00384,26.24158],[120.00386,26.24135],[120.00385,26.24127],[120.00379,26.24118],[120.00379,26.24109],[120.00367,26.24087],[120.00351,26.24086],[120.0034,26.24085],[120.00336,26.2408],[120.00313,26.24079],[120.00294,26.24073],[120.00279,26.24068],[120.0027,26.24068],[120.00268,26.24079],[120.00261,26.24075],[120.00255,26.24081],[120.00241,26.24068],[120.00233,26.24069],[120.00223,26.24074],[120.00218,26.24072],[120.00212,26.24066],[120.00207,26.24064],[120.00177,26.24066],[120.00134,26.24067],[120.00117,26.24084],[120.00114,26.24092],[120.00103,26.24097],[120.00093,26.24107],[120.00094,26.24128],[120.00073,26.24151],[120.00074,26.24191],[120.00081,26.24209],[120.00069,26.24216],[120.00067,26.24222],[120.00086,26.24253],[120.00081,26.24259],[120.00096,26.24276],[120.00099,26.24286],[120.00108,26.24306],[120.00137,26.24316],[120.00121,26.24329],[120.00126,26.24336],[120.00117,26.24343],[120.00117,26.24346],[120.00138,26.24338],[120.00151,26.24353],[120.00163,26.24357],[120.00155,26.24366],[120.00135,26.2438],[120.00146,26.24403],[120.00149,26.24412],[120.00154,26.24417],[120.00154,26.24425],[120.00154,26.24446],[120.00159,26.24463],[120.00168,26.24477],[120.00181,26.24483],[120.00185,26.24502],[120.00202,26.24541],[120.00216,26.24565],[120.00238,26.24579],[120.00256,26.24591],[120.00278,26.24616],[120.00296,26.24639],[120.00305,26.24666],[120.00311,26.2469],[120.00313,26.24707],[120.00334,26.24737],[120.00338,26.24757],[120.00378,26.24844]]],[[[120.01212,26.24966],[120.01208,26.24976],[120.01207,26.24988],[120.01209,26.24994],[120.01208,26.25003],[120.01213,26.25008],[120.0121,26.25014],[120.0122,26.2503],[120.01229,26.25037],[120.01244,26.25034],[120.01249,26.25037],[120.0126,26.25056],[120.01266,26.25065],[120.01271,26.25067],[120.01284,26.25063],[120.01287,26.25057],[120.01279,26.25049],[120.01267,26.2504],[120.01263,26.25031],[120.01269,26.25024],[120.01278,26.25028],[120.01279,26.25027],[120.01275,26.25018],[120.01269,26.25011],[120.0127,26.25002],[120.01273,26.24995],[120.01266,26.24991],[120.01265,26.24985],[120.01265,26.24978],[120.01266,26.24971],[120.01259,26.24964],[120.01249,26.24956],[120.0124,26.24952],[120.01235,26.24946],[120.01226,26.24946],[120.01219,26.24949],[120.01218,26.24954],[120.01219,26.24962],[120.01219,26.24965],[120.01212,26.24966]]],[[[120.01299,26.25072],[120.0133,26.251],[120.01367,26.25136],[120.01375,26.2514],[120.01396,26.25157],[120.01418,26.25169],[120.01423,26.25176],[120.01417,26.25186],[120.0141,26.25197],[120.01429,26.25202],[120.01434,26.25215],[120.01427,26.25246],[120.0142,26.25249],[120.01413,26.25255],[120.01413,26.25282],[120.01414,26.25298],[120.01427,26.253],[120.01448,26.25305],[120.01453,26.25311],[120.01444,26.25319],[120.01439,26.2533],[120.01444,26.25338],[120.01446,26.25362],[120.01455,26.2538],[120.01484,26.25381],[120.01492,26.25403],[120.01497,26.25415],[120.01515,26.25421],[120.01529,26.2542],[120.01537,26.25418],[120.01563,26.25422],[120.01583,26.25418],[120.01576,26.25408],[120.01551,26.25397],[120.01539,26.25389],[120.01545,26.2539],[120.01557,26.25382],[120.01568,26.25381],[120.01573,26.25384],[120.01583,26.25382],[120.01587,26.25377],[120.01597,26.25373],[120.016,26.25379],[120.01607,26.25377],[120.0161,26.25376],[120.01613,26.25374],[120.0162,26.2536],[120.01634,26.25354],[120.01649,26.25344],[120.01665,26.25347],[120.01681,26.25342],[120.01684,26.25333],[120.0168,26.25317],[120.01679,26.25305],[120.01679,26.25294],[120.01669,26.25276],[120.01698,26.25293],[120.01721,26.25316],[120.0174,26.25327],[120.01755,26.25328],[120.01766,26.25324],[120.01802,26.25335],[120.01815,26.25337],[120.01832,26.25334],[120.0184,26.25332],[120.01847,26.2533],[120.01851,26.25335],[120.01861,26.25333],[120.01882,26.25333],[120.01895,26.25344],[120.01913,26.25345],[120.01923,26.25341],[120.01924,26.25337],[120.01932,26.2534],[120.01952,26.25342],[120.01977,26.25334],[120.01994,26.25328],[120.01984,26.25317],[120.01976,26.25317],[120.01976,26.2531],[120.01977,26.25294],[120.01987,26.25293],[120.02003,26.25291],[120.02017,26.25295],[120.02032,26.25289],[120.02027,26.25276],[120.02027,26.25272],[120.02043,26.25278],[120.02061,26.25281],[120.02062,26.25268],[120.02059,26.25255],[120.02022,26.25235],[120.01994,26.25227],[120.01984,26.25212],[120.01974,26.25215],[120.01963,26.25203],[120.01945,26.2519],[120.01931,26.25179],[120.01938,26.25178],[120.01941,26.25183],[120.01949,26.25186],[120.01959,26.25187],[120.01963,26.25181],[120.01957,26.25172],[120.01952,26.25169],[120.01951,26.25159],[120.01945,26.2516],[120.01946,26.25152],[120.0194,26.25153],[120.01936,26.2515],[120.01938,26.25145],[120.01933,26.2514],[120.01927,26.25141],[120.01924,26.25135],[120.0193,26.25125],[120.01928,26.25114],[120.0191,26.25107],[120.0189,26.25105],[120.01882,26.25113],[120.01866,26.25127],[120.01852,26.25133],[120.0184,26.25137],[120.01822,26.25125],[120.01798,26.2512],[120.01769,26.25116],[120.0173,26.25113],[120.0171,26.25116],[120.0169,26.25107],[120.01663,26.25103],[120.01656,26.25094],[120.01633,26.25089],[120.0162,26.25096],[120.0161,26.25107],[120.01599,26.25107],[120.01586,26.25117],[120.01575,26.25119],[120.01561,26.25108],[120.01555,26.25098],[120.0156,26.25085],[120.0155,26.25081],[120.01539,26.25078],[120.01534,26.25083],[120.01542,26.25092],[120.01542,26.25104],[120.01539,26.25116],[120.01534,26.25115],[120.01521,26.25104],[120.01508,26.2509],[120.01487,26.2507],[120.01479,26.25058],[120.01463,26.25047],[120.01434,26.25048],[120.01408,26.25054],[120.01394,26.25062],[120.01383,26.25056],[120.01366,26.25053],[120.01338,26.25053],[120.01325,26.25056],[120.01312,26.2506],[120.01302,26.25064],[120.01299,26.25072]]],[[[119.9968,26.25704],[119.99695,26.25715],[119.99713,26.25718],[119.99727,26.25716],[119.99734,26.25724],[119.99755,26.25732],[119.99776,26.25739],[119.99788,26.25742],[119.99786,26.25731],[119.9978,26.25716],[119.99779,26.25708],[119.9979,26.2573],[119.99797,26.25739],[119.99807,26.25742],[119.99816,26.2574],[119.99816,26.25727],[119.99824,26.25731],[119.99828,26.25731],[119.99827,26.25737],[119.99833,26.25734],[119.99834,26.25725],[119.99833,26.25721],[119.99835,26.2572],[119.99839,26.25723],[119.99842,26.25718],[119.99835,26.25715],[119.99836,26.25712],[119.99839,26.25712],[119.99843,26.25713],[119.99843,26.25706],[119.99834,26.25695],[119.99827,26.25687],[119.99826,26.25668],[119.99822,26.25659],[119.99817,26.25648],[119.99801,26.25639],[119.99786,26.25638],[119.99769,26.25636],[119.99754,26.25644],[119.99743,26.25646],[119.99741,26.25651],[119.99719,26.25668],[119.99714,26.25665],[119.99707,26.25669],[119.99709,26.25676],[119.99704,26.25677],[119.99695,26.25679],[119.99683,26.25688],[119.99684,26.25694],[119.99679,26.257],[119.9968,26.25704]]],[[[119.9981,26.25603],[119.99813,26.25606],[119.99827,26.25608],[119.99828,26.25611],[119.99819,26.25618],[119.99833,26.25621],[119.9985,26.25623],[119.99868,26.25622],[119.99882,26.25612],[119.99881,26.25602],[119.99873,26.25599],[119.99866,26.25592],[119.99862,26.25581],[119.99854,26.25577],[119.99841,26.25579],[119.99832,26.25574],[119.99829,26.25568],[119.9982,26.25566],[119.99816,26.25574],[119.99825,26.25576],[119.99829,26.25578],[119.99826,26.25581],[119.99814,26.2558],[119.99815,26.25585],[119.99815,26.25591],[119.99815,26.25595],[119.99811,26.25598],[119.9981,26.25603]]],[[[119.99804,26.25458],[119.99793,26.25458],[119.99791,26.25467],[119.99791,26.25475],[119.99794,26.25484],[119.99799,26.25492],[119.99804,26.25497],[119.99813,26.25501],[119.99824,26.25501],[119.99827,26.25498],[119.99837,26.255],[119.99842,26.25499],[119.99843,26.25496],[119.99846,26.25496],[119.99849,26.25498],[119.99857,26.25504],[119.99851,26.25504],[119.99849,26.25512],[119.99858,26.25512],[119.99867,26.25515],[119.99871,26.25518],[119.9987,26.25522],[119.99878,26.25525],[119.99887,26.25533],[119.99891,26.25529],[119.99888,26.25519],[119.99893,26.25516],[119.99894,26.25507],[119.9989,26.25502],[119.99878,26.25495],[119.99875,26.25492],[119.99875,26.25485],[119.99869,26.25482],[119.99861,26.25482],[119.99853,26.2548],[119.99847,26.25475],[119.99843,26.25468],[119.9984,26.25462],[119.9983,26.25454],[119.99811,26.25453],[119.99804,26.25458]]],[[[119.98093,26.27104],[119.98083,26.27118],[119.98092,26.27133],[119.98112,26.27148],[119.98126,26.27145],[119.98142,26.2715],[119.9816,26.27152],[119.98174,26.27159],[119.98184,26.27167],[119.98177,26.27179],[119.98171,26.27194],[119.98179,26.27214],[119.98191,26.27234],[119.98232,26.27237],[119.98249,26.2722],[119.9825,26.27206],[119.9825,26.27184],[119.98255,26.27168],[119.98263,26.27154],[119.98263,26.27143],[119.98259,26.27132],[119.98247,26.27125],[119.98219,26.27121],[119.98198,26.27124],[119.9818,26.27119],[119.98159,26.27123],[119.98142,26.27114],[119.98128,26.27111],[119.98116,26.27104],[119.98093,26.27104]]],[[[119.98683,26.2767],[119.98789,26.27752],[119.98856,26.27793],[119.9891,26.27798],[119.98891,26.27829],[119.98852,26.27917],[119.98997,26.27892],[119.99003,26.27839],[119.9906,26.27857],[119.9904,26.27887],[119.99126,26.27895],[119.99173,26.2787],[119.99216,26.27895],[119.99213,26.27948],[119.99228,26.27979],[119.9918,26.28011],[119.99179,26.28045],[119.99188,26.28054],[119.99174,26.28076],[119.99171,26.28121],[119.9927,26.28177],[119.99295,26.28182],[119.99346,26.28202],[119.99437,26.2825],[119.99535,26.28277],[119.99614,26.28312],[119.99609,26.28249],[119.99623,26.28249],[119.99634,26.28243],[119.99661,26.28207],[119.99671,26.28159],[119.99723,26.282],[119.99775,26.28202],[119.99789,26.28188],[119.99773,26.28165],[119.99735,26.28144],[119.99718,26.28124],[119.9975,26.28135],[119.99714,26.281],[119.99696,26.28092],[119.99657,26.28082],[119.99656,26.28117],[119.99632,26.28099],[119.99622,26.28118],[119.99612,26.28123],[119.99617,26.2809],[119.99571,26.2808],[119.99582,26.28075],[119.99615,26.28078],[119.99598,26.28023],[119.99565,26.27963],[119.99534,26.2797],[119.99505,26.27927],[119.99487,26.27883],[119.99447,26.27848],[119.99418,26.27844],[119.99438,26.27822],[119.99416,26.27754],[119.99437,26.27698],[119.99553,26.27748],[119.99599,26.2777],[119.99652,26.27767],[119.99677,26.27771],[119.99701,26.27749],[119.99692,26.27735],[119.9968,26.27728],[119.99649,26.27713],[119.99595,26.2767],[119.99608,26.27666],[119.99608,26.27644],[119.99587,26.27624],[119.99583,26.27611],[119.99533,26.27592],[119.995,26.2758],[119.99579,26.27559],[119.99647,26.27582],[119.99672,26.2757],[119.99696,26.27563],[119.99711,26.27547],[119.99722,26.27504],[119.99725,26.27472],[119.99727,26.27459],[119.99739,26.27477],[119.9974,26.27497],[119.99737,26.27513],[119.99754,26.27514],[119.99762,26.27498],[119.99773,26.27472],[119.99785,26.27457],[119.99793,26.27439],[119.9979,26.27418],[119.99785,26.27398],[119.99781,26.27381],[119.99785,26.27364],[119.99777,26.27356],[119.9976,26.27341],[119.99713,26.27319],[119.99635,26.27287],[119.99604,26.27278],[119.996,26.27257],[119.99604,26.27233],[119.99564,26.27202],[119.99547,26.27221],[119.99545,26.27187],[119.9952,26.27179],[119.99501,26.27191],[119.99471,26.27168],[119.99421,26.2713],[119.99455,26.27107],[119.99475,26.27083],[119.99484,26.27064],[119.99476,26.27049],[119.99442,26.27017],[119.9943,26.26975],[119.99432,26.26938],[119.99497,26.26962],[119.99509,26.26955],[119.99523,26.26962],[119.99545,26.2696],[119.9954,26.26953],[119.99552,26.26943],[119.99583,26.26943],[119.9959,26.26935],[119.99596,26.26902],[119.99574,26.26883],[119.99592,26.26879],[119.9959,26.26864],[119.99595,26.26848],[119.99583,26.26833],[119.99572,26.26808],[119.99545,26.26781],[119.99522,26.26764],[119.99493,26.26728],[119.99475,26.2672],[119.99439,26.26708],[119.99368,26.26692],[119.99348,26.26672],[119.99337,26.26681],[119.99331,26.2665],[119.99334,26.26604],[119.9934,26.26597],[119.99364,26.26594],[119.99342,26.26573],[119.99322,26.26577],[119.99272,26.26583],[119.99248,26.26594],[119.99226,26.2659],[119.99217,26.26564],[119.99152,26.26541],[119.99128,26.26518],[119.99101,26.2652],[119.99076,26.2653],[119.99059,26.26544],[119.99049,26.26582],[119.99018,26.26564],[119.98961,26.26548],[119.98935,26.26529],[119.98875,26.26502],[119.98796,26.26502],[119.98794,26.26522],[119.98735,26.26523],[119.98644,26.26537],[119.98614,26.26574],[119.98635,26.26637],[119.98629,26.2672],[119.98609,26.26721],[119.98584,26.26735],[119.98586,26.26724],[119.98562,26.26717],[119.98545,26.26733],[119.9855,26.26741],[119.98519,26.2675],[119.9851,26.26765],[119.98483,26.26774],[119.98456,26.26792],[119.98431,26.26809],[119.98427,26.26841],[119.98449,26.26869],[119.9846,26.26889],[119.9848,26.26917],[119.98506,26.26958],[119.9853,26.26981],[119.98519,26.27011],[119.98475,26.27015],[119.98467,26.27027],[119.98459,26.27033],[119.98426,26.2703],[119.98412,26.27032],[119.98404,26.27053],[119.98377,26.27066],[119.98418,26.27104],[119.98475,26.27126],[119.98516,26.27121],[119.98551,26.2712],[119.98594,26.27137],[119.98603,26.27161],[119.98649,26.27205],[119.98689,26.27222],[119.98717,26.27222],[119.98763,26.27227],[119.98792,26.27222],[119.98818,26.27205],[119.98891,26.27253],[119.98905,26.27274],[119.98917,26.27299],[119.98937,26.27332],[119.98924,26.27387],[119.98966,26.27444],[119.9897,26.27471],[119.98971,26.27555],[119.98932,26.27574],[119.98877,26.27589],[119.9882,26.27604],[119.98717,26.27651],[119.98683,26.2767]]],[[[120.01985,26.23789],[120.01993,26.23785],[120.0203,26.23798],[120.02042,26.23798],[120.02044,26.23795],[120.02052,26.23794],[120.0205,26.23781],[120.02078,26.23802],[120.02106,26.23809],[120.02119,26.23808],[120.02126,26.23798],[120.02145,26.23788],[120.02157,26.23783],[120.02172,26.2379],[120.02184,26.23793],[120.02198,26.23795],[120.02197,26.23807],[120.02212,26.23817],[120.0223,26.2382],[120.02253,26.23812],[120.02257,26.23791],[120.02248,26.23785],[120.02238,26.23781],[120.02225,26.23784],[120.02223,26.2378],[120.02233,26.23772],[120.0224,26.23768],[120.02252,26.23755],[120.02252,26.23737],[120.02241,26.23732],[120.02245,26.23723],[120.02258,26.23721],[120.02256,26.2371],[120.02248,26.23708],[120.02245,26.23698],[120.02238,26.23694],[120.02233,26.23693],[120.02236,26.23691],[120.02243,26.23693],[120.02249,26.23697],[120.02253,26.23692],[120.02245,26.2369],[120.02239,26.23688],[120.02233,26.23686],[120.02236,26.23682],[120.02221,26.23672],[120.02216,26.23671],[120.02217,26.23666],[120.02199,26.23657],[120.02186,26.23658],[120.02176,26.23654],[120.02169,26.23649],[120.02162,26.23645],[120.02141,26.23645],[120.02115,26.23652],[120.02095,26.23656],[120.02077,26.23667],[120.02059,26.23673],[120.02031,26.23682],[120.02008,26.23698],[120.01979,26.23718],[120.01969,26.23737],[120.01972,26.23755],[120.01979,26.23775],[120.0198,26.2378],[120.01985,26.23789]]],[[[120.01969,26.23788],[120.0196,26.23759],[120.01952,26.23738],[120.01915,26.23727],[120.01879,26.23711],[120.01837,26.23705],[120.01798,26.23691],[120.01766,26.23681],[120.01744,26.2367],[120.0173,26.23668],[120.01739,26.23658],[120.01756,26.23645],[120.01761,26.23638],[120.01771,26.23637],[120.01772,26.23629],[120.01768,26.23621],[120.01763,26.23616],[120.01764,26.23608],[120.01773,26.23604],[120.01778,26.23595],[120.01776,26.23586],[120.01771,26.23579],[120.01754,26.23574],[120.01741,26.23575],[120.0174,26.23573],[120.01755,26.23571],[120.01753,26.23561],[120.0175,26.23557],[120.01757,26.2356],[120.01765,26.23563],[120.01773,26.23553],[120.01781,26.2354],[120.01785,26.23528],[120.01781,26.2352],[120.01775,26.23518],[120.01771,26.23521],[120.01771,26.23512],[120.01775,26.23506],[120.01778,26.23494],[120.01768,26.2349],[120.01759,26.23481],[120.01768,26.23481],[120.01778,26.23483],[120.01775,26.23479],[120.01777,26.23473],[120.01778,26.23471],[120.01775,26.2347],[120.01769,26.23467],[120.01775,26.23463],[120.0177,26.23443],[120.01758,26.23431],[120.01725,26.23427],[120.01701,26.23431],[120.01685,26.23433],[120.01664,26.23438],[120.01656,26.23452],[120.01653,26.23458],[120.01647,26.23465],[120.01652,26.23473],[120.01646,26.23503],[120.01635,26.23496],[120.01616,26.23506],[120.01618,26.23549],[120.01616,26.23588],[120.01625,26.23631],[120.01634,26.23672],[120.01644,26.23697],[120.01658,26.23715],[120.01671,26.23721],[120.01678,26.23738],[120.01695,26.2375],[120.01706,26.23752],[120.01718,26.23766],[120.01731,26.23776],[120.01751,26.23805],[120.01774,26.23839],[120.01781,26.23858],[120.0178,26.23867],[120.01774,26.23868],[120.01777,26.23873],[120.01795,26.23879],[120.018,26.23887],[120.01805,26.23891],[120.01798,26.23894],[120.0179,26.23894],[120.01783,26.23903],[120.01784,26.2391],[120.0179,26.23917],[120.01798,26.23923],[120.01804,26.23922],[120.01807,26.23919],[120.01837,26.23935],[120.01839,26.2393],[120.01834,26.23926],[120.01834,26.23921],[120.01837,26.23924],[120.01857,26.23926],[120.01848,26.23908],[120.01841,26.23906],[120.0184,26.2389],[120.01847,26.23893],[120.01852,26.23897],[120.01859,26.239],[120.01865,26.23901],[120.01884,26.23898],[120.01894,26.23889],[120.01896,26.23883],[120.01892,26.23878],[120.01869,26.23872],[120.0187,26.2387],[120.01892,26.23869],[120.01891,26.23859],[120.01894,26.23856],[120.01919,26.23866],[120.0193,26.23868],[120.01938,26.23862],[120.01939,26.23868],[120.01948,26.23871],[120.01954,26.23868],[120.01956,26.23873],[120.01968,26.23874],[120.01974,26.23868],[120.01975,26.23861],[120.0197,26.23858],[120.01957,26.2386],[120.01947,26.23859],[120.01943,26.23853],[120.01927,26.2385],[120.01908,26.2385],[120.01916,26.23848],[120.01926,26.23847],[120.01932,26.23849],[120.01942,26.23846],[120.01951,26.23851],[120.01962,26.23844],[120.01962,26.23839],[120.01973,26.23841],[120.01973,26.2383],[120.01961,26.23812],[120.01964,26.23801],[120.01975,26.23793],[120.01969,26.23788]]],[[[119.99831,26.25554],[119.99843,26.25561],[119.99857,26.25569],[119.99869,26.25575],[119.99875,26.25559],[119.99876,26.25547],[119.99878,26.25534],[119.99873,26.25532],[119.99866,26.25539],[119.99864,26.25542],[119.99853,26.25543],[119.99847,26.25543],[119.99831,26.25554]]],[[[119.99172,26.2838],[119.99179,26.28385],[119.99183,26.28386],[119.99188,26.28387],[119.99197,26.28389],[119.99205,26.28394],[119.99214,26.284],[119.99224,26.28403],[119.9923,26.28406],[119.99237,26.28404],[119.99241,26.28408],[119.99252,26.28409],[119.99256,26.28404],[119.99253,26.28398],[119.99254,26.28392],[119.99251,26.28384],[119.99249,26.28377],[119.99242,26.28377],[119.99239,26.28371],[119.9923,26.28365],[119.99228,26.28359],[119.99221,26.28353],[119.99222,26.28345],[119.99219,26.28335],[119.99209,26.28328],[119.99201,26.28325],[119.99195,26.2832],[119.99192,26.28314],[119.99187,26.28312],[119.99181,26.28317],[119.9917,26.28323],[119.99167,26.28327],[119.99173,26.28336],[119.99172,26.28339],[119.99167,26.28339],[119.99163,26.28342],[119.9916,26.28349],[119.99165,26.28357],[119.99171,26.28367],[119.99172,26.2838]]],[[[120.02046,26.22689],[120.02045,26.22688],[120.02043,26.22686],[120.02039,26.22684],[120.02033,26.22683],[120.02028,26.22682],[120.02023,26.22682],[120.02022,26.22683],[120.02022,26.22685],[120.02023,26.22687],[120.02025,26.22688],[120.02026,26.22689],[120.02029,26.2269],[120.02029,26.22691],[120.02033,26.22694],[120.02034,26.22694],[120.02038,26.22695],[120.02039,26.22695],[120.02043,26.22694],[120.02046,26.22689],[120.02046,26.22689]]],[[[120.01954,26.22393],[120.01956,26.22394],[120.01957,26.22394],[120.01958,26.22393],[120.01959,26.22388],[120.01959,26.22384],[120.01958,26.22383],[120.01957,26.22381],[120.01956,26.22379],[120.01954,26.22378],[120.01951,26.22376],[120.0195,26.22375],[120.01947,26.22375],[120.01943,26.22374],[120.01941,26.22376],[120.01941,26.22377],[120.0194,26.22379],[120.01939,26.22381],[120.01939,26.22382],[120.0194,26.22385],[120.01941,26.22386],[120.01944,26.22389],[120.01945,26.22389],[120.01949,26.22391],[120.01952,26.22392],[120.01954,26.22393]]],[[[120.01789,26.21641],[120.01788,26.21644],[120.01788,26.21644],[120.01788,26.21644],[120.01788,26.21645],[120.01788,26.21649],[120.01789,26.21649],[120.01791,26.21653],[120.01794,26.21657],[120.01794,26.21657],[120.01795,26.2166],[120.01797,26.21661],[120.01801,26.21662],[120.01802,26.21663],[120.01808,26.21663],[120.01809,26.21663],[120.01812,26.21661],[120.01812,26.2166],[120.01813,26.21656],[120.01817,26.21651],[120.01817,26.21651],[120.01817,26.2165],[120.01815,26.21648],[120.01814,26.21647],[120.01813,26.21647],[120.01809,26.21646],[120.01808,26.21645],[120.01803,26.21643],[120.01801,26.21642],[120.01799,26.21641],[120.01797,26.2164],[120.01795,26.21639],[120.01793,26.21638],[120.01791,26.21639],[120.01789,26.21641],[120.01789,26.21641]]],[[[120.01707,26.2166],[120.01709,26.21661],[120.01709,26.21661],[120.01712,26.21662],[120.01714,26.21662],[120.01716,26.21663],[120.01718,26.21665],[120.01719,26.21666],[120.01722,26.21669],[120.01725,26.21671],[120.01728,26.21671],[120.01728,26.21671],[120.01732,26.21668],[120.01732,26.21668],[120.0173,26.21666],[120.01729,26.21664],[120.01729,26.21663],[120.0173,26.2166],[120.0173,26.21658],[120.01729,26.21656],[120.01727,26.21654],[120.01724,26.21652],[120.01722,26.21652],[120.0172,26.21651],[120.01717,26.21651],[120.01716,26.21651],[120.01711,26.21652],[120.0171,26.21652],[120.01708,26.21653],[120.01707,26.21655],[120.01707,26.21656],[120.01707,26.21658],[120.01707,26.2166],[120.01707,26.2166]]],[[[120.0172,26.21688],[120.01719,26.21688],[120.01719,26.21688],[120.01719,26.21689],[120.01719,26.21691],[120.01719,26.21693],[120.0172,26.21694],[120.0172,26.21695],[120.01722,26.21697],[120.01722,26.21697],[120.01725,26.21698],[120.01727,26.21699],[120.0173,26.21699],[120.01732,26.21699],[120.01733,26.21697],[120.01733,26.21696],[120.01732,26.21695],[120.0173,26.21692],[120.01727,26.21691],[120.01726,26.2169],[120.01722,26.21688],[120.0172,26.21688]]],[[[120.01735,26.21421],[120.01734,26.21421],[120.01735,26.2143],[120.01739,26.2144],[120.01745,26.21448],[120.01746,26.21448],[120.01747,26.21445],[120.01747,26.21444],[120.01746,26.21436],[120.01746,26.21433],[120.01746,26.2143],[120.01745,26.21427],[120.01737,26.21418],[120.01736,26.21418],[120.01735,26.21421]]],[[[120.0173,26.21675],[120.01726,26.21674],[120.01725,26.21674],[120.01722,26.21673],[120.0172,26.21673],[120.01718,26.21674],[120.01714,26.21674],[120.0171,26.21677],[120.01713,26.21679],[120.01715,26.21679],[120.01718,26.21679],[120.01719,26.21679],[120.01723,26.21679],[120.01725,26.21679],[120.01728,26.2168],[120.01734,26.21682],[120.0174,26.21682],[120.01742,26.21679],[120.0174,26.21677],[120.01737,26.21675],[120.01736,26.21675],[120.01734,26.21675],[120.0173,26.21675]]],[[[120.01717,26.21629],[120.01718,26.2163],[120.01719,26.2163],[120.01723,26.21632],[120.01729,26.21635],[120.01734,26.21637],[120.01739,26.21638],[120.0174,26.21639],[120.01743,26.21641],[120.01743,26.21642],[120.01744,26.21644],[120.01745,26.21646],[120.01745,26.21646],[120.01747,26.21648],[120.0175,26.21649],[120.01751,26.2165],[120.01754,26.21652],[120.0176,26.21653],[120.01761,26.21653],[120.01764,26.21652],[120.01765,26.21651],[120.01767,26.21649],[120.01768,26.21648],[120.01769,26.21648],[120.0177,26.21646],[120.01771,26.21643],[120.01772,26.2164],[120.01772,26.21639],[120.01773,26.21637],[120.01772,26.21634],[120.0177,26.21629],[120.0177,26.21629],[120.01768,26.21626],[120.01766,26.21625],[120.01764,26.21624],[120.01762,26.21623],[120.0176,26.21622],[120.01758,26.21621],[120.01757,26.21621],[120.01756,26.2162],[120.01756,26.2162],[120.01758,26.21619],[120.01759,26.21619],[120.01759,26.21618],[120.0176,26.21617],[120.01759,26.21614],[120.01755,26.21611],[120.0175,26.21609],[120.01743,26.21607],[120.01737,26.21606],[120.01731,26.21606],[120.01726,26.21606],[120.01719,26.21606],[120.01716,26.2161],[120.01717,26.21612],[120.01718,26.21614],[120.01718,26.21614],[120.01717,26.21615],[120.01715,26.21619],[120.01715,26.21619],[120.01716,26.21624],[120.01716,26.21626],[120.01717,26.21628],[120.01717,26.21629]]],[[[120.01795,26.22076],[120.01796,26.22075],[120.01798,26.22074],[120.01799,26.22072],[120.01799,26.22072],[120.018,26.22071],[120.018,26.22069],[120.01798,26.22067],[120.01796,26.22066],[120.01794,26.22064],[120.01789,26.22061],[120.01789,26.2206],[120.01784,26.2206],[120.01783,26.2206],[120.0178,26.22057],[120.01777,26.22055],[120.01775,26.22055],[120.01772,26.22055],[120.0177,26.22057],[120.01767,26.22059],[120.01767,26.22061],[120.01769,26.22063],[120.01771,26.22065],[120.01772,26.22066],[120.01775,26.22069],[120.01778,26.22072],[120.01779,26.22072],[120.01782,26.22073],[120.01784,26.22074],[120.01786,26.22075],[120.0179,26.22076],[120.01791,26.22076],[120.01795,26.22076]]],[[[120.02099,26.21295],[120.02101,26.21299],[120.02103,26.21303],[120.02109,26.21311],[120.02115,26.21317],[120.02117,26.21317],[120.02119,26.21317],[120.02127,26.21316],[120.02134,26.21316],[120.02135,26.21315],[120.02136,26.21313],[120.02136,26.2131],[120.02135,26.2131],[120.02127,26.21305],[120.02127,26.21303],[120.0212,26.21299],[120.02109,26.21296],[120.02099,26.21294],[120.02099,26.21295],[120.02099,26.21295]]],[[[120.01876,26.21273],[120.01876,26.21277],[120.01875,26.21278],[120.01881,26.21279],[120.01891,26.21281],[120.01902,26.21282],[120.01908,26.21282],[120.01913,26.21278],[120.01913,26.21278],[120.01912,26.21272],[120.01907,26.2127],[120.01901,26.2127],[120.01898,26.2127],[120.01897,26.2127],[120.01886,26.21272],[120.01878,26.21272],[120.01877,26.21272],[120.01876,26.21273],[120.01876,26.21273]]],[[[120.01919,26.2099],[120.01918,26.20992],[120.01918,26.20992],[120.01917,26.20994],[120.01917,26.20994],[120.01917,26.20996],[120.01917,26.20997],[120.01917,26.20998],[120.01916,26.20999],[120.01916,26.21],[120.01916,26.21],[120.01917,26.21002],[120.01918,26.21003],[120.01919,26.21004],[120.0192,26.21004],[120.01921,26.21005],[120.01922,26.21004],[120.01923,26.21004],[120.01926,26.21001],[120.01926,26.21],[120.01927,26.20998],[120.01927,26.20996],[120.01928,26.20995],[120.01929,26.20992],[120.01929,26.20991],[120.01928,26.20989],[120.01927,26.20988],[120.01926,26.20987],[120.01926,26.20987],[120.01925,26.20986],[120.01924,26.20986],[120.01923,26.20986],[120.01922,26.20987],[120.01921,26.20987],[120.0192,26.20988],[120.01919,26.20989],[120.01919,26.2099],[120.01919,26.2099]]],[[[120.01642,26.20914],[120.01652,26.20917],[120.0166,26.20918],[120.01662,26.20918],[120.01663,26.20916],[120.01663,26.20914],[120.01662,26.2091],[120.01661,26.20906],[120.0166,26.20905],[120.01659,26.20904],[120.01655,26.20902],[120.01651,26.20901],[120.0165,26.20901],[120.01643,26.20904],[120.0164,26.20905],[120.01639,26.20907],[120.01639,26.20912],[120.01642,26.20914],[120.01642,26.20914]]],[[[120.01849,26.20839],[120.01847,26.20838],[120.01844,26.20836],[120.01838,26.20833],[120.01828,26.20831],[120.01817,26.20829],[120.01808,26.20826],[120.01797,26.20822],[120.01788,26.20818],[120.01777,26.20815],[120.01767,26.20812],[120.0176,26.20809],[120.01757,26.20811],[120.01749,26.20818],[120.01742,26.20825],[120.01739,26.20827],[120.01734,26.20827],[120.01732,26.20827],[120.01731,26.20825],[120.01731,26.20824],[120.01724,26.20818],[120.01714,26.20815],[120.01713,26.20814],[120.01707,26.20812],[120.01703,26.20814],[120.01695,26.20821],[120.01689,26.20828],[120.01681,26.20835],[120.01681,26.20835],[120.01682,26.20839],[120.01684,26.20843],[120.01681,26.20845],[120.01673,26.2085],[120.01664,26.20856],[120.01661,26.20856],[120.01657,26.20857],[120.01654,26.20858],[120.01648,26.20866],[120.01645,26.20876],[120.01649,26.20885],[120.01656,26.20893],[120.01658,26.20895],[120.01661,26.209],[120.01662,26.20901],[120.01665,26.20911],[120.01666,26.20921],[120.01669,26.2093],[120.01676,26.20937],[120.01686,26.2094],[120.01689,26.2094],[120.01694,26.20942],[120.01696,26.20944],[120.01701,26.20951],[120.01706,26.20961],[120.01712,26.2097],[120.0172,26.20977],[120.01728,26.20984],[120.01734,26.20992],[120.0174,26.21],[120.01747,26.21009],[120.01754,26.21015],[120.01763,26.2102],[120.01774,26.21024],[120.01783,26.21028],[120.01793,26.21031],[120.01803,26.21035],[120.01813,26.21038],[120.01825,26.21038],[120.01836,26.2104],[120.01847,26.21042],[120.01854,26.21043],[120.01857,26.21043],[120.01868,26.21044],[120.01875,26.21042],[120.01881,26.21038],[120.01883,26.21036],[120.01888,26.21028],[120.01896,26.21018],[120.01897,26.21018],[120.01904,26.21011],[120.01908,26.21005],[120.01909,26.21003],[120.0191,26.21003],[120.01911,26.21002],[120.01912,26.21002],[120.01915,26.20994],[120.01918,26.20988],[120.01918,26.20985],[120.01918,26.20985],[120.01918,26.20983],[120.01918,26.20981],[120.01918,26.20979],[120.01919,26.20978],[120.0192,26.20978],[120.01921,26.20978],[120.01925,26.20979],[120.01935,26.20979],[120.0194,26.20975],[120.01942,26.20972],[120.01942,26.20972],[120.01948,26.20972],[120.01952,26.20974],[120.01961,26.20981],[120.01971,26.20984],[120.01982,26.20988],[120.01992,26.20989],[120.02002,26.20988],[120.02013,26.20987],[120.02021,26.20981],[120.02023,26.20979],[120.02022,26.20975],[120.02021,26.20971],[120.02021,26.20971],[120.02022,26.20964],[120.02022,26.20962],[120.02022,26.20959],[120.0202,26.20952],[120.02021,26.20945],[120.02019,26.20943],[120.02018,26.20941],[120.02017,26.20939],[120.02017,26.20934],[120.0201,26.20926],[120.02,26.20922],[120.01991,26.20917],[120.01991,26.20917],[120.01986,26.20917],[120.01985,26.20917],[120.01983,26.20916],[120.01983,26.20914],[120.01983,26.20911],[120.01983,26.20908],[120.01982,26.20908],[120.01973,26.20904],[120.01964,26.20901],[120.01962,26.20901],[120.01951,26.209],[120.01945,26.20895],[120.01945,26.20892],[120.01945,26.20891],[120.01937,26.20887],[120.01929,26.20881],[120.01925,26.20881],[120.01922,26.2088],[120.0192,26.2088],[120.01913,26.20883],[120.01912,26.20883],[120.01902,26.20882],[120.01898,26.20879],[120.01896,26.20877],[120.01894,26.20875],[120.01894,26.20875],[120.01885,26.2087],[120.01877,26.20864],[120.01869,26.2086],[120.01867,26.20859],[120.01863,26.2085],[120.01855,26.20844],[120.01849,26.20839]]],[[[120.0186,26.21266],[120.0186,26.21266],[120.01869,26.21259],[120.0187,26.21259],[120.0187,26.21262],[120.0187,26.21264],[120.01872,26.21265],[120.0188,26.21267],[120.0189,26.21268],[120.01901,26.21267],[120.01903,26.21266],[120.01905,26.21266],[120.01907,26.21264],[120.01904,26.21258],[120.01902,26.21253],[120.01901,26.21249],[120.01902,26.21248],[120.01904,26.21246],[120.01911,26.21246],[120.01921,26.21249],[120.01932,26.21249],[120.01942,26.21247],[120.01952,26.21245],[120.01962,26.21242],[120.01971,26.21238],[120.01982,26.21237],[120.01991,26.21232],[120.01993,26.21225],[120.01996,26.21223],[120.01999,26.21224],[120.01999,26.21225],[120.02003,26.21226],[120.02009,26.21223],[120.02011,26.21213],[120.02013,26.21203],[120.02013,26.21202],[120.02014,26.212],[120.02011,26.21198],[120.0201,26.21195],[120.02012,26.21194],[120.02012,26.21194],[120.02012,26.21194],[120.02019,26.21197],[120.02028,26.21201],[120.0203,26.21202],[120.02039,26.21202],[120.02048,26.21198],[120.0205,26.21196],[120.02053,26.21195],[120.02058,26.21197],[120.02068,26.21202],[120.02077,26.21206],[120.02086,26.2121],[120.02096,26.21215],[120.02107,26.21217],[120.02107,26.21216],[120.02107,26.21215],[120.02106,26.2121],[120.02101,26.21208],[120.02091,26.21205],[120.02082,26.21201],[120.02076,26.21197],[120.02075,26.21194],[120.02069,26.21186],[120.02064,26.21184],[120.0206,26.21184],[120.02059,26.21185],[120.02058,26.21187],[120.02056,26.21189],[120.0205,26.21188],[120.0204,26.21183],[120.02031,26.21179],[120.02025,26.21175],[120.02025,26.21172],[120.02024,26.21171],[120.02023,26.21168],[120.02017,26.21164],[120.02009,26.21159],[120.01998,26.21156],[120.01987,26.21154],[120.01978,26.21149],[120.01976,26.21148],[120.01969,26.21144],[120.01959,26.21141],[120.01948,26.21142],[120.01941,26.21143],[120.01939,26.21146],[120.01939,26.21146],[120.01939,26.21149],[120.01939,26.2115],[120.01938,26.21154],[120.01936,26.21156],[120.01929,26.21163],[120.01923,26.21171],[120.01922,26.21171],[120.01915,26.2117],[120.01914,26.21168],[120.01914,26.21166],[120.0192,26.21158],[120.01921,26.21157],[120.01923,26.21149],[120.01923,26.21149],[120.01924,26.21147],[120.01924,26.21143],[120.0192,26.21141],[120.01911,26.21135],[120.01907,26.21126],[120.01899,26.2112],[120.01888,26.21118],[120.01879,26.21121],[120.01871,26.21126],[120.0187,26.21127],[120.01863,26.21135],[120.01861,26.21135],[120.01856,26.21135],[120.01852,26.21135],[120.01843,26.21133],[120.01843,26.21133],[120.01837,26.21128],[120.01834,26.21127],[120.01832,26.21128],[120.01824,26.21127],[120.01823,26.21127],[120.01813,26.21125],[120.01805,26.21127],[120.01803,26.21126],[120.01799,26.21123],[120.01796,26.2112],[120.01795,26.2112],[120.01784,26.21119],[120.01774,26.21123],[120.01764,26.21129],[120.01755,26.21135],[120.01751,26.2114],[120.0175,26.21143],[120.01749,26.21145],[120.01749,26.21152],[120.01749,26.21153],[120.01749,26.21157],[120.01749,26.21162],[120.01749,26.21163],[120.01744,26.2117],[120.01737,26.21178],[120.01731,26.21186],[120.01728,26.21195],[120.01727,26.21204],[120.01729,26.21214],[120.01728,26.21222],[120.01728,26.21223],[120.01725,26.21227],[120.01724,26.21232],[120.01724,26.21233],[120.01726,26.21241],[120.01726,26.21242],[120.01726,26.21244],[120.01724,26.21248],[120.01723,26.21251],[120.0172,26.21261],[120.01718,26.2127],[120.01716,26.2128],[120.0172,26.21289],[120.01725,26.21298],[120.01726,26.21299],[120.01729,26.21299],[120.0173,26.21299],[120.0174,26.213],[120.01744,26.21299],[120.0175,26.21299],[120.01751,26.21299],[120.01761,26.21304],[120.01767,26.21304],[120.0177,26.21302],[120.0177,26.21299],[120.0177,26.21299],[120.01767,26.2129],[120.01766,26.21289],[120.01764,26.21286],[120.01764,26.21284],[120.01772,26.21281],[120.01782,26.21281],[120.01793,26.21281],[120.01802,26.21279],[120.01803,26.21279],[120.01803,26.21277],[120.01804,26.21274],[120.01806,26.21272],[120.01812,26.21274],[120.01822,26.21279],[120.01823,26.21277],[120.01824,26.21274],[120.01826,26.21272],[120.01829,26.21273],[120.0184,26.21273],[120.0185,26.2127],[120.01854,26.21268],[120.01859,26.21266],[120.0186,26.21266]]],[[[120.02089,26.21197],[120.0209,26.212],[120.02092,26.212],[120.02092,26.212],[120.02096,26.21203],[120.02106,26.21207],[120.02111,26.21209],[120.02115,26.21213],[120.02119,26.21222],[120.02127,26.21229],[120.02134,26.21236],[120.02138,26.21245],[120.02146,26.21252],[120.02153,26.21254],[120.02156,26.21254],[120.02157,26.21251],[120.02157,26.2125],[120.02156,26.21248],[120.02159,26.21246],[120.02163,26.21243],[120.02166,26.2124],[120.02165,26.21237],[120.02163,26.21233],[120.02155,26.21227],[120.02147,26.2122],[120.02145,26.21215],[120.02146,26.21211],[120.02146,26.2121],[120.02145,26.21209],[120.02139,26.21203],[120.0213,26.21198],[120.02129,26.21197],[120.0212,26.21197],[120.02119,26.21197],[120.02114,26.212],[120.02111,26.212],[120.02109,26.212],[120.02109,26.212],[120.021,26.21196],[120.02093,26.21195],[120.0209,26.21195],[120.02089,26.21196],[120.02089,26.21197]]],[[[120.02102,26.21259],[120.021,26.2126],[120.021,26.21262],[120.021,26.21263],[120.021,26.21263],[120.02099,26.21264],[120.02095,26.21265],[120.02094,26.2127],[120.02093,26.21273],[120.02094,26.21279],[120.02096,26.21283],[120.02099,26.21286],[120.02101,26.21286],[120.02104,26.21285],[120.02106,26.21284],[120.0211,26.21284],[120.02111,26.21288],[120.02111,26.21289],[120.02118,26.21296],[120.0212,26.21295],[120.02122,26.21294],[120.02125,26.21292],[120.02128,26.21293],[120.02131,26.21294],[120.02136,26.21295],[120.02138,26.21295],[120.02141,26.21294],[120.02145,26.21293],[120.02147,26.21292],[120.02147,26.2129],[120.02147,26.21289],[120.02146,26.21286],[120.0214,26.21282],[120.02133,26.21277],[120.02135,26.21274],[120.02136,26.2127],[120.02137,26.21268],[120.02137,26.21266],[120.02134,26.21265],[120.02124,26.21262],[120.02114,26.21261],[120.02102,26.21259]]],[[[119.98819,26.22541],[119.9882,26.22543],[119.9882,26.22544],[119.98826,26.22551],[119.98836,26.22555],[119.98847,26.22556],[119.98853,26.22555],[119.98856,26.22558],[119.98858,26.2256],[119.98858,26.2256],[119.98868,26.2256],[119.98875,26.22553],[119.98876,26.22543],[119.98874,26.22533],[119.9887,26.22524],[119.98869,26.22523],[119.98867,26.22521],[119.98864,26.22517],[119.9886,26.22508],[119.98855,26.22502],[119.98853,26.22501],[119.98842,26.225],[119.98833,26.22498],[119.98832,26.22497],[119.98829,26.22496],[119.98821,26.22499],[119.98817,26.22502],[119.98814,26.22505],[119.9881,26.22514],[119.9881,26.22523],[119.98814,26.22533],[119.98819,26.2254],[119.98819,26.22541]]],[[[119.97815,26.20808],[119.97817,26.20809],[119.97819,26.2081],[119.9782,26.2081],[119.97821,26.2081],[119.97823,26.20811],[119.97827,26.20808],[119.9783,26.20805],[119.9783,26.20804],[119.97828,26.20794],[119.97826,26.2079],[119.97824,26.20788],[119.97822,26.20787],[119.97815,26.20787],[119.97812,26.20789],[119.9781,26.20792],[119.97812,26.20798],[119.97815,26.20808],[119.97815,26.20808]]],[[[119.97266,26.19246],[119.97269,26.1925],[119.9727,26.19251],[119.97276,26.19255],[119.97279,26.19257],[119.97289,26.19261],[119.97299,26.19263],[119.97309,26.19266],[119.97313,26.19264],[119.97315,26.19262],[119.97317,26.1926],[119.97317,26.19257],[119.97313,26.19254],[119.97311,26.19252],[119.97305,26.1925],[119.97305,26.19246],[119.97304,26.19245],[119.973,26.19242],[119.97296,26.19242],[119.97295,26.19242],[119.97294,26.19241],[119.97289,26.19239],[119.97285,26.19238],[119.97284,26.19238],[119.97274,26.19239],[119.97267,26.19243],[119.97266,26.19245],[119.97266,26.19246],[119.97266,26.19246]]],[[[119.97645,26.15969],[119.97644,26.15971],[119.97643,26.15973],[119.97642,26.15976],[119.9764,26.15974],[119.97638,26.15972],[119.97637,26.15971],[119.97635,26.1597],[119.97635,26.15972],[119.97636,26.15976],[119.97637,26.15979],[119.97637,26.1598],[119.97636,26.1598],[119.97635,26.15979],[119.9763,26.15975],[119.97627,26.15973],[119.97626,26.15973],[119.97626,26.15973],[119.97622,26.15975],[119.9762,26.15979],[119.9762,26.1598],[119.97619,26.15982],[119.9762,26.15984],[119.97621,26.15984],[119.97621,26.15985],[119.97623,26.15986],[119.97623,26.15987],[119.97623,26.15988],[119.97623,26.15988],[119.97626,26.15992],[119.9763,26.15995],[119.97631,26.15996],[119.97634,26.15996],[119.97635,26.15996],[119.97636,26.15996],[119.9764,26.15993],[119.97642,26.15992],[119.97643,26.1599],[119.97644,26.1599],[119.97645,26.15989],[119.97646,26.15989],[119.97648,26.15991],[119.97649,26.15991],[119.97651,26.15992],[119.97652,26.15993],[119.97651,26.15994],[119.97652,26.15995],[119.97652,26.15996],[119.97651,26.15997],[119.97649,26.15999],[119.97648,26.16],[119.97649,26.16001],[119.97652,26.16003],[119.97657,26.16004],[119.97659,26.16004],[119.97663,26.16003],[119.97663,26.16003],[119.97664,26.16002],[119.97666,26.16],[119.97666,26.15999],[119.97666,26.15999],[119.97665,26.15999],[119.97662,26.15995],[119.97662,26.15994],[119.97661,26.15994],[119.97661,26.15993],[119.97661,26.1599],[119.97661,26.15987],[119.97661,26.15987],[119.97665,26.15988],[119.97667,26.15988],[119.97668,26.15988],[119.9767,26.15989],[119.9767,26.15989],[119.97675,26.15992],[119.97678,26.15993],[119.97678,26.15994],[119.9768,26.15993],[119.9768,26.15993],[119.97682,26.1599],[119.97681,26.15989],[119.97681,26.15988],[119.97686,26.15986],[119.97691,26.15984],[119.97692,26.15983],[119.97694,26.15982],[119.97695,26.15982],[119.97699,26.15982],[119.977,26.15982],[119.977,26.15982],[119.97701,26.15982],[119.97702,26.15981],[119.977,26.15979],[119.97697,26.15978],[119.97692,26.15978],[119.97686,26.15977],[119.97686,26.15977],[119.97685,26.15977],[119.97684,26.15976],[119.97682,26.15976],[119.97681,26.15976],[119.97676,26.15976],[119.9767,26.15977],[119.97664,26.15976],[119.97663,26.15976],[119.9766,26.15974],[119.9766,26.15974],[119.97658,26.15973],[119.97658,26.15973],[119.97657,26.15973],[119.97656,26.15973],[119.97655,26.15974],[119.97652,26.15971],[119.97647,26.15969],[119.97647,26.15969],[119.97645,26.15969]]],[[[119.97983,26.16747],[119.97982,26.16746],[119.97982,26.16746],[119.97982,26.16746],[119.97981,26.16746],[119.97981,26.16746],[119.97981,26.16747],[119.97979,26.16749],[119.97979,26.1675],[119.9798,26.1675],[119.97985,26.16751],[119.97985,26.1675],[119.97985,26.16749],[119.97984,26.16749],[119.97983,26.16747]]],[[[119.97995,26.16738],[119.97994,26.16738],[119.97994,26.16738],[119.97993,26.16738],[119.97992,26.16739],[119.97991,26.16739],[119.97991,26.16739],[119.97991,26.1674],[119.9799,26.16741],[119.9799,26.16742],[119.97992,26.16744],[119.97994,26.16745],[119.97996,26.16746],[119.97999,26.16744],[119.97998,26.16744],[119.97997,26.16741],[119.97996,26.16741],[119.97995,26.16738]]],[[[119.97989,26.16742],[119.97987,26.16743],[119.97987,26.16744],[119.97987,26.16744],[119.97987,26.16746],[119.97987,26.16746],[119.97989,26.16751],[119.97989,26.16751],[119.9799,26.16751],[119.97991,26.1675],[119.97992,26.16749],[119.97991,26.16748],[119.97991,26.16747],[119.97989,26.16743],[119.97989,26.16742]]],[[[119.97994,26.16736],[119.97994,26.16737],[119.97994,26.16737],[119.97995,26.16737],[119.97997,26.1674],[119.97998,26.1674],[119.97999,26.16739],[119.97999,26.16737],[119.97998,26.16735],[119.97997,26.16734],[119.97995,26.16734],[119.97995,26.16735],[119.97994,26.16736]]],[[[119.97997,26.16747],[119.97996,26.16747],[119.97995,26.16747],[119.97994,26.16748],[119.97994,26.16749],[119.97993,26.1675],[119.97994,26.16752],[119.97994,26.16753],[119.97995,26.16753],[119.97997,26.16751],[119.97998,26.1675],[119.97998,26.16748],[119.97998,26.16747],[119.97997,26.16747],[119.97997,26.16747],[119.97997,26.16747]]],[[[119.97919,26.16787],[119.97919,26.16786],[119.97918,26.16785],[119.97918,26.16784],[119.97917,26.16784],[119.97916,26.16781],[119.97916,26.1678],[119.97913,26.16776],[119.9791,26.16772],[119.97909,26.16769],[119.97907,26.16768],[119.97907,26.16768],[119.97906,26.16768],[119.97903,26.1677],[119.97902,26.16773],[119.97904,26.16774],[119.97904,26.16775],[119.97904,26.16775],[119.97903,26.16776],[119.97904,26.16777],[119.97904,26.16777],[119.97905,26.16777],[119.97906,26.16779],[119.97907,26.1678],[119.97908,26.16784],[119.97909,26.16784],[119.97911,26.16784],[119.97912,26.16783],[119.97913,26.16784],[119.97913,26.16784],[119.97913,26.16785],[119.97911,26.16787],[119.97912,26.16788],[119.97913,26.16789],[119.97917,26.16791],[119.97919,26.16791],[119.97919,26.16787],[119.97919,26.16787]]],[[[119.97926,26.16795],[119.97925,26.16798],[119.97925,26.16798],[119.97925,26.16799],[119.97926,26.168],[119.97927,26.16801],[119.97928,26.16801],[119.97929,26.16804],[119.97931,26.16805],[119.97934,26.16806],[119.97936,26.16806],[119.9794,26.16804],[119.97941,26.16804],[119.97945,26.16802],[119.97945,26.16801],[119.97947,26.16795],[119.97947,26.16795],[119.97948,26.16797],[119.97949,26.16799],[119.9795,26.168],[119.9795,26.16801],[119.97951,26.16801],[119.97951,26.16801],[119.97954,26.168],[119.97954,26.16799],[119.97955,26.16798],[119.97958,26.16796],[119.97957,26.16794],[119.97956,26.16794],[119.97952,26.16793],[119.97951,26.16792],[119.97949,26.16791],[119.97948,26.16791],[119.97948,26.16791],[119.97947,26.1679],[119.97946,26.16786],[119.97946,26.16784],[119.97946,26.16783],[119.97945,26.16782],[119.97943,26.1678],[119.97941,26.16778],[119.97941,26.16778],[119.9794,26.16773],[119.97938,26.16769],[119.97938,26.16769],[119.97938,26.16767],[119.97938,26.16767],[119.97938,26.16766],[119.97936,26.16765],[119.97933,26.16762],[119.97933,26.16761],[119.97933,26.1676],[119.97933,26.16757],[119.97931,26.16755],[119.9793,26.16754],[119.97929,26.16754],[119.97924,26.16751],[119.97924,26.16751],[119.97923,26.16751],[119.97921,26.16752],[119.9792,26.16753],[119.97919,26.16753],[119.97917,26.16755],[119.97916,26.16754],[119.97915,26.16753],[119.97914,26.16753],[119.97914,26.16753],[119.97913,26.16753],[119.97912,26.16752],[119.97912,26.16751],[119.97911,26.16751],[119.97909,26.16753],[119.97909,26.16754],[119.97909,26.16755],[119.97906,26.16758],[119.97906,26.16758],[119.97908,26.16762],[119.9791,26.16766],[119.97912,26.1677],[119.97912,26.16771],[119.97912,26.16771],[119.97912,26.16772],[119.97913,26.16773],[119.97914,26.16774],[119.97915,26.16774],[119.97917,26.16776],[119.97917,26.16778],[119.97917,26.16779],[119.97918,26.16781],[119.97919,26.16783],[119.9792,26.16784],[119.97921,26.16785],[119.97923,26.16785],[119.97924,26.16786],[119.97925,26.16789],[119.97925,26.1679],[119.97926,26.16791],[119.97926,26.16794],[119.97926,26.16795]]],[[[119.97858,26.16763],[119.97857,26.16763],[119.97856,26.16765],[119.97855,26.16766],[119.97854,26.16767],[119.97855,26.16768],[119.97857,26.16767],[119.97857,26.16767],[119.97859,26.16763],[119.97858,26.16763],[119.97858,26.16763]]],[[[119.97818,26.16752],[119.97815,26.16754],[119.97816,26.16754],[119.97819,26.16755],[119.9782,26.16755],[119.97821,26.16754],[119.97821,26.16754],[119.97819,26.16753],[119.97818,26.16752],[119.97818,26.16752]]],[[[119.97803,26.16746],[119.97803,26.16746],[119.97803,26.16747],[119.97804,26.16747],[119.97807,26.16748],[119.97809,26.16747],[119.9781,26.16746],[119.97809,26.16746],[119.97808,26.16745],[119.97805,26.16745],[119.97803,26.16745],[119.97803,26.16745],[119.97803,26.16746]]],[[[119.97831,26.16761],[119.9783,26.16761],[119.97829,26.16762],[119.97828,26.16763],[119.97829,26.16764],[119.97829,26.16764],[119.9783,26.16764],[119.97832,26.16764],[119.97835,26.16763],[119.97835,26.16763],[119.97834,26.1676],[119.97833,26.1676],[119.97831,26.16761],[119.97831,26.16761],[119.97831,26.16761]]],[[[119.9785,26.16692],[119.97849,26.16692],[119.97849,26.16692],[119.97848,26.16695],[119.97847,26.16696],[119.97847,26.16696],[119.97846,26.16695],[119.97846,26.16694],[119.97846,26.16693],[119.97845,26.16691],[119.97843,26.16691],[119.97842,26.16691],[119.97841,26.16695],[119.97841,26.16696],[119.97842,26.16696],[119.97844,26.16698],[119.97845,26.16699],[119.97846,26.16699],[119.97849,26.16702],[119.97849,26.16702],[119.97852,26.167],[119.97854,26.16699],[119.97854,26.16692],[119.9785,26.16692]]],[[[119.97655,26.16653],[119.97654,26.16653],[119.97654,26.16653],[119.97654,26.16653],[119.97654,26.16654],[119.97654,26.16654],[119.97656,26.16657],[119.97658,26.16656],[119.97658,26.16655],[119.97656,26.16653],[119.97655,26.16653],[119.97655,26.16653]]],[[[119.97662,26.16685],[119.97661,26.16686],[119.97661,26.16685],[119.97661,26.16686],[119.97661,26.16687],[119.97661,26.16688],[119.97663,26.16689],[119.97665,26.16689],[119.97666,26.16689],[119.97668,26.16692],[119.97671,26.16692],[119.9767,26.16691],[119.97668,26.16689],[119.97667,26.16688],[119.97665,26.16687],[119.97663,26.16686],[119.97662,26.16685],[119.97662,26.16685]]],[[[119.97362,26.16719],[119.97361,26.16718],[119.97361,26.16719],[119.97357,26.1672],[119.97356,26.1672],[119.97356,26.16721],[119.97355,26.16721],[119.97352,26.16723],[119.97352,26.16723],[119.97351,26.16724],[119.9735,26.16727],[119.9735,26.16732],[119.97349,26.16736],[119.97349,26.16739],[119.97349,26.16741],[119.97349,26.16741],[119.97349,26.16744],[119.9735,26.16745],[119.97353,26.16744],[119.97357,26.16741],[119.97362,26.16739],[119.97366,26.16736],[119.97369,26.16733],[119.97369,26.16732],[119.97369,26.16731],[119.97365,26.1673],[119.97365,26.1673],[119.97363,26.1673],[119.97362,26.1673],[119.97361,26.16729],[119.9736,26.16728],[119.97361,26.16727],[119.97362,26.16726],[119.97363,26.16724],[119.97363,26.1672],[119.97362,26.16719],[119.97362,26.16719]]],[[[119.97965,26.16494],[119.97963,26.16495],[119.97962,26.16496],[119.97962,26.16496],[119.97962,26.16497],[119.97964,26.16499],[119.97967,26.16501],[119.97969,26.16501],[119.97973,26.16498],[119.97973,26.16498],[119.9797,26.16494],[119.97968,26.16495],[119.97965,26.16494],[119.97965,26.16494]]],[[[119.97969,26.16505],[119.97969,26.16505],[119.9797,26.16507],[119.97969,26.16509],[119.97969,26.16509],[119.9797,26.1651],[119.97972,26.16509],[119.97973,26.16509],[119.97974,26.16508],[119.97974,26.16506],[119.97974,26.16506],[119.97973,26.16503],[119.97972,26.16502],[119.97972,26.16502],[119.97969,26.16505]]],[[[119.97952,26.16499],[119.97948,26.16502],[119.97946,26.16503],[119.97946,26.16503],[119.97945,26.16505],[119.97945,26.16507],[119.97948,26.16508],[119.97949,26.16508],[119.9795,26.16508],[119.9795,26.16508],[119.97955,26.16507],[119.97956,26.16506],[119.97956,26.16504],[119.97955,26.16502],[119.97952,26.16499],[119.97952,26.16499]]],[[[119.97945,26.16434],[119.97945,26.16434],[119.97945,26.16435],[119.97946,26.16435],[119.97949,26.16436],[119.9795,26.16436],[119.9795,26.16437],[119.97951,26.16438],[119.97951,26.1644],[119.97951,26.16441],[119.9795,26.16443],[119.97949,26.16444],[119.9795,26.16445],[119.97951,26.16445],[119.97956,26.16445],[119.97959,26.16444],[119.97959,26.16443],[119.97958,26.16442],[119.97958,26.16441],[119.97957,26.16439],[119.97955,26.16436],[119.97951,26.16435],[119.97946,26.16434],[119.97945,26.16434]]],[[[119.97918,26.16372],[119.97914,26.16374],[119.97911,26.16377],[119.9791,26.16378],[119.97911,26.1638],[119.97912,26.16381],[119.97917,26.16383],[119.97921,26.16384],[119.97922,26.16384],[119.97923,26.16384],[119.97925,26.16381],[119.97925,26.1638],[119.97922,26.16376],[119.97919,26.16372],[119.97918,26.16372]]],[[[119.97893,26.16376],[119.97892,26.16378],[119.97892,26.16378],[119.97892,26.16378],[119.97893,26.16379],[119.97894,26.1638],[119.97894,26.1638],[119.97895,26.16379],[119.97895,26.16378],[119.97895,26.16378],[119.97896,26.16377],[119.97894,26.16375],[119.97893,26.16376]]],[[[119.97899,26.16377],[119.97897,26.16379],[119.97898,26.16379],[119.97897,26.16379],[119.97897,26.1638],[119.97898,26.1638],[119.97898,26.16381],[119.97899,26.16381],[119.97903,26.16378],[119.97901,26.16377],[119.979,26.16377],[119.979,26.16377],[119.97899,26.16377]]],[[[119.97925,26.1637],[119.97925,26.16371],[119.97925,26.16371],[119.97924,26.16373],[119.97925,26.16373],[119.97926,26.16373],[119.97928,26.16375],[119.97929,26.16375],[119.97931,26.16374],[119.9793,26.16372],[119.97927,26.1637],[119.97926,26.1637],[119.97925,26.1637]]],[[[119.97904,26.16383],[119.97906,26.16382],[119.97906,26.16382],[119.97907,26.16381],[119.97906,26.16379],[119.97905,26.16379],[119.97903,26.16379],[119.97903,26.1638],[119.97903,26.16382],[119.97904,26.16383]]],[[[119.97917,26.16408],[119.97919,26.1641],[119.9792,26.16411],[119.97926,26.16408],[119.97925,26.16407],[119.97924,26.16406],[119.97922,26.16406],[119.97921,26.16406],[119.97917,26.16407],[119.97917,26.16408]]],[[[119.97909,26.16407],[119.97904,26.16412],[119.97904,26.16412],[119.97905,26.16413],[119.97909,26.16414],[119.97914,26.16416],[119.97916,26.16416],[119.97919,26.16414],[119.97918,26.16413],[119.97918,26.16412],[119.97913,26.1641],[119.97909,26.16407]]],[[[119.97898,26.16252],[119.97897,26.16252],[119.97898,26.16253],[119.979,26.16253],[119.97901,26.16254],[119.97902,26.16255],[119.97902,26.16255],[119.97903,26.16255],[119.97904,26.16254],[119.97905,26.16253],[119.97906,26.16253],[119.97907,26.16252],[119.97909,26.16247],[119.97908,26.16247],[119.97907,26.16247],[119.97906,26.16248],[119.97905,26.16249],[119.97903,26.1625],[119.97903,26.16249],[119.97902,26.16248],[119.97901,26.16248],[119.97901,26.16248],[119.979,26.1625],[119.97898,26.16252],[119.97898,26.16252]]],[[[119.97833,26.16609],[119.9784,26.1661],[119.97842,26.1661],[119.97845,26.16609],[119.97849,26.16606],[119.97851,26.16604],[119.97851,26.16603],[119.97851,26.16602],[119.97852,26.16602],[119.97852,26.16601],[119.97853,26.166],[119.97855,26.16599],[119.97856,26.16598],[119.97857,26.16596],[119.97858,26.16595],[119.97859,26.16594],[119.9786,26.16591],[119.97858,26.1659],[119.97857,26.16589],[119.97855,26.16588],[119.97854,26.16589],[119.97854,26.16589],[119.9785,26.16592],[119.97847,26.16594],[119.97846,26.16594],[119.97845,26.16594],[119.97842,26.16598],[119.97838,26.16601],[119.97832,26.16608],[119.97833,26.16609]]],[[[119.97871,26.1637],[119.97873,26.16371],[119.97875,26.16372],[119.97875,26.16373],[119.97874,26.16376],[119.97874,26.16376],[119.97875,26.16377],[119.97878,26.16377],[119.97879,26.16377],[119.9788,26.16377],[119.97881,26.16377],[119.97881,26.16376],[119.97881,26.16375],[119.9788,26.16374],[119.97878,26.16372],[119.97878,26.16372],[119.97877,26.16371],[119.97877,26.16371],[119.97877,26.16368],[119.97876,26.16367],[119.97876,26.16366],[119.97877,26.16365],[119.97878,26.16365],[119.97879,26.16366],[119.97882,26.16366],[119.97882,26.16366],[119.97882,26.16365],[119.97883,26.16364],[119.97883,26.16362],[119.97883,26.16362],[119.97883,26.16361],[119.97883,26.16359],[119.97882,26.16357],[119.9788,26.16353],[119.97875,26.1635],[119.9787,26.16347],[119.97865,26.16345],[119.97862,26.16344],[119.97861,26.16344],[119.9786,26.16344],[119.97859,26.16344],[119.97856,26.16346],[119.97856,26.16347],[119.97855,26.16347],[119.9785,26.16346],[119.97849,26.16344],[119.97847,26.16343],[119.97842,26.1634],[119.9784,26.1634],[119.97837,26.16342],[119.97835,26.16345],[119.97835,26.16346],[119.97836,26.16348],[119.97837,26.16349],[119.97839,26.16349],[119.97839,26.1635],[119.97844,26.16351],[119.97846,26.16352],[119.97848,26.16354],[119.97852,26.16357],[119.97853,26.16358],[119.97854,26.16359],[119.97858,26.16362],[119.97858,26.16363],[119.97858,26.16363],[119.97861,26.16365],[119.97862,26.16366],[119.97863,26.16366],[119.97866,26.16367],[119.97871,26.16369],[119.97871,26.1637]]],[[[119.97629,26.16626],[119.97629,26.16625],[119.97629,26.16625],[119.97628,26.16625],[119.97627,26.16625],[119.97626,26.16626],[119.97627,26.16627],[119.97628,26.16627],[119.9763,26.16626],[119.9763,26.16626],[119.97629,26.16626]]],[[[119.97627,26.16617],[119.97627,26.16617],[119.97627,26.16617],[119.97626,26.16617],[119.97626,26.16617],[119.97627,26.16619],[119.97629,26.16617],[119.97628,26.16617],[119.97627,26.16617],[119.97627,26.16617]]],[[[119.97627,26.16621],[119.97627,26.16621],[119.97627,26.16621],[119.97626,26.16621],[119.97626,26.16622],[119.97626,26.16622],[119.97626,26.16623],[119.97627,26.16623],[119.97631,26.16623],[119.9763,26.16622],[119.97629,26.16621],[119.97627,26.16621]]],[[[119.97635,26.1664],[119.97636,26.1664],[119.97636,26.1664],[119.97636,26.16641],[119.97637,26.1664],[119.97638,26.1664],[119.97638,26.16639],[119.97638,26.16638],[119.97636,26.16635],[119.97635,26.16635],[119.97634,26.16635],[119.97634,26.16636],[119.97634,26.16637],[119.97634,26.16638],[119.97634,26.16638],[119.97635,26.1664]]],[[[119.97806,26.16314],[119.97804,26.16315],[119.97804,26.16315],[119.97803,26.16316],[119.97803,26.16319],[119.97804,26.16319],[119.97808,26.16319],[119.97808,26.16318],[119.97809,26.16317],[119.97809,26.16316],[119.97808,26.16315],[119.97807,26.16314],[119.97806,26.16314],[119.97806,26.16314]]],[[[119.97841,26.16229],[119.97837,26.1623],[119.97837,26.1623],[119.97837,26.16231],[119.97837,26.16232],[119.97838,26.16233],[119.97843,26.16235],[119.97847,26.16238],[119.9785,26.16239],[119.97853,26.16237],[119.97851,26.16235],[119.97847,26.16232],[119.97843,26.1623],[119.97841,26.16229]]],[[[119.97842,26.16215],[119.97845,26.16218],[119.97846,26.16217],[119.97848,26.16216],[119.97849,26.16215],[119.97853,26.16215],[119.97854,26.16215],[119.97855,26.16214],[119.97855,26.16214],[119.97855,26.16214],[119.97853,26.16214],[119.97852,26.16214],[119.97851,26.16214],[119.9785,26.16213],[119.97847,26.16213],[119.97843,26.16214],[119.97842,26.16215],[119.97842,26.16215]]],[[[119.97792,26.16233],[119.97795,26.16236],[119.97799,26.16239],[119.97804,26.1624],[119.97808,26.16237],[119.97808,26.16236],[119.97807,26.16233],[119.97806,26.16232],[119.97806,26.16232],[119.97801,26.16231],[119.97796,26.1623],[119.97794,26.16229],[119.97792,26.16231],[119.97792,26.16232],[119.97792,26.16233]]],[[[119.97809,26.1624],[119.97808,26.16241],[119.97805,26.16242],[119.97804,26.16244],[119.97802,26.16245],[119.97802,26.16246],[119.97803,26.16248],[119.97803,26.16248],[119.97802,26.16247],[119.97801,26.16247],[119.97801,26.16247],[119.97801,26.16247],[119.978,26.16248],[119.97799,26.16249],[119.97798,26.16249],[119.97798,26.1625],[119.97797,26.16251],[119.97797,26.16252],[119.978,26.16255],[119.97803,26.16257],[119.97804,26.16257],[119.97805,26.16256],[119.97805,26.16256],[119.97806,26.16255],[119.97808,26.16254],[119.97808,26.16254],[119.97813,26.16256],[119.97815,26.16256],[119.97816,26.16256],[119.97816,26.16256],[119.97819,26.16256],[119.97819,26.16256],[119.97824,26.16256],[119.97829,26.16258],[119.97831,26.16259],[119.97833,26.16258],[119.97833,26.16256],[119.97833,26.16256],[119.97833,26.16255],[119.97833,26.16254],[119.97832,26.16254],[119.97831,26.16253],[119.9783,26.16251],[119.97832,26.16251],[119.97837,26.16251],[119.97842,26.16252],[119.97843,26.16252],[119.97844,26.16252],[119.97844,26.16251],[119.97845,26.16249],[119.97845,26.16249],[119.97841,26.16246],[119.97836,26.16244],[119.97831,26.16242],[119.97826,26.1624],[119.97822,26.16238],[119.97821,26.16238],[119.97817,26.16239],[119.97816,26.1624],[119.97814,26.16239],[119.97811,26.16238],[119.97811,26.16238],[119.97809,26.16238],[119.97809,26.16239],[119.97809,26.1624],[119.97809,26.1624]]],[[[119.97732,26.16194],[119.9773,26.16193],[119.9773,26.16193],[119.97727,26.16194],[119.97727,26.16196],[119.97728,26.16197],[119.9773,26.16197],[119.9773,26.16198],[119.97731,26.16198],[119.97732,26.16198],[119.97735,26.16199],[119.97736,26.16199],[119.97738,26.16199],[119.9774,26.16198],[119.9774,26.16197],[119.9774,26.16196],[119.97738,26.16195],[119.97735,26.16194],[119.97733,26.16193],[119.97732,26.16194]]],[[[119.97729,26.16186],[119.97727,26.16185],[119.97725,26.16185],[119.97725,26.16186],[119.97726,26.16187],[119.97727,26.16187],[119.97728,26.16187],[119.97729,26.16186]]],[[[119.97731,26.16171],[119.9773,26.16173],[119.9773,26.16175],[119.9773,26.16176],[119.97732,26.16179],[119.97733,26.1618],[119.97734,26.16182],[119.97736,26.16184],[119.97737,26.16185],[119.97741,26.16186],[119.97746,26.16187],[119.97751,26.16186],[119.97756,26.16184],[119.97759,26.16183],[119.97761,26.16182],[119.97762,26.1618],[119.97764,26.16179],[119.97764,26.16178],[119.97761,26.16174],[119.97757,26.16171],[119.97756,26.1617],[119.97752,26.16168],[119.97751,26.16168],[119.97748,26.16167],[119.97747,26.16167],[119.97742,26.16168],[119.97737,26.16169],[119.97732,26.16171],[119.97731,26.16171]]],[[[119.97777,26.16187],[119.97776,26.16188],[119.97776,26.16189],[119.97777,26.16189],[119.97781,26.16192],[119.97781,26.16192],[119.97783,26.16194],[119.97784,26.16196],[119.97785,26.16197],[119.97786,26.16197],[119.97789,26.16198],[119.9779,26.16198],[119.97794,26.16199],[119.97796,26.16199],[119.97799,26.16198],[119.97802,26.16197],[119.97803,26.16196],[119.97803,26.16195],[119.97802,26.16195],[119.97798,26.16192],[119.97796,26.16191],[119.97795,26.1619],[119.97794,26.16189],[119.97793,26.16188],[119.9779,26.16185],[119.97787,26.16183],[119.97786,26.16183],[119.97785,26.16182],[119.97781,26.16185],[119.97781,26.16185],[119.97777,26.16187]]],[[[119.97306,26.16645],[119.97307,26.16645],[119.97307,26.16646],[119.97308,26.16646],[119.97308,26.16646],[119.97312,26.16645],[119.97313,26.16645],[119.97314,26.16642],[119.97313,26.16641],[119.97311,26.16641],[119.9731,26.16641],[119.9731,26.16642],[119.97309,26.16642],[119.97307,26.16644],[119.97306,26.16645]]],[[[119.97054,26.1644],[119.97054,26.16441],[119.97054,26.16441],[119.97057,26.16442],[119.97057,26.16442],[119.97058,26.16442],[119.97059,26.16442],[119.97062,26.16437],[119.97061,26.16437],[119.9706,26.16437],[119.9706,26.16437],[119.97059,26.16437],[119.97058,26.16438],[119.97057,26.16438],[119.97054,26.1644]]],[[[119.97054,26.16421],[119.97053,26.16423],[119.97053,26.16423],[119.97053,26.16424],[119.97053,26.16425],[119.97054,26.16425],[119.97055,26.16425],[119.97055,26.16425],[119.97057,26.16425],[119.97057,26.16425],[119.97057,26.16425],[119.97057,26.16426],[119.97056,26.16427],[119.97055,26.16427],[119.97053,26.16427],[119.97053,26.16428],[119.97052,26.1643],[119.97052,26.16432],[119.97052,26.16433],[119.97052,26.16434],[119.97053,26.16434],[119.97053,26.16435],[119.97054,26.16436],[119.97055,26.16435],[119.97055,26.16435],[119.97058,26.16432],[119.97058,26.16431],[119.97059,26.16431],[119.9706,26.16431],[119.97062,26.16428],[119.97062,26.16427],[119.97062,26.16426],[119.97063,26.16427],[119.97063,26.16428],[119.97064,26.16428],[119.97066,26.16428],[119.97067,26.16427],[119.97069,26.16423],[119.97069,26.16422],[119.9707,26.16422],[119.97071,26.1642],[119.9707,26.1642],[119.97069,26.16419],[119.97066,26.16419],[119.97062,26.16418],[119.97061,26.16418],[119.9706,26.16418],[119.97059,26.16418],[119.97059,26.16421],[119.97059,26.16421],[119.97059,26.16422],[119.97058,26.16422],[119.97058,26.16422],[119.97054,26.16421]]],[[[119.97724,26.15972],[119.97723,26.15971],[119.97722,26.15971],[119.9772,26.15971],[119.97719,26.15972],[119.97718,26.15973],[119.97718,26.15973],[119.97718,26.15977],[119.97717,26.1598],[119.97715,26.15981],[119.97715,26.15981],[119.97714,26.1598],[119.97713,26.1598],[119.9771,26.15981],[119.9771,26.15981],[119.97708,26.15982],[119.97707,26.15984],[119.97707,26.15985],[119.97707,26.15986],[119.97705,26.15988],[119.97706,26.15989],[119.97707,26.15989],[119.9771,26.15988],[119.97711,26.15987],[119.97712,26.15987],[119.97712,26.15987],[119.97713,26.15988],[119.97717,26.15986],[119.9772,26.15982],[119.9772,26.15982],[119.9772,26.15978],[119.97721,26.15977],[119.97723,26.15978],[119.97725,26.15979],[119.97725,26.15979],[119.97726,26.1598],[119.97727,26.1598],[119.97729,26.15978],[119.97729,26.15978],[119.97729,26.15976],[119.97726,26.15974],[119.97724,26.15972]]],[[[119.97628,26.16015],[119.97631,26.16015],[119.97632,26.16013],[119.97632,26.16011],[119.9763,26.16011],[119.97627,26.16013],[119.97627,26.16014],[119.97628,26.16015]]],[[[119.97672,26.16026],[119.9767,26.16024],[119.97669,26.16024],[119.97668,26.16024],[119.97668,26.16024],[119.97668,26.16024],[119.97667,26.16026],[119.97666,26.16028],[119.97666,26.16029],[119.97666,26.16029],[119.97667,26.16033],[119.9767,26.16036],[119.97671,26.16036],[119.97671,26.16036],[119.97672,26.16035],[119.97672,26.16033],[119.97672,26.16032],[119.97672,26.16032],[119.97673,26.16031],[119.97673,26.1603],[119.97672,26.16026]]],[[[119.97679,26.16023],[119.9768,26.16025],[119.9768,26.16025],[119.97681,26.16027],[119.97681,26.16027],[119.97683,26.16027],[119.97685,26.16027],[119.97686,26.16026],[119.97689,26.16024],[119.97691,26.16024],[119.97693,26.16023],[119.97694,26.16021],[119.97694,26.1602],[119.97694,26.1602],[119.9769,26.16017],[119.97689,26.16016],[119.97687,26.16016],[119.97685,26.16015],[119.97684,26.16015],[119.97682,26.16017],[119.97681,26.16018],[119.97681,26.16018],[119.9768,26.16023],[119.97679,26.16023]]],[[[119.97696,26.15959],[119.97697,26.15959],[119.97698,26.15959],[119.97701,26.15959],[119.97702,26.15959],[119.97705,26.15959],[119.97705,26.15959],[119.97706,26.15959],[119.97707,26.15957],[119.97706,26.15957],[119.97707,26.15955],[119.97707,26.15953],[119.97707,26.15952],[119.97707,26.15951],[119.97706,26.1595],[119.97705,26.15949],[119.97705,26.15949],[119.97704,26.15948],[119.97701,26.15948],[119.97699,26.15949],[119.97699,26.15949],[119.97699,26.1595],[119.97699,26.15952],[119.97698,26.15954],[119.97696,26.15954],[119.97695,26.15956],[119.97695,26.15959],[119.97696,26.15959],[119.97696,26.15959]]],[[[119.97669,26.15951],[119.97667,26.15948],[119.97667,26.15948],[119.97666,26.15948],[119.97665,26.15949],[119.97665,26.15949],[119.97665,26.15949],[119.97664,26.1595],[119.97662,26.15951],[119.97661,26.15952],[119.97661,26.15952],[119.97661,26.15957],[119.97661,26.15957],[119.97661,26.15958],[119.97664,26.1596],[119.97665,26.1596],[119.97665,26.1596],[119.97666,26.1596],[119.97667,26.15959],[119.97667,26.15956],[119.97667,26.15953],[119.97668,26.15953],[119.97669,26.15953],[119.97669,26.15953],[119.97669,26.15951],[119.97669,26.15951]]],[[[119.97631,26.15952],[119.97631,26.15953],[119.97631,26.15954],[119.97632,26.15954],[119.97634,26.15954],[119.97634,26.15952],[119.97632,26.15951],[119.97631,26.15952]]],[[[119.97685,26.15961],[119.97683,26.15959],[119.9768,26.15955],[119.9768,26.15955],[119.97679,26.15953],[119.97677,26.15952],[119.97677,26.15952],[119.97677,26.15952],[119.97676,26.15954],[119.97677,26.15956],[119.97677,26.15958],[119.97676,26.15961],[119.97676,26.15961],[119.97675,26.15963],[119.97676,26.15965],[119.97676,26.15966],[119.97677,26.15967],[119.97678,26.15968],[119.9768,26.15969],[119.97684,26.1597],[119.97685,26.1597],[119.97686,26.15969],[119.97687,26.15967],[119.97688,26.15966],[119.97688,26.15964],[119.97687,26.15962],[119.97686,26.15961],[119.97685,26.15961]]],[[[119.97666,26.15962],[119.97665,26.15962],[119.97664,26.15962],[119.97664,26.15963],[119.97665,26.15964],[119.97665,26.15964],[119.97666,26.15965],[119.97668,26.15967],[119.97669,26.15967],[119.9767,26.15965],[119.9767,26.15965],[119.9767,26.15964],[119.97669,26.15963],[119.97667,26.15962],[119.97667,26.15962],[119.97666,26.15962]]],[[[119.97555,26.16008],[119.97556,26.1601],[119.97556,26.1601],[119.9756,26.16012],[119.9756,26.16012],[119.97561,26.16011],[119.97563,26.16011],[119.97563,26.16011],[119.97564,26.16012],[119.97565,26.16011],[119.97566,26.16007],[119.97566,26.16006],[119.97565,26.16006],[119.97565,26.16005],[119.97564,26.16002],[119.97564,26.16001],[119.97563,26.16001],[119.97561,26.15998],[119.9756,26.15999],[119.9756,26.15999],[119.97559,26.16001],[119.97558,26.16003],[119.97557,26.16003],[119.97555,26.16008],[119.97555,26.16008]]],[[[119.97555,26.15995],[119.97557,26.15995],[119.97558,26.15994],[119.97558,26.15993],[119.97557,26.15993],[119.97556,26.15993],[119.97555,26.15994],[119.97555,26.15994],[119.97555,26.15995]]],[[[119.97579,26.16017],[119.9758,26.16018],[119.97581,26.16018],[119.97582,26.1602],[119.97584,26.1602],[119.97586,26.16019],[119.97587,26.16017],[119.97586,26.16016],[119.97584,26.16015],[119.97581,26.16016],[119.9758,26.16016],[119.97579,26.16017]]],[[[119.97803,26.16034],[119.97801,26.16035],[119.97804,26.16035],[119.97805,26.16035],[119.97809,26.16035],[119.97811,26.16035],[119.97812,26.16034],[119.97813,26.16033],[119.97814,26.16033],[119.97818,26.16034],[119.97819,26.16035],[119.97819,26.16036],[119.9782,26.16037],[119.97821,26.16038],[119.97823,26.16037],[119.97824,26.16037],[119.97826,26.16037],[119.97829,26.16037],[119.97834,26.16038],[119.97837,26.16038],[119.97838,26.16038],[119.97839,26.16037],[119.97842,26.16034],[119.97845,26.16032],[119.97846,26.16033],[119.97847,26.16033],[119.97848,26.16033],[119.97849,26.16032],[119.97849,26.1603],[119.97849,26.1603],[119.97846,26.16029],[119.97842,26.16026],[119.97837,26.16025],[119.97832,26.16024],[119.97829,26.16025],[119.97826,26.16025],[119.97825,26.16025],[119.97824,26.16026],[119.97823,26.16026],[119.97822,26.16025],[119.97821,26.16025],[119.97816,26.16026],[119.97811,26.16028],[119.97808,26.16031],[119.97803,26.16034],[119.97803,26.16034]]],[[[119.97853,26.16223],[119.97851,26.16225],[119.97851,26.16226],[119.97852,26.16227],[119.97855,26.16231],[119.97855,26.16231],[119.97855,26.16232],[119.97858,26.16234],[119.97862,26.16238],[119.97866,26.16241],[119.97871,26.16244],[119.97875,26.16247],[119.9788,26.16249],[119.97885,26.1625],[119.97885,26.1625],[119.9789,26.16247],[119.9789,26.16247],[119.97894,26.16248],[119.97894,26.16247],[119.97895,26.16247],[119.97898,26.16247],[119.979,26.16247],[119.97905,26.16244],[119.97908,26.16241],[119.97908,26.1624],[119.97912,26.16238],[119.97912,26.16238],[119.97912,26.16236],[119.9791,26.16234],[119.97907,26.16232],[119.97905,26.16231],[119.97904,26.1623],[119.97901,26.16229],[119.979,26.16228],[119.979,26.16224],[119.97903,26.16223],[119.97903,26.16222],[119.979,26.1622],[119.97896,26.16217],[119.97894,26.16216],[119.97893,26.16216],[119.97891,26.16218],[119.97891,26.16218],[119.97889,26.16218],[119.97886,26.16218],[119.97885,26.16219],[119.97881,26.16219],[119.97879,26.1622],[119.97877,26.16221],[119.97876,26.16221],[119.97871,26.1622],[119.9787,26.16219],[119.97866,26.16217],[119.97862,26.16215],[119.97862,26.16216],[119.97861,26.16218],[119.97857,26.16218],[119.97856,26.16218],[119.97859,26.16221],[119.97859,26.16222],[119.97858,26.16222],[119.97857,26.16222],[119.97857,26.16222],[119.97853,26.16223],[119.97853,26.16223]]],[[[119.97895,26.16591],[119.97893,26.16592],[119.97891,26.16593],[119.97891,26.16594],[119.9789,26.16595],[119.97889,26.16596],[119.97888,26.16597],[119.97887,26.16597],[119.97883,26.16598],[119.97878,26.16601],[119.97875,26.16604],[119.97874,26.16605],[119.97871,26.16608],[119.97867,26.16612],[119.97864,26.16615],[119.97862,26.16617],[119.97861,26.16619],[119.97861,26.1662],[119.97862,26.16622],[119.97865,26.16621],[119.97866,26.1662],[119.97868,26.16617],[119.97871,26.16615],[119.97873,26.16614],[119.97876,26.16613],[119.97878,26.16613],[119.97879,26.16613],[119.97882,26.16612],[119.97882,26.16611],[119.97886,26.16608],[119.9789,26.16604],[119.97894,26.166],[119.97897,26.16597],[119.97898,26.16598],[119.97899,26.16598],[119.97899,26.166],[119.97899,26.16601],[119.979,26.16602],[119.97903,26.16601],[119.97906,26.16597],[119.97909,26.16593],[119.97909,26.16593],[119.9791,26.16589],[119.9791,26.16588],[119.97906,26.16587],[119.97905,26.16587],[119.979,26.16589],[119.97895,26.16591],[119.97895,26.16591]]],[[[119.97839,26.16363],[119.97824,26.16359],[119.97814,26.16342],[119.97801,26.16338],[119.97792,26.16335],[119.9778,26.16335],[119.97794,26.16329],[119.97783,26.16323],[119.97799,26.16315],[119.97808,26.16304],[119.9781,26.16297],[119.97798,26.16295],[119.97785,26.1629],[119.97774,26.16285],[119.97771,26.16276],[119.97781,26.16274],[119.9779,26.16271],[119.97795,26.16279],[119.97812,26.16288],[119.9782,26.16284],[119.97801,26.16272],[119.9781,26.16268],[119.97799,26.16257],[119.97797,26.16248],[119.97794,26.1624],[119.97788,26.16236],[119.97773,26.16226],[119.97763,26.16229],[119.97759,26.16225],[119.97751,26.16214],[119.9774,26.16203],[119.97721,26.162],[119.9772,26.1618],[119.97714,26.16171],[119.97729,26.16164],[119.97737,26.16146],[119.97718,26.16147],[119.97701,26.16141],[119.97687,26.16133],[119.97712,26.16129],[119.97734,26.16101],[119.9772,26.16079],[119.97692,26.161],[119.97677,26.16083],[119.97679,26.1607],[119.97655,26.16049],[119.97641,26.16043],[119.97624,26.16043],[119.97636,26.16041],[119.97638,26.16035],[119.9765,26.1604],[119.9766,26.16036],[119.97648,26.16026],[119.97639,26.16028],[119.97631,26.16028],[119.97624,26.16025],[119.97614,26.16017],[119.97601,26.16013],[119.976,26.16001],[119.97592,26.16005],[119.97592,26.1602],[119.97594,26.16027],[119.97587,26.16022],[119.97577,26.16017],[119.97571,26.16027],[119.97577,26.16035],[119.97585,26.16043],[119.97578,26.16054],[119.97567,26.16067],[119.97568,26.16086],[119.97566,26.16095],[119.97561,26.16113],[119.97561,26.16127],[119.97568,26.16142],[119.97561,26.16149],[119.97565,26.16156],[119.97562,26.16169],[119.97558,26.16186],[119.97553,26.16193],[119.97549,26.16197],[119.97548,26.1621],[119.97543,26.16219],[119.97543,26.1624],[119.97544,26.16269],[119.97552,26.16298],[119.97553,26.16329],[119.97542,26.16358],[119.97524,26.16376],[119.97523,26.16391],[119.97544,26.16397],[119.97562,26.1642],[119.97571,26.16443],[119.97575,26.16471],[119.9758,26.16488],[119.97584,26.16502],[119.97595,26.16517],[119.9759,26.16531],[119.97588,26.1654],[119.97603,26.16544],[119.9761,26.1654],[119.97615,26.16563],[119.97616,26.16585],[119.97617,26.16593],[119.97621,26.16598],[119.97625,26.16606],[119.97629,26.1661],[119.97634,26.16612],[119.97634,26.16623],[119.97645,26.1663],[119.97661,26.1665],[119.97673,26.16663],[119.97672,26.16676],[119.97664,26.16682],[119.97685,26.16686],[119.9769,26.16683],[119.97687,26.16695],[119.97669,26.16705],[119.97681,26.16726],[119.97702,26.16736],[119.97699,26.16721],[119.97697,26.16708],[119.9771,26.16711],[119.97714,26.16724],[119.97732,26.16737],[119.9775,26.16735],[119.97734,26.16745],[119.97752,26.16756],[119.97768,26.16761],[119.97785,26.16762],[119.97792,26.16753],[119.97788,26.16744],[119.97786,26.16739],[119.97805,26.16739],[119.97818,26.16748],[119.97849,26.16754],[119.97866,26.16749],[119.97876,26.16734],[119.97871,26.16733],[119.97864,26.16736],[119.97862,26.16735],[119.97864,26.16713],[119.97855,26.16706],[119.97846,26.16703],[119.9784,26.16692],[119.9785,26.1669],[119.97865,26.16677],[119.97881,26.1666],[119.97892,26.16647],[119.97898,26.16635],[119.9787,26.16644],[119.97854,26.16641],[119.97833,26.16654],[119.97827,26.16643],[119.97845,26.16633],[119.97831,26.16633],[119.97837,26.16622],[119.97823,26.16622],[119.97826,26.1661],[119.97843,26.16591],[119.97862,26.16581],[119.97869,26.16563],[119.97864,26.16552],[119.97853,26.16532],[119.97843,26.16512],[119.9782,26.16509],[119.97802,26.16519],[119.97791,26.16512],[119.97784,26.16497],[119.97799,26.16484],[119.97811,26.1647],[119.97825,26.16473],[119.97849,26.16453],[119.97857,26.16448],[119.97834,26.16468],[119.97855,26.16485],[119.97882,26.16501],[119.97913,26.16511],[119.97929,26.16509],[119.97952,26.16495],[119.97955,26.1647],[119.97943,26.16462],[119.97943,26.16456],[119.97943,26.16445],[119.9793,26.16442],[119.97897,26.16442],[119.97882,26.16436],[119.97891,26.16435],[119.97904,26.1643],[119.97887,26.16427],[119.97876,26.16427],[119.97878,26.16421],[119.97898,26.16417],[119.97906,26.16402],[119.97877,26.16388],[119.97851,26.16371],[119.97839,26.16363]]],[[[119.96592,26.156],[119.96592,26.15601],[119.96593,26.15601],[119.96594,26.15602],[119.96594,26.15602],[119.96596,26.15602],[119.96597,26.15602],[119.96599,26.15601],[119.96599,26.156],[119.96598,26.15598],[119.96597,26.15597],[119.96596,26.15597],[119.96593,26.15599],[119.96592,26.156],[119.96592,26.156]]],[[[119.96506,26.15552],[119.96507,26.15553],[119.96508,26.15553],[119.9651,26.15552],[119.9651,26.15549],[119.96509,26.15549],[119.96506,26.15549],[119.96506,26.1555],[119.96506,26.15551],[119.96506,26.15552],[119.96506,26.15552]]],[[[119.96468,26.15573],[119.96468,26.15575],[119.96468,26.15575],[119.96469,26.15577],[119.96472,26.15581],[119.96475,26.15582],[119.96477,26.15583],[119.96477,26.15583],[119.96477,26.15583],[119.96477,26.15583],[119.96481,26.15583],[119.96482,26.15581],[119.96484,26.15577],[119.96485,26.15577],[119.96485,26.15575],[119.96486,26.15573],[119.96486,26.15572],[119.96485,26.15572],[119.96482,26.15569],[119.96478,26.15568],[119.96477,26.15568],[119.96477,26.15568],[119.96475,26.15569],[119.96473,26.1557],[119.96472,26.1557],[119.96469,26.15572],[119.96468,26.15573]]],[[[119.96487,26.15579],[119.96487,26.1558],[119.96488,26.1558],[119.96489,26.15579],[119.96492,26.15579],[119.96492,26.15576],[119.96491,26.15576],[119.96491,26.15576],[119.96488,26.15577],[119.96487,26.15577],[119.96487,26.15578],[119.96487,26.15579],[119.96487,26.15579]]],[[[119.96489,26.15545],[119.9649,26.15545],[119.9649,26.15545],[119.9649,26.15546],[119.96491,26.15546],[119.96493,26.15546],[119.96493,26.15545],[119.96494,26.15543],[119.96494,26.15543],[119.96493,26.15542],[119.9649,26.15542],[119.96489,26.15544],[119.96489,26.15545],[119.96489,26.15545]]],[[[119.9648,26.15549],[119.9648,26.15552],[119.9648,26.15552],[119.9648,26.15553],[119.96485,26.15553],[119.96485,26.15552],[119.96484,26.15551],[119.96481,26.15549],[119.96481,26.15549],[119.9648,26.15549]]],[[[119.96476,26.15561],[119.96477,26.15564],[119.96477,26.15564],[119.96477,26.15565],[119.96478,26.15566],[119.96478,26.15565],[119.9648,26.15562],[119.96479,26.15561],[119.96478,26.1556],[119.96476,26.1556],[119.96476,26.15561],[119.96476,26.15561]]],[[[119.96491,26.15587],[119.96491,26.15589],[119.96492,26.1559],[119.96496,26.1559],[119.96496,26.15589],[119.96495,26.15589],[119.96493,26.15585],[119.96491,26.15587],[119.96491,26.15587],[119.96491,26.15587]]],[[[119.96502,26.15547],[119.96503,26.15546],[119.96504,26.15546],[119.96506,26.15545],[119.96504,26.15541],[119.96504,26.15541],[119.96503,26.15542],[119.96499,26.15544],[119.96494,26.15548],[119.96491,26.15547],[119.96489,26.15548],[119.96488,26.15549],[119.96488,26.1555],[119.96488,26.15551],[119.96487,26.15552],[119.96488,26.15554],[119.96488,26.15554],[119.96489,26.15556],[119.9649,26.15558],[119.96491,26.15558],[119.96495,26.15559],[119.96496,26.15559],[119.96497,26.15558],[119.965,26.15555],[119.96502,26.15551],[119.96502,26.15551],[119.96501,26.15548],[119.96502,26.15547]]],[[[119.96491,26.15561],[119.96491,26.15562],[119.96491,26.15564],[119.96491,26.15565],[119.96493,26.15567],[119.96495,26.15568],[119.96496,26.15568],[119.965,26.15567],[119.965,26.15566],[119.96499,26.15565],[119.96496,26.15563],[119.96493,26.15561],[119.96492,26.15561],[119.96491,26.15561]]],[[[119.96114,26.1488],[119.96114,26.14881],[119.96114,26.14882],[119.9612,26.14889],[119.96121,26.1489],[119.96126,26.14892],[119.96129,26.14892],[119.9614,26.1489],[119.96142,26.14889],[119.96144,26.14888],[119.96142,26.14885],[119.96139,26.14881],[119.96139,26.14881],[119.96136,26.14877],[119.96131,26.14875],[119.96129,26.14874],[119.96126,26.14873],[119.96121,26.14873],[119.96117,26.14877],[119.96114,26.1488]]],[[[119.96112,26.14916],[119.96115,26.14917],[119.96117,26.14917],[119.96119,26.14917],[119.96125,26.14919],[119.96129,26.14919],[119.9613,26.14918],[119.96128,26.14916],[119.96126,26.14915],[119.9612,26.1491],[119.96117,26.14908],[119.96115,26.14908],[119.96112,26.14912],[119.96111,26.14915],[119.96111,26.14915],[119.96112,26.14916]]],[[[119.96055,26.14913],[119.96055,26.14914],[119.96059,26.14916],[119.96062,26.14917],[119.96062,26.14917],[119.96071,26.14922],[119.96079,26.14929],[119.96086,26.14926],[119.96087,26.14923],[119.96087,26.14923],[119.96079,26.14916],[119.9608,26.14911],[119.96083,26.14913],[119.96086,26.14913],[119.96085,26.1491],[119.96081,26.14907],[119.96074,26.14904],[119.96072,26.14903],[119.96069,26.14902],[119.96063,26.14906],[119.96058,26.14909],[119.96055,26.14913]]],[[[119.96115,26.14949],[119.96125,26.14953],[119.96132,26.14958],[119.96133,26.14958],[119.96134,26.14958],[119.9614,26.14956],[119.96142,26.14955],[119.96143,26.14953],[119.96137,26.14946],[119.96137,26.14945],[119.9614,26.14945],[119.96147,26.14943],[119.96154,26.14943],[119.96156,26.14938],[119.96149,26.14934],[119.96147,26.14933],[119.96137,26.14935],[119.96127,26.14937],[119.96117,26.14935],[119.96107,26.14935],[119.96107,26.14935],[119.96102,26.14936],[119.96099,26.14937],[119.96098,26.14937],[119.96097,26.14939],[119.96097,26.1494],[119.96099,26.14941],[119.96099,26.14941],[119.96099,26.14942],[119.96105,26.14946],[119.96107,26.14947],[119.96108,26.14947],[119.96111,26.14948],[119.96113,26.14948],[119.96115,26.14949],[119.96115,26.14949]]],[[[119.95128,26.14486],[119.95129,26.14487],[119.95133,26.14487],[119.95134,26.14487],[119.95139,26.14489],[119.95141,26.14489],[119.95144,26.14489],[119.95147,26.14486],[119.95148,26.14485],[119.95148,26.14484],[119.95151,26.14477],[119.95152,26.14477],[119.95159,26.14474],[119.95162,26.14472],[119.95166,26.14471],[119.95168,26.1447],[119.95171,26.14469],[119.95174,26.14467],[119.95174,26.14466],[119.95174,26.14461],[119.95172,26.1446],[119.95168,26.14462],[119.95165,26.14465],[119.95165,26.14465],[119.95157,26.14463],[119.95148,26.14462],[119.95142,26.14464],[119.9514,26.14466],[119.95138,26.14466],[119.95133,26.14467],[119.95132,26.14467],[119.95131,26.14468],[119.95128,26.14469],[119.95127,26.1447],[119.95126,26.14472],[119.95125,26.14476],[119.95125,26.14478],[119.95125,26.1448],[119.95125,26.14481],[119.95128,26.14485],[119.95128,26.14486]]],[[[119.9512,26.14501],[119.95119,26.14502],[119.95119,26.14503],[119.9512,26.14504],[119.95121,26.14505],[119.95126,26.14508],[119.95128,26.14507],[119.95129,26.14507],[119.95135,26.14504],[119.95136,26.14503],[119.95138,26.14499],[119.95135,26.14496],[119.95131,26.14494],[119.9513,26.14494],[119.95126,26.14496],[119.95125,26.14497],[119.9512,26.145],[119.9512,26.14501]]],[[[119.93406,26.1685],[119.93407,26.16852],[119.93407,26.16852],[119.9341,26.16854],[119.93412,26.16855],[119.93415,26.16853],[119.93422,26.16851],[119.93423,26.16851],[119.93428,26.1685],[119.9343,26.1685],[119.93436,26.1685],[119.93438,26.1685],[119.93439,26.16849],[119.93438,26.16848],[119.93438,26.16847],[119.93435,26.16847],[119.9343,26.16846],[119.93429,26.16846],[119.93425,26.16846],[119.93421,26.16845],[119.9342,26.16845],[119.93418,26.16844],[119.93415,26.16843],[119.93413,26.16844],[119.9341,26.16846],[119.93408,26.16847],[119.93406,26.16849],[119.93406,26.1685]]],[[[119.93672,26.16081],[119.93674,26.16082],[119.93674,26.16082],[119.93679,26.16085],[119.93681,26.16085],[119.93689,26.16088],[119.9369,26.16089],[119.93692,26.16088],[119.93693,26.16087],[119.93693,26.16084],[119.93695,26.16083],[119.93696,26.16081],[119.93695,26.16079],[119.93692,26.16078],[119.93691,26.16077],[119.9369,26.16077],[119.93686,26.16075],[119.93682,26.16075],[119.93681,26.16075],[119.93674,26.16077],[119.93674,26.16077],[119.93671,26.16077],[119.9367,26.16076],[119.93667,26.16076],[119.93665,26.16076],[119.93665,26.16077],[119.93666,26.16078],[119.93669,26.1608],[119.93672,26.16081]]],[[[119.92574,26.17331],[119.92574,26.17332],[119.92575,26.17333],[119.92575,26.17333],[119.92576,26.17333],[119.92583,26.17334],[119.92589,26.17334],[119.92591,26.17334],[119.92592,26.17331],[119.9259,26.17331],[119.92588,26.1733],[119.92585,26.17329],[119.92582,26.17329],[119.9258,26.17329],[119.92578,26.17329],[119.92576,26.17329],[119.92574,26.17331],[119.92574,26.17331],[119.92574,26.17331]]],[[[119.92952,26.13678],[119.92952,26.13679],[119.92956,26.13682],[119.92959,26.13684],[119.92963,26.13689],[119.92971,26.13695],[119.92978,26.13701],[119.92979,26.13701],[119.92985,26.13702],[119.92986,26.13701],[119.92987,26.13701],[119.9299,26.137],[119.93,26.13698],[119.93005,26.13691],[119.93003,26.13689],[119.93002,26.13686],[119.93009,26.13684],[119.9301,26.13682],[119.9301,26.1368],[119.93011,26.13678],[119.93011,26.13673],[119.93011,26.13672],[119.93011,26.13668],[119.93015,26.13664],[119.93016,26.13664],[119.93019,26.13662],[119.93019,26.13661],[119.93017,26.13657],[119.93015,26.13655],[119.93012,26.13651],[119.93012,26.13648],[119.93012,26.13646],[119.93012,26.13646],[119.93005,26.13638],[119.92997,26.13632],[119.92993,26.1363],[119.92987,26.13629],[119.92978,26.13631],[119.92976,26.13631],[119.92969,26.13636],[119.92968,26.13638],[119.92968,26.13641],[119.92969,26.13646],[119.9297,26.13647],[119.92977,26.13653],[119.92981,26.13659],[119.92979,26.1366],[119.92973,26.13656],[119.92967,26.13654],[119.92962,26.13652],[119.92955,26.1365],[119.92952,26.13651],[119.9295,26.13655],[119.92948,26.13658],[119.92948,26.1366],[119.92947,26.13665],[119.92948,26.13669],[119.92948,26.13669],[119.92951,26.13677],[119.92952,26.13678]]],[[[119.97804,26.16754],[119.97803,26.16754],[119.97803,26.16753],[119.97803,26.16753],[119.97802,26.16753],[119.97801,26.16753],[119.978,26.16754],[119.978,26.16754],[119.978,26.16755],[119.97803,26.16755],[119.97803,26.16755],[119.97804,26.16754]]],[[[119.97666,26.16672],[119.97665,26.16672],[119.97665,26.16672],[119.97665,26.16672],[119.97665,26.16673],[119.97666,26.16674],[119.97669,26.16673],[119.97667,26.16672],[119.97666,26.16672],[119.97666,26.16672]]],[[[119.97831,26.1634],[119.97828,26.1634],[119.97828,26.16341],[119.97826,26.16341],[119.97826,26.16341],[119.97825,26.16342],[119.97827,26.16345],[119.97827,26.16345],[119.97829,26.16347],[119.97832,26.16348],[119.97833,26.16348],[119.97834,26.16348],[119.97834,26.16345],[119.97833,26.16345],[119.97833,26.16345],[119.97832,26.16344],[119.97831,26.16341],[119.97831,26.1634],[119.97831,26.1634]]],[[[119.97753,26.16196],[119.97752,26.16196],[119.97752,26.16196],[119.97751,26.16196],[119.9775,26.16197],[119.97748,26.16198],[119.97746,26.16199],[119.97746,26.162],[119.97746,26.16201],[119.97746,26.16202],[119.97747,26.16203],[119.97747,26.16203],[119.97748,26.16205],[119.97751,26.16205],[119.97754,26.16206],[119.97756,26.16206],[119.97757,26.16206],[119.97759,26.16206],[119.97761,26.16206],[119.97761,26.16206],[119.97763,26.16205],[119.97763,26.16205],[119.97764,26.16205],[119.97764,26.16203],[119.97763,26.16202],[119.97762,26.16201],[119.9776,26.162],[119.97758,26.16198],[119.97753,26.16196],[119.97753,26.16196]]],[[[119.97791,26.16162],[119.97792,26.16163],[119.97792,26.16163],[119.97795,26.16164],[119.978,26.16166],[119.978,26.16167],[119.97802,26.16169],[119.97803,26.1617],[119.97808,26.16168],[119.97805,26.16164],[119.97802,26.16162],[119.97801,26.16161],[119.97796,26.1616],[119.97795,26.1616],[119.97793,26.16161],[119.97791,26.16162],[119.97791,26.16162]]],[[[119.97799,26.16178],[119.97795,26.16179],[119.97795,26.16179],[119.97795,26.1618],[119.97795,26.16181],[119.97797,26.16182],[119.97798,26.16182],[119.97799,26.16183],[119.97803,26.16183],[119.97807,26.16183],[119.97808,26.16183],[119.97808,26.16182],[119.97807,26.1618],[119.97806,26.16179],[119.97804,26.16179],[119.97802,26.16179],[119.978,26.16179],[119.97799,26.16178],[119.97799,26.16178]]],[[[119.97733,26.16185],[119.97733,26.16186],[119.97734,26.16186],[119.97735,26.16186],[119.97736,26.16188],[119.97738,26.16188],[119.97738,26.16187],[119.97738,26.16186],[119.97734,26.16184],[119.97733,26.16185]]],[[[119.97764,26.16183],[119.97762,26.16183],[119.97762,26.16183],[119.97759,26.16184],[119.97758,26.16184],[119.97758,26.16185],[119.97757,26.16186],[119.97755,26.16189],[119.97755,26.16189],[119.97757,26.1619],[119.9776,26.16191],[119.97763,26.1619],[119.97765,26.16189],[119.97765,26.16189],[119.97765,26.16188],[119.97765,26.16187],[119.97765,26.16184],[119.97764,26.16184],[119.97764,26.16183]]],[[[119.97887,26.16372],[119.97884,26.16372],[119.97884,26.16372],[119.97884,26.16373],[119.97884,26.16376],[119.97888,26.1638],[119.97889,26.16379],[119.9789,26.16375],[119.9789,26.16373],[119.97887,26.16372]]],[[[119.96327,26.16713],[119.96327,26.16714],[119.96326,26.16719],[119.96326,26.16719],[119.96329,26.16721],[119.96332,26.1672],[119.96333,26.16719],[119.96333,26.16719],[119.96334,26.16719],[119.96337,26.16718],[119.96338,26.16717],[119.96339,26.16716],[119.96339,26.16715],[119.96339,26.16715],[119.96339,26.16714],[119.96337,26.16713],[119.96333,26.16711],[119.96333,26.16711],[119.96331,26.1671],[119.9633,26.16709],[119.96329,26.16709],[119.96328,26.16709],[119.96327,26.16711],[119.96327,26.16713]]],[[[120.50449,26.36152],[120.50447,26.36149],[120.50447,26.36148],[120.50441,26.36142],[120.50433,26.36137],[120.50432,26.36137],[120.50429,26.36137],[120.50426,26.36138],[120.50425,26.3614],[120.50424,26.36143],[120.50426,26.36148],[120.50428,26.36151],[120.50428,26.36152],[120.50428,26.36153],[120.50428,26.36156],[120.50427,26.36161],[120.50429,26.3617],[120.50431,26.36179],[120.50432,26.36188],[120.50434,26.36198],[120.50436,26.36204],[120.50437,26.36206],[120.50439,26.36207],[120.5044,26.36207],[120.50442,26.36206],[120.50443,26.36203],[120.50444,26.36199],[120.50445,26.3619],[120.50447,26.36181],[120.50448,26.36172],[120.50449,26.36162],[120.50449,26.36152],[120.50449,26.36152]]],[[[120.50305,26.36056],[120.5031,26.36055],[120.5031,26.36055],[120.50317,26.36052],[120.50327,26.36046],[120.50333,26.36041],[120.50334,26.36038],[120.50334,26.36038],[120.50331,26.36036],[120.50324,26.36037],[120.50314,26.3604],[120.50304,26.36045],[120.50303,26.36046],[120.50301,26.36048],[120.503,26.3605],[120.50298,26.36052],[120.50298,26.36053],[120.50297,26.36055],[120.50298,26.36056],[120.503,26.36056],[120.50302,26.36056],[120.50303,26.36056],[120.50305,26.36056]]],[[[120.50039,26.35677],[120.50043,26.35678],[120.50046,26.35677],[120.50049,26.35676],[120.50051,26.35678],[120.50054,26.35677],[120.50055,26.35675],[120.50056,26.35674],[120.50062,26.35669],[120.50062,26.35666],[120.50059,26.35661],[120.50057,26.35659],[120.50055,26.35659],[120.50044,26.35659],[120.50043,26.3566],[120.50041,26.35664],[120.5004,26.35668],[120.50038,26.35676],[120.50039,26.35677],[120.50039,26.35677]]],[[[120.50087,26.35778],[120.50093,26.35784],[120.50093,26.35784],[120.50102,26.35782],[120.50107,26.35779],[120.50109,26.35777],[120.50108,26.35775],[120.50104,26.35766],[120.50104,26.35765],[120.50105,26.35763],[120.50107,26.35761],[120.50108,26.35759],[120.50104,26.35756],[120.50096,26.35751],[120.50088,26.35749],[120.50086,26.3575],[120.50085,26.3575],[120.50085,26.3575],[120.50083,26.35752],[120.50082,26.35754],[120.50082,26.35758],[120.50083,26.35763],[120.50084,26.35768],[120.50087,26.35778]]],[[[120.49962,26.35555],[120.49973,26.35555],[120.49974,26.35555],[120.49978,26.35555],[120.49984,26.35556],[120.49995,26.35555],[120.49999,26.35551],[120.5,26.35547],[120.49999,26.35538],[120.49999,26.35537],[120.49999,26.35533],[120.49995,26.35529],[120.49986,26.35523],[120.4998,26.35521],[120.49978,26.3552],[120.49978,26.35517],[120.49972,26.3551],[120.49971,26.35509],[120.49967,26.35501],[120.49963,26.35496],[120.49962,26.35493],[120.49959,26.35484],[120.49957,26.35482],[120.4995,26.35479],[120.49942,26.35477],[120.4994,26.35477],[120.49935,26.35482],[120.49936,26.35486],[120.49937,26.3549],[120.49934,26.35491],[120.49931,26.35491],[120.49932,26.35494],[120.49933,26.35499],[120.49931,26.355],[120.49931,26.35503],[120.49934,26.35512],[120.49938,26.35522],[120.49942,26.35531],[120.49949,26.35539],[120.49955,26.35547],[120.49958,26.35553],[120.4996,26.35555],[120.49962,26.35555],[120.49962,26.35555]]],[[[120.48904,26.35235],[120.48902,26.35233],[120.48894,26.35225],[120.48885,26.35219],[120.48882,26.35217],[120.4888,26.35214],[120.48878,26.35212],[120.48868,26.35208],[120.4886,26.35207],[120.48859,26.35206],[120.48858,26.35204],[120.48857,26.35203],[120.48849,26.352],[120.48838,26.35197],[120.4883,26.35196],[120.48828,26.35198],[120.48829,26.35202],[120.48829,26.35204],[120.48828,26.35206],[120.48828,26.35211],[120.48833,26.3522],[120.48835,26.35221],[120.48836,26.3522],[120.48836,26.35219],[120.4884,26.35215],[120.48841,26.35216],[120.48846,26.35221],[120.48846,26.35221],[120.48846,26.35223],[120.48846,26.35226],[120.48847,26.35229],[120.48843,26.3523],[120.48842,26.35231],[120.48843,26.35233],[120.48844,26.35236],[120.48844,26.35237],[120.48846,26.35239],[120.48847,26.35239],[120.48847,26.35242],[120.48849,26.35243],[120.48853,26.35242],[120.48854,26.35242],[120.48855,26.35243],[120.48856,26.35252],[120.4886,26.35261],[120.48866,26.35268],[120.48868,26.35269],[120.48874,26.35268],[120.48876,26.3527],[120.48876,26.35272],[120.48878,26.35273],[120.4888,26.35275],[120.48885,26.35276],[120.48891,26.35276],[120.48894,26.35279],[120.48894,26.3528],[120.48895,26.3528],[120.48899,26.35281],[120.48901,26.35287],[120.48903,26.3529],[120.48906,26.35293],[120.48909,26.35293],[120.4891,26.35292],[120.48918,26.35287],[120.48918,26.35287],[120.48917,26.35283],[120.48917,26.35281],[120.48918,26.35278],[120.48919,26.35278],[120.4892,26.35269],[120.4892,26.35266],[120.48919,26.35262],[120.48917,26.35259],[120.48914,26.3525],[120.48914,26.3525],[120.4891,26.35241],[120.48904,26.35235]]],[[[120.48923,26.3527],[120.48924,26.35273],[120.48927,26.3528],[120.48927,26.35282],[120.48926,26.35282],[120.48925,26.35284],[120.48927,26.35291],[120.48931,26.353],[120.48932,26.35302],[120.48933,26.35307],[120.48933,26.3531],[120.48934,26.35319],[120.48936,26.35325],[120.48937,26.35327],[120.48939,26.35328],[120.4894,26.35329],[120.48942,26.35332],[120.48941,26.35337],[120.4894,26.35342],[120.48942,26.35347],[120.48943,26.35347],[120.48943,26.35347],[120.48948,26.35338],[120.4895,26.35334],[120.48952,26.35329],[120.48954,26.35321],[120.48954,26.35317],[120.48952,26.35311],[120.48948,26.35306],[120.48948,26.35304],[120.48948,26.35303],[120.48949,26.35299],[120.48949,26.35293],[120.48948,26.3529],[120.48944,26.35289],[120.48944,26.35288],[120.48943,26.35285],[120.48943,26.35285],[120.48938,26.35281],[120.48937,26.35278],[120.48936,26.35267],[120.48936,26.35266],[120.48935,26.35261],[120.48932,26.35259],[120.48932,26.35259],[120.48929,26.35258],[120.48927,26.35258],[120.48924,26.35258],[120.48922,26.35259],[120.48922,26.35261],[120.48922,26.35264],[120.48923,26.35267],[120.48923,26.3527],[120.48923,26.3527]]],[[[120.49171,26.3538],[120.4917,26.35377],[120.4917,26.35377],[120.49173,26.35372],[120.49174,26.35369],[120.49174,26.35368],[120.4917,26.35363],[120.49169,26.3536],[120.49169,26.35359],[120.4917,26.35355],[120.49168,26.35352],[120.49165,26.35352],[120.49164,26.35351],[120.49159,26.35344],[120.49159,26.35343],[120.49157,26.35339],[120.49153,26.35337],[120.49151,26.35337],[120.49141,26.35339],[120.4913,26.35341],[120.49122,26.35348],[120.49115,26.35355],[120.49114,26.35357],[120.49112,26.3536],[120.49111,26.35363],[120.49113,26.35373],[120.49112,26.35379],[120.4911,26.35381],[120.49108,26.35381],[120.49107,26.35381],[120.49103,26.35383],[120.49101,26.35386],[120.491,26.35388],[120.49099,26.35389],[120.49098,26.35384],[120.49099,26.35375],[120.49099,26.35372],[120.49096,26.35368],[120.49093,26.35367],[120.49093,26.35368],[120.4909,26.35369],[120.49087,26.35373],[120.49086,26.35375],[120.49086,26.35381],[120.49086,26.35384],[120.49086,26.35393],[120.4909,26.35402],[120.49095,26.35411],[120.49102,26.35417],[120.49105,26.35419],[120.49108,26.3542],[120.49112,26.35422],[120.49113,26.35423],[120.49116,26.35432],[120.49118,26.35436],[120.49121,26.35437],[120.49124,26.35438],[120.49126,26.35438],[120.49133,26.35432],[120.4914,26.35424],[120.49146,26.35415],[120.49152,26.35406],[120.49157,26.35397],[120.49164,26.35388],[120.4917,26.35381],[120.49171,26.3538]]],[[[120.48761,26.35142],[120.48765,26.3514],[120.48765,26.3514],[120.48768,26.35143],[120.48771,26.35141],[120.48773,26.3514],[120.48773,26.35136],[120.48775,26.35134],[120.48776,26.35132],[120.48775,26.3513],[120.48777,26.35127],[120.48778,26.35124],[120.48778,26.35123],[120.48778,26.35117],[120.48778,26.35115],[120.48779,26.35114],[120.48779,26.35105],[120.48774,26.35096],[120.4877,26.35091],[120.48767,26.3509],[120.48766,26.3509],[120.48757,26.35093],[120.48755,26.35094],[120.48754,26.35095],[120.48752,26.35101],[120.4875,26.35102],[120.4875,26.35102],[120.48746,26.35104],[120.48744,26.35107],[120.48743,26.35109],[120.48746,26.35118],[120.48749,26.35127],[120.48754,26.35135],[120.48761,26.35142],[120.48761,26.35142]]],[[[120.48635,26.38231],[120.48639,26.38231],[120.48639,26.3823],[120.4864,26.3823],[120.48643,26.38226],[120.48643,26.38225],[120.48642,26.38222],[120.4864,26.38221],[120.48639,26.3822],[120.48639,26.38219],[120.48638,26.38216],[120.48632,26.38213],[120.4863,26.38212],[120.48627,26.3821],[120.48622,26.38211],[120.48618,26.38214],[120.48617,26.38216],[120.48618,26.38219],[120.48619,26.3822],[120.48623,26.38228],[120.48624,26.38228],[120.48625,26.38229],[120.48629,26.38229],[120.48631,26.3823],[120.48634,26.38231],[120.48635,26.38231]]],[[[120.48003,26.38219],[120.48007,26.38215],[120.48009,26.38213],[120.4801,26.38211],[120.48009,26.38209],[120.48008,26.38207],[120.48008,26.38206],[120.48007,26.38203],[120.48005,26.38202],[120.48002,26.38202],[120.48,26.38203],[120.47999,26.38203],[120.47997,26.38205],[120.47997,26.38205],[120.47996,26.38207],[120.47996,26.38209],[120.47997,26.38211],[120.48,26.38215],[120.48002,26.38217],[120.48003,26.38219],[120.48003,26.38219]]],[[[120.47965,26.38197],[120.47961,26.38194],[120.4796,26.38193],[120.47958,26.38192],[120.47955,26.38192],[120.47951,26.38193],[120.4795,26.38194],[120.47946,26.38199],[120.47946,26.38201],[120.47947,26.38203],[120.47954,26.38209],[120.47956,26.38211],[120.47958,26.38213],[120.47959,26.38216],[120.47959,26.38218],[120.47962,26.38227],[120.47966,26.38233],[120.47967,26.38234],[120.47968,26.38235],[120.47968,26.38236],[120.47972,26.38235],[120.47973,26.38233],[120.47974,26.38233],[120.47974,26.38233],[120.47976,26.38235],[120.47976,26.38236],[120.47976,26.38237],[120.47976,26.38242],[120.47979,26.38245],[120.47986,26.38251],[120.47988,26.3825],[120.4799,26.38248],[120.4799,26.38246],[120.47991,26.38244],[120.47992,26.38241],[120.47989,26.38236],[120.47982,26.38233],[120.47981,26.38232],[120.47981,26.38231],[120.47981,26.38231],[120.47981,26.3823],[120.47982,26.38229],[120.47987,26.38221],[120.47987,26.3822],[120.47985,26.38219],[120.47984,26.38219],[120.47983,26.38219],[120.47983,26.38218],[120.47982,26.38218],[120.47982,26.38217],[120.47982,26.38217],[120.47983,26.38216],[120.47983,26.38215],[120.47983,26.38214],[120.47983,26.38214],[120.47983,26.38213],[120.47982,26.38212],[120.4798,26.3821],[120.47979,26.38208],[120.47978,26.38206],[120.47977,26.38205],[120.47976,26.38204],[120.47975,26.38204],[120.47973,26.38203],[120.47972,26.38203],[120.47971,26.38203],[120.47969,26.38203],[120.47969,26.38203],[120.47968,26.38202],[120.47968,26.38202],[120.47969,26.38201],[120.47969,26.38201],[120.47968,26.382],[120.47965,26.38197]]],[[[120.47964,26.38178],[120.47963,26.38177],[120.47956,26.38173],[120.47954,26.38173],[120.47953,26.38174],[120.47949,26.38179],[120.4795,26.38181],[120.4795,26.38181],[120.47957,26.38183],[120.4796,26.38185],[120.47962,26.38187],[120.47964,26.38188],[120.47966,26.38188],[120.47969,26.38188],[120.4797,26.38187],[120.4797,26.38187],[120.47974,26.3819],[120.4798,26.38188],[120.4798,26.38188],[120.47975,26.38184],[120.47972,26.38183],[120.47964,26.38178]]],[[[120.47966,26.38167],[120.47967,26.3817],[120.47972,26.38178],[120.47975,26.3818],[120.4798,26.38184],[120.47985,26.38192],[120.47985,26.38193],[120.47987,26.38195],[120.47991,26.38196],[120.47995,26.38196],[120.47998,26.38196],[120.48002,26.38195],[120.48003,26.38194],[120.48003,26.38193],[120.47998,26.38188],[120.47997,26.38187],[120.47995,26.38186],[120.47992,26.38184],[120.4799,26.38182],[120.47989,26.38181],[120.47986,26.38178],[120.47983,26.38176],[120.47982,26.38175],[120.4798,26.38173],[120.47976,26.38168],[120.47972,26.38165],[120.47969,26.38163],[120.47968,26.38163],[120.47966,26.38164],[120.47966,26.38167]]],[[[120.49163,26.3547],[120.49166,26.35467],[120.4917,26.35463],[120.49175,26.35454],[120.49176,26.35451],[120.49178,26.35445],[120.49186,26.35438],[120.49194,26.35434],[120.49195,26.35434],[120.49202,26.35433],[120.49206,26.35432],[120.49206,26.35432],[120.4921,26.35423],[120.4921,26.35423],[120.49209,26.35421],[120.49206,26.35419],[120.49201,26.35418],[120.49193,26.3542],[120.49191,26.35421],[120.4919,26.3542],[120.4918,26.35419],[120.49179,26.3542],[120.49179,26.35421],[120.49177,26.35424],[120.49172,26.35426],[120.49167,26.35431],[120.49164,26.35432],[120.49163,26.35432],[120.49158,26.35433],[120.49154,26.35436],[120.49154,26.35437],[120.49148,26.35445],[120.49144,26.35452],[120.49143,26.35454],[120.49142,26.35456],[120.49144,26.35462],[120.49144,26.35463],[120.49146,26.35465],[120.49149,26.35466],[120.49152,26.35469],[120.49156,26.35471],[120.49158,26.35471],[120.4916,26.35468],[120.49162,26.35469],[120.49163,26.3547],[120.49163,26.3547]]],[[[120.50302,26.35999],[120.50259,26.35969],[120.50175,26.359],[120.50084,26.35822],[120.50003,26.35716],[120.50028,26.35666],[120.49982,26.35642],[120.4995,26.35566],[120.49902,26.35608],[120.49888,26.35701],[120.49845,26.35768],[120.49679,26.35653],[120.49621,26.35666],[120.49522,26.35646],[120.49402,26.35592],[120.49404,26.35708],[120.49393,26.35763],[120.49287,26.358],[120.49214,26.35821],[120.49131,26.35747],[120.49163,26.35714],[120.49125,26.35712],[120.49106,26.35643],[120.49111,26.35588],[120.49109,26.35488],[120.49064,26.35435],[120.48992,26.35417],[120.48938,26.35557],[120.48788,26.35639],[120.48725,26.35672],[120.48731,26.3578],[120.48829,26.35856],[120.48903,26.3598],[120.48936,26.36194],[120.48789,26.36352],[120.48973,26.36225],[120.49055,26.36215],[120.49089,26.36284],[120.4917,26.36374],[120.49124,26.36583],[120.49045,26.36779],[120.48889,26.36847],[120.48667,26.36918],[120.48535,26.36746],[120.48453,26.36686],[120.48407,26.36633],[120.48331,26.36686],[120.483,26.36747],[120.48352,26.3689],[120.48327,26.36929],[120.48326,26.3698],[120.48331,26.37038],[120.48348,26.37122],[120.48345,26.3723],[120.48262,26.37245],[120.4825,26.3741],[120.48267,26.37498],[120.48301,26.37639],[120.48286,26.37713],[120.48192,26.37681],[120.48116,26.37569],[120.47994,26.37535],[120.47942,26.37451],[120.47905,26.37375],[120.47851,26.37348],[120.47847,26.37243],[120.47757,26.37132],[120.47693,26.37091],[120.47638,26.37009],[120.47556,26.36983],[120.4752,26.37029],[120.4755,26.37187],[120.47609,26.37275],[120.47509,26.37482],[120.47572,26.37598],[120.47641,26.37645],[120.47747,26.37656],[120.47806,26.37722],[120.47957,26.37754],[120.48029,26.37898],[120.48011,26.37982],[120.47999,26.38069],[120.47972,26.38161],[120.48082,26.38138],[120.48172,26.38207],[120.48244,26.38191],[120.48228,26.38142],[120.48269,26.38146],[120.48287,26.38093],[120.48371,26.38053],[120.48414,26.38111],[120.48503,26.38198],[120.48562,26.38236],[120.48555,26.38206],[120.4855,26.38163],[120.48535,26.38134],[120.48558,26.38102],[120.48556,26.38051],[120.48584,26.37952],[120.48709,26.37912],[120.48783,26.37904],[120.48803,26.37825],[120.48811,26.37747],[120.48837,26.37664],[120.48877,26.37621],[120.48869,26.37511],[120.48804,26.37462],[120.48789,26.37397],[120.48768,26.3732],[120.48746,26.372],[120.48783,26.3715],[120.48775,26.37096],[120.48725,26.37064],[120.48742,26.36955],[120.48954,26.36944],[120.4901,26.36946],[120.49033,26.36895],[120.49195,26.36851],[120.49303,26.36932],[120.49332,26.37008],[120.49405,26.36998],[120.49477,26.36912],[120.49531,26.36955],[120.4963,26.36963],[120.4978,26.36994],[120.49794,26.37259],[120.49833,26.37407],[120.49911,26.3749],[120.49973,26.37563],[120.50042,26.37616],[120.50129,26.37678],[120.50269,26.37691],[120.5041,26.37611],[120.50565,26.37644],[120.50596,26.37542],[120.50585,26.37428],[120.5046,26.37336],[120.50483,26.37239],[120.50414,26.37151],[120.50557,26.3713],[120.50651,26.37155],[120.5071,26.37077],[120.50777,26.37076],[120.50807,26.37017],[120.50882,26.36978],[120.50935,26.36973],[120.51021,26.37009],[120.51055,26.37054],[120.51124,26.37022],[120.5115,26.3712],[120.51195,26.37147],[120.51234,26.3712],[120.51301,26.37041],[120.51333,26.36979],[120.51349,26.36894],[120.51403,26.36836],[120.51421,26.36776],[120.51552,26.36693],[120.51606,26.36667],[120.5165,26.36536],[120.51705,26.36412],[120.51598,26.36312],[120.5149,26.36318],[120.51406,26.36379],[120.51341,26.36411],[120.51276,26.36436],[120.51218,26.36539],[120.51125,26.36437],[120.50983,26.36405],[120.51024,26.36456],[120.50971,26.36524],[120.50916,26.36624],[120.5084,26.36712],[120.50717,26.36703],[120.50676,26.36624],[120.50617,26.36548],[120.50651,26.36471],[120.50636,26.36324],[120.50499,26.36201],[120.50439,26.36242],[120.50383,26.36135],[120.50419,26.36023],[120.50331,26.36011],[120.50302,26.35999]]],[[[120.48036,26.38168],[120.48041,26.38174],[120.48046,26.38181],[120.48047,26.38182],[120.48047,26.38185],[120.4805,26.38188],[120.48051,26.38189],[120.48054,26.38188],[120.48055,26.38186],[120.48055,26.38186],[120.48055,26.38183],[120.48053,26.38177],[120.48047,26.3817],[120.48039,26.38165],[120.48038,26.38165],[120.48036,26.38167],[120.48036,26.38168],[120.48036,26.38168]]],[[[120.48777,26.35157],[120.4878,26.3516],[120.48787,26.35166],[120.48787,26.35167],[120.48787,26.35168],[120.48786,26.3517],[120.4879,26.35176],[120.48799,26.35182],[120.48805,26.35185],[120.48808,26.35186],[120.48808,26.35186],[120.48812,26.35185],[120.48814,26.35188],[120.48817,26.3519],[120.4882,26.35191],[120.48822,26.35193],[120.48824,26.35195],[120.48826,26.35195],[120.48827,26.35195],[120.48829,26.35193],[120.48834,26.35189],[120.48835,26.35187],[120.48834,26.35183],[120.48836,26.35179],[120.48841,26.35173],[120.48841,26.35171],[120.48836,26.35162],[120.48831,26.35156],[120.48828,26.35155],[120.48826,26.35153],[120.48819,26.35151],[120.48816,26.35152],[120.48811,26.35156],[120.48809,26.35157],[120.48808,26.35155],[120.48809,26.35153],[120.4881,26.35147],[120.48812,26.35144],[120.48812,26.35144],[120.48812,26.35135],[120.48809,26.35135],[120.48809,26.35135],[120.48805,26.35134],[120.48801,26.35135],[120.48798,26.35135],[120.48793,26.35135],[120.48789,26.35133],[120.48789,26.35133],[120.48783,26.35134],[120.48781,26.35136],[120.48779,26.35138],[120.48776,26.3514],[120.48775,26.35142],[120.48777,26.35146],[120.48777,26.35147],[120.48777,26.35148],[120.48776,26.35151],[120.48776,26.35153],[120.48777,26.35157],[120.48777,26.35157]]],[[[119.94594,25.98087],[119.94594,25.98087],[119.94594,25.98087],[119.94594,25.98087]]],[[[119.95005,25.98134],[119.95005,25.98136],[119.95007,25.98136],[119.95009,25.98135],[119.9502,25.98137],[119.95026,25.98141],[119.95033,25.98139],[119.9503,25.98135],[119.95028,25.98134],[119.95025,25.98133],[119.95023,25.98131],[119.95023,25.98127],[119.95023,25.98118],[119.95023,25.98117],[119.9502,25.98109],[119.95019,25.98109],[119.95018,25.9811],[119.95012,25.98116],[119.95008,25.98124],[119.95006,25.98127],[119.95005,25.98131],[119.95005,25.98134],[119.95005,25.98134]]],[[[119.99751,25.98135],[119.9975,25.98137],[119.9975,25.98138],[119.99752,25.98139],[119.99754,25.9814],[119.99755,25.98141],[119.9976,25.98142],[119.99763,25.98142],[119.99762,25.9814],[119.99762,25.98139],[119.99761,25.98138],[119.99762,25.98136],[119.9976,25.98133],[119.99759,25.98133],[119.99759,25.98133],[119.99757,25.98133],[119.99754,25.98135],[119.99751,25.98135],[119.99751,25.98135]]],[[[119.99793,25.98038],[119.99789,25.98038],[119.99781,25.98039],[119.99773,25.98041],[119.99768,25.98043],[119.99766,25.98044],[119.99767,25.98046],[119.99768,25.98046],[119.99772,25.98051],[119.99779,25.98056],[119.99782,25.98057],[119.99783,25.98058],[119.99783,25.98059],[119.99783,25.9806],[119.99785,25.9806],[119.99786,25.9806],[119.99786,25.9806],[119.99793,25.98055],[119.99798,25.9805],[119.99803,25.98043],[119.99805,25.98038],[119.99805,25.98037],[119.99803,25.98036],[119.99802,25.98036],[119.99793,25.98038],[119.99793,25.98038]]],[[[119.99782,25.98068],[119.9978,25.98069],[119.99779,25.9807],[119.99777,25.98072],[119.99775,25.98073],[119.99774,25.98073],[119.99772,25.98074],[119.99768,25.98077],[119.99767,25.98078],[119.99759,25.98081],[119.99757,25.98084],[119.99756,25.98085],[119.99755,25.98085],[119.99753,25.98085],[119.99752,25.98085],[119.99743,25.98086],[119.99742,25.98086],[119.9974,25.98087],[119.99737,25.9809],[119.99736,25.98091],[119.99735,25.98093],[119.99736,25.98096],[119.99736,25.98098],[119.99738,25.98102],[119.99738,25.98105],[119.99743,25.98112],[119.99748,25.98118],[119.99754,25.98124],[119.99759,25.9813],[119.99764,25.98137],[119.9977,25.98143],[119.99776,25.98146],[119.99778,25.98146],[119.99779,25.98146],[119.99783,25.98145],[119.99785,25.98144],[119.99786,25.98144],[119.99794,25.98146],[119.99795,25.98146],[119.99798,25.98145],[119.99802,25.98149],[119.99803,25.98151],[119.99805,25.98152],[119.99808,25.98153],[119.99809,25.98154],[119.9981,25.98154],[119.99817,25.98156],[119.99826,25.98156],[119.99834,25.98156],[119.99842,25.98153],[119.99849,25.98152],[119.9985,25.98153],[119.99852,25.98154],[119.99852,25.98155],[119.99854,25.98156],[119.99858,25.98156],[119.99866,25.98157],[119.99869,25.98157],[119.99871,25.98156],[119.99874,25.98153],[119.99876,25.98146],[119.99876,25.98146],[119.99871,25.98142],[119.99871,25.98141],[119.99867,25.98134],[119.99865,25.98133],[119.99865,25.98133],[119.9986,25.98131],[119.9986,25.9813],[119.9986,25.9813],[119.99857,25.98123],[119.99852,25.98118],[119.99851,25.98117],[119.99851,25.98116],[119.99847,25.9811],[119.99843,25.98109],[119.99841,25.9811],[119.99839,25.98108],[119.99839,25.98108],[119.9984,25.98106],[119.99837,25.98102],[119.99836,25.98101],[119.99836,25.98101],[119.99836,25.981],[119.99838,25.98098],[119.99839,25.98096],[119.99839,25.98095],[119.99839,25.98094],[119.99837,25.98093],[119.99836,25.98093],[119.99835,25.98091],[119.99834,25.98088],[119.99827,25.98084],[119.99823,25.98077],[119.99815,25.98073],[119.99813,25.98072],[119.9981,25.98069],[119.99809,25.98068],[119.99809,25.98068],[119.99809,25.98067],[119.99809,25.98063],[119.9981,25.98061],[119.99809,25.9806],[119.99806,25.98061],[119.99799,25.98064],[119.99799,25.98064],[119.99791,25.98067],[119.99783,25.98068],[119.99782,25.98068]]],[[[119.99813,25.9799],[119.99811,25.9799],[119.99811,25.97991],[119.99811,25.97993],[119.99812,25.97995],[119.99815,25.97996],[119.99818,25.97995],[119.9982,25.97993],[119.9982,25.97991],[119.99815,25.9799],[119.99813,25.9799],[119.99813,25.9799]]],[[[119.99812,25.97982],[119.99809,25.97981],[119.99808,25.97981],[119.99808,25.97981],[119.99808,25.97982],[119.99808,25.97983],[119.9981,25.97984],[119.99811,25.97986],[119.99812,25.97987],[119.99813,25.97988],[119.99817,25.97988],[119.99821,25.97988],[119.99821,25.97987],[119.99818,25.97982],[119.99816,25.97982],[119.99816,25.97982],[119.99815,25.97982],[119.99814,25.97982],[119.99812,25.97982]]],[[[119.99734,25.98012],[119.99737,25.98013],[119.99741,25.98014],[119.99742,25.98015],[119.99744,25.98017],[119.99746,25.98017],[119.9975,25.98017],[119.99752,25.98017],[119.99754,25.98016],[119.99755,25.98014],[119.99756,25.98012],[119.99756,25.98012],[119.99754,25.98007],[119.99754,25.98005],[119.99755,25.98004],[119.99755,25.98003],[119.99757,25.97997],[119.99757,25.97992],[119.99756,25.9799],[119.99751,25.97987],[119.99748,25.97988],[119.99747,25.97988],[119.99739,25.97988],[119.99737,25.97986],[119.99735,25.97986],[119.99733,25.97986],[119.99731,25.97989],[119.99731,25.97989],[119.99732,25.97989],[119.99733,25.9799],[119.99742,25.97992],[119.99743,25.97992],[119.99744,25.97993],[119.99742,25.97993],[119.99741,25.97993],[119.99739,25.97993],[119.99737,25.97994],[119.9973,25.97997],[119.99726,25.97998],[119.99724,25.97998],[119.99723,25.97999],[119.99723,25.98001],[119.99724,25.98006],[119.99726,25.98008],[119.99726,25.98009],[119.99728,25.9801],[119.99733,25.98012],[119.99734,25.98012]]],[[[119.99709,25.97924],[119.99707,25.97924],[119.99706,25.97923],[119.99706,25.97923],[119.99706,25.97925],[119.99706,25.97931],[119.99707,25.97934],[119.99708,25.97937],[119.99711,25.97937],[119.99714,25.97938],[119.99718,25.97937],[119.9972,25.97937],[119.99728,25.97937],[119.99733,25.97939],[119.99734,25.97939],[119.99736,25.97936],[119.99736,25.97936],[119.99736,25.97934],[119.99736,25.97931],[119.99735,25.9793],[119.99733,25.9793],[119.99733,25.9793],[119.99724,25.97929],[119.99719,25.9793],[119.99719,25.9793],[119.99718,25.97928],[119.99716,25.97927],[119.99709,25.97924],[119.99709,25.97924]]],[[[119.99709,25.97923],[119.9971,25.97923],[119.99715,25.97924],[119.99716,25.97923],[119.99716,25.97922],[119.99714,25.97921],[119.99711,25.9792],[119.99711,25.97919],[119.9971,25.97919],[119.9971,25.97918],[119.99709,25.97918],[119.99708,25.97918],[119.99706,25.97918],[119.99705,25.97919],[119.99706,25.97919],[119.99706,25.97921],[119.99707,25.97923],[119.99709,25.97923]]],[[[119.99762,25.98024],[119.99766,25.98025],[119.99769,25.98026],[119.99771,25.98025],[119.99773,25.98023],[119.99769,25.98021],[119.99768,25.9802],[119.99772,25.98019],[119.99778,25.98019],[119.99781,25.98019],[119.99788,25.98016],[119.99788,25.98014],[119.99788,25.98014],[119.99788,25.98011],[119.99789,25.9801],[119.99788,25.98007],[119.99785,25.98],[119.99784,25.97995],[119.99783,25.97994],[119.99781,25.97995],[119.9978,25.97995],[119.9978,25.97994],[119.99781,25.97993],[119.99781,25.97991],[119.99781,25.97987],[119.99779,25.97981],[119.99777,25.97981],[119.99775,25.97982],[119.99774,25.97983],[119.99769,25.97989],[119.99763,25.97995],[119.99759,25.98002],[119.99756,25.98009],[119.99758,25.98017],[119.99758,25.9802],[119.9976,25.98023],[119.99761,25.98023],[119.99762,25.98024]]],[[[119.99556,25.9759],[119.99554,25.97591],[119.99555,25.97593],[119.99556,25.97594],[119.99557,25.97595],[119.99558,25.97595],[119.99561,25.97595],[119.99565,25.97595],[119.99567,25.97593],[119.99566,25.97591],[119.99564,25.9759],[119.99562,25.97589],[119.9956,25.9759],[119.99556,25.9759]]],[[[119.99554,25.9759],[119.99553,25.97587],[119.99552,25.97586],[119.99552,25.97584],[119.99552,25.97584],[119.99552,25.97583],[119.99551,25.9758],[119.9955,25.97579],[119.99548,25.97578],[119.99547,25.97578],[119.99547,25.97578],[119.99545,25.9758],[119.99545,25.97582],[119.99544,25.97584],[119.99544,25.97585],[119.99545,25.97586],[119.99544,25.97588],[119.99543,25.97589],[119.99542,25.97591],[119.99543,25.97592],[119.99544,25.97592],[119.99545,25.97593],[119.99547,25.97595],[119.9955,25.97597],[119.99551,25.97598],[119.99554,25.97599],[119.99555,25.97598],[119.99555,25.97597],[119.99554,25.97594],[119.99553,25.97591],[119.99554,25.9759]]],[[[119.99477,25.96947],[119.99477,25.96951],[119.99479,25.96957],[119.99482,25.96961],[119.99488,25.96964],[119.99489,25.96963],[119.99489,25.96961],[119.99489,25.96956],[119.99487,25.96947],[119.99487,25.96947],[119.99486,25.96945],[119.99481,25.96946],[119.99477,25.96947],[119.99477,25.96947]]],[[[119.99478,25.96963],[119.99471,25.96962],[119.99462,25.96963],[119.99463,25.96965],[119.99463,25.96967],[119.99466,25.96971],[119.99471,25.96971],[119.99478,25.9697],[119.99481,25.96969],[119.9948,25.96967],[119.9948,25.96966],[119.99478,25.96963]]],[[[119.99475,25.96841],[119.99476,25.96852],[119.99478,25.96856],[119.99481,25.96866],[119.99484,25.96875],[119.99488,25.96885],[119.99492,25.96895],[119.99496,25.96901],[119.99499,25.96903],[119.99504,25.96903],[119.99509,25.96901],[119.9952,25.96898],[119.99529,25.96895],[119.99536,25.9689],[119.99537,25.96888],[119.99538,25.96888],[119.99547,25.96887],[119.99549,25.96887],[119.99551,25.96884],[119.99552,25.96879],[119.99552,25.9687],[119.99551,25.96865],[119.9955,25.9686],[119.99549,25.9686],[119.99543,25.96853],[119.99539,25.96847],[119.99537,25.96845],[119.99536,25.96844],[119.99528,25.96846],[119.99527,25.96845],[119.99526,25.9684],[119.99526,25.9684],[119.99524,25.96839],[119.99521,25.96839],[119.99518,25.9684],[119.99518,25.96841],[119.99508,25.96843],[119.99498,25.96845],[119.99493,25.96847],[119.99492,25.96847],[119.99491,25.96844],[119.9949,25.96841],[119.9949,25.9684],[119.99486,25.96835],[119.99482,25.96834],[119.99474,25.9684],[119.99474,25.9684],[119.99475,25.96841]]],[[[119.9914,25.96467],[119.99146,25.96468],[119.99156,25.96469],[119.99166,25.96469],[119.99178,25.96468],[119.9919,25.96468],[119.99201,25.96469],[119.99213,25.96469],[119.99214,25.96469],[119.99214,25.96466],[119.99214,25.9646],[119.99214,25.96458],[119.9921,25.96453],[119.99208,25.96452],[119.99198,25.96449],[119.99186,25.96448],[119.99178,25.96448],[119.99175,25.96448],[119.99165,25.96452],[119.99155,25.96454],[119.99145,25.96458],[119.99141,25.96463],[119.99139,25.96465],[119.9914,25.96466],[119.9914,25.96467]]],[[[119.9914,25.96401],[119.99143,25.96397],[119.99142,25.96396],[119.99139,25.96393],[119.99132,25.9639],[119.99129,25.96389],[119.99121,25.96383],[119.9912,25.96383],[119.99117,25.9638],[119.99113,25.96379],[119.99111,25.96379],[119.99104,25.96378],[119.99102,25.96378],[119.99099,25.96379],[119.99097,25.96379],[119.99097,25.96381],[119.99097,25.96382],[119.991,25.96384],[119.99103,25.96385],[119.99112,25.96388],[119.99122,25.96392],[119.99131,25.96397],[119.99133,25.96398],[119.99136,25.96399],[119.9914,25.96401]]],[[[119.99033,25.96302],[119.99033,25.96299],[119.9903,25.96294],[119.99027,25.9629],[119.99024,25.9629],[119.99022,25.96292],[119.99024,25.96296],[119.99024,25.96297],[119.99027,25.96301],[119.99029,25.96302],[119.99032,25.96303],[119.99033,25.96302],[119.99033,25.96302]]],[[[119.99005,25.96314],[119.99015,25.96316],[119.99016,25.96316],[119.99022,25.96316],[119.99023,25.96317],[119.99025,25.9632],[119.9903,25.96326],[119.99032,25.96327],[119.99032,25.96327],[119.99037,25.96325],[119.99038,25.96322],[119.99039,25.9632],[119.99038,25.96318],[119.99033,25.96314],[119.99031,25.96314],[119.99029,25.96313],[119.99026,25.96309],[119.99024,25.96307],[119.99021,25.96303],[119.99018,25.96299],[119.99016,25.96299],[119.99015,25.96299],[119.99012,25.96301],[119.99008,25.96305],[119.99005,25.9631],[119.99004,25.96311],[119.99005,25.96313],[119.99005,25.96314]]],[[[119.99002,25.96308],[119.99008,25.96302],[119.99009,25.96301],[119.9901,25.96298],[119.99009,25.96291],[119.99003,25.96283],[119.98998,25.9628],[119.98995,25.96278],[119.98989,25.96274],[119.98987,25.96272],[119.98976,25.96273],[119.98966,25.96274],[119.98959,25.96276],[119.98956,25.96278],[119.98955,25.96279],[119.98957,25.96285],[119.98958,25.96287],[119.98963,25.96293],[119.98965,25.96295],[119.98969,25.96298],[119.98974,25.96301],[119.98976,25.96302],[119.98982,25.96306],[119.98992,25.9631],[119.98996,25.9631],[119.98996,25.9631],[119.98996,25.9631],[119.99002,25.96308]]],[[[119.99089,25.96359],[119.99094,25.96357],[119.99093,25.96355],[119.99093,25.96353],[119.99094,25.96353],[119.99097,25.96355],[119.99106,25.9636],[119.99116,25.96365],[119.99127,25.96368],[119.99137,25.9637],[119.99147,25.9637],[119.99152,25.96368],[119.99154,25.96365],[119.99154,25.96363],[119.99154,25.96363],[119.99145,25.96361],[119.99144,25.96361],[119.99141,25.9636],[119.9914,25.96357],[119.99139,25.96354],[119.99137,25.96354],[119.99134,25.96354],[119.99129,25.96352],[119.99128,25.96352],[119.99118,25.9635],[119.99118,25.96349],[119.99117,25.96348],[119.99113,25.96347],[119.99108,25.96347],[119.99099,25.96347],[119.99097,25.96347],[119.99096,25.96347],[119.99082,25.96342],[119.99082,25.9634],[119.99085,25.96341],[119.99088,25.96341],[119.99099,25.9634],[119.99109,25.96337],[119.99119,25.96335],[119.99129,25.96331],[119.99128,25.9633],[119.99127,25.96328],[119.99123,25.96323],[119.99121,25.96322],[119.99118,25.9632],[119.99112,25.96319],[119.99102,25.96318],[119.99092,25.9632],[119.99088,25.96321],[119.99083,25.96319],[119.99082,25.96318],[119.99071,25.96316],[119.99064,25.96317],[119.99061,25.96319],[119.99061,25.9632],[119.99063,25.96324],[119.99064,25.96328],[119.99064,25.96329],[119.99061,25.96329],[119.99051,25.96326],[119.99048,25.96325],[119.99045,25.96328],[119.99043,25.96331],[119.99045,25.96333],[119.99052,25.9634],[119.9906,25.96346],[119.99067,25.96353],[119.99078,25.96356],[119.99089,25.96359],[119.99089,25.96359]]],[[[119.98115,25.97484],[119.98115,25.97484],[119.98114,25.97484],[119.98115,25.97485],[119.98115,25.97487],[119.98116,25.97488],[119.98116,25.97491],[119.98121,25.97501],[119.98123,25.97505],[119.98126,25.97505],[119.98126,25.97505],[119.98128,25.97504],[119.98133,25.97507],[119.98142,25.97515],[119.98144,25.97515],[119.98146,25.97514],[119.98147,25.97514],[119.98153,25.97519],[119.98155,25.97519],[119.98157,25.97518],[119.9816,25.97517],[119.9816,25.97517],[119.98161,25.97515],[119.98158,25.97512],[119.98155,25.97507],[119.98154,25.97505],[119.98154,25.97505],[119.98152,25.97503],[119.98151,25.97501],[119.98149,25.97497],[119.98146,25.97493],[119.98146,25.97493],[119.98144,25.97491],[119.98139,25.97488],[119.98128,25.97481],[119.98122,25.97478],[119.9812,25.97478],[119.9812,25.97479],[119.98115,25.97484]]],[[[119.98136,25.97476],[119.98135,25.97479],[119.98135,25.9748],[119.98135,25.97482],[119.9814,25.97485],[119.98144,25.97487],[119.98151,25.97495],[119.98161,25.97502],[119.98168,25.97504],[119.98168,25.97504],[119.9817,25.97503],[119.98172,25.97498],[119.98173,25.97497],[119.98174,25.97492],[119.98174,25.97492],[119.98175,25.97491],[119.98178,25.97491],[119.98178,25.97494],[119.98177,25.97499],[119.98177,25.97504],[119.9818,25.97511],[119.9818,25.97511],[119.98185,25.97511],[119.98187,25.97511],[119.98187,25.97511],[119.9819,25.97512],[119.98191,25.97512],[119.98191,25.97512],[119.98191,25.9751],[119.98193,25.97509],[119.98193,25.97508],[119.98194,25.97507],[119.98194,25.97502],[119.98192,25.97493],[119.9819,25.97485],[119.98189,25.97484],[119.98184,25.97485],[119.98182,25.97485],[119.9818,25.97484],[119.98179,25.97484],[119.98178,25.97483],[119.98176,25.97483],[119.98175,25.97483],[119.98174,25.97484],[119.98173,25.97485],[119.98172,25.97485],[119.98171,25.97484],[119.98167,25.97479],[119.98159,25.97474],[119.98154,25.97473],[119.98149,25.97472],[119.98144,25.97471],[119.98142,25.9747],[119.98142,25.9747],[119.9814,25.97471],[119.98137,25.97474],[119.98136,25.97476]]],[[[119.97119,25.97431],[119.97119,25.97433],[119.97122,25.97434],[119.97125,25.97432],[119.97126,25.97431],[119.97126,25.9743],[119.97126,25.9743],[119.97125,25.97426],[119.97125,25.97425],[119.97126,25.97424],[119.97128,25.97423],[119.97128,25.97422],[119.97128,25.97421],[119.97126,25.97419],[119.97124,25.9742],[119.9712,25.97422],[119.97118,25.97422],[119.97117,25.97425],[119.97118,25.97426],[119.97119,25.97428],[119.97119,25.97429],[119.97119,25.9743],[119.97119,25.97431],[119.97119,25.97431]]],[[[119.97129,25.97463],[119.97125,25.97464],[119.97121,25.97465],[119.97119,25.97465],[119.97116,25.97465],[119.97111,25.97465],[119.97108,25.97467],[119.97107,25.97474],[119.97106,25.97482],[119.97106,25.97484],[119.97108,25.97486],[119.9711,25.97488],[119.97112,25.97487],[119.97113,25.97486],[119.97114,25.97479],[119.97115,25.97478],[119.97117,25.97477],[119.9712,25.97478],[119.97122,25.97479],[119.97124,25.97479],[119.97131,25.9748],[119.97138,25.97484],[119.97146,25.97487],[119.97148,25.97486],[119.97148,25.97485],[119.97149,25.97482],[119.9715,25.9748],[119.97151,25.97473],[119.97144,25.97468],[119.97141,25.97467],[119.97139,25.97468],[119.97136,25.97467],[119.97135,25.97467],[119.97133,25.97467],[119.97132,25.97465],[119.97129,25.97463],[119.97129,25.97463]]],[[[119.97136,25.97393],[119.9714,25.97391],[119.97141,25.9739],[119.97141,25.9739],[119.97141,25.97389],[119.97143,25.97388],[119.97147,25.97386],[119.97155,25.97383],[119.9716,25.97381],[119.97162,25.9738],[119.97162,25.9738],[119.97162,25.97378],[119.97161,25.97376],[119.97159,25.97374],[119.97159,25.97373],[119.97154,25.97373],[119.97153,25.97372],[119.97153,25.97368],[119.97153,25.97368],[119.97151,25.97366],[119.97149,25.97364],[119.97145,25.97366],[119.97145,25.97366],[119.97137,25.97369],[119.97131,25.97371],[119.9713,25.97373],[119.97129,25.9738],[119.9713,25.97388],[119.97132,25.97391],[119.97133,25.97392],[119.97134,25.97393],[119.97136,25.97393],[119.97136,25.97393]]],[[[119.97156,25.9735],[119.97153,25.9735],[119.97153,25.97351],[119.97154,25.97355],[119.97154,25.97355],[119.97156,25.97358],[119.97157,25.97358],[119.97159,25.97358],[119.97162,25.97357],[119.97162,25.97357],[119.97164,25.97355],[119.97165,25.9735],[119.97164,25.97349],[119.97162,25.97349],[119.97158,25.9735],[119.97156,25.9735],[119.97156,25.9735]]],[[[119.97178,25.97394],[119.97176,25.97394],[119.97175,25.97394],[119.97175,25.97395],[119.97176,25.97397],[119.97177,25.97398],[119.97183,25.97402],[119.97185,25.97403],[119.97186,25.97402],[119.97186,25.974],[119.97184,25.97399],[119.97182,25.97396],[119.9718,25.97395],[119.97178,25.97394],[119.97178,25.97394]]],[[[119.97175,25.97384],[119.97172,25.97384],[119.97171,25.97384],[119.97169,25.97386],[119.97171,25.9739],[119.97172,25.97391],[119.97174,25.97392],[119.97175,25.97392],[119.97179,25.97392],[119.97179,25.97391],[119.97179,25.97391],[119.97178,25.97388],[119.97176,25.97386],[119.97175,25.97385],[119.97175,25.97384]]],[[[119.97004,25.97126],[119.97009,25.97123],[119.97012,25.97121],[119.97014,25.97117],[119.97014,25.97115],[119.97014,25.97114],[119.97008,25.97108],[119.97,25.97105],[119.96993,25.97101],[119.96985,25.97099],[119.96976,25.97097],[119.96967,25.97098],[119.9696,25.97101],[119.96956,25.97103],[119.96956,25.97105],[119.96958,25.97107],[119.96961,25.97108],[119.96969,25.97109],[119.9697,25.97109],[119.96972,25.97111],[119.96975,25.97114],[119.96978,25.97115],[119.96983,25.97115],[119.96984,25.97115],[119.96986,25.97118],[119.96987,25.9712],[119.96989,25.97122],[119.96996,25.97124],[119.97004,25.97126],[119.97004,25.97126]]],[[[119.97036,25.97287],[119.97032,25.97286],[119.97031,25.97287],[119.97031,25.97287],[119.97029,25.97288],[119.97025,25.97292],[119.97025,25.97293],[119.97022,25.973],[119.9702,25.97306],[119.9702,25.97307],[119.97023,25.97314],[119.97023,25.97314],[119.97029,25.97315],[119.97031,25.97313],[119.97031,25.97312],[119.97034,25.97313],[119.97036,25.97315],[119.97039,25.97315],[119.97047,25.97313],[119.97053,25.97308],[119.97059,25.97303],[119.9706,25.97302],[119.97059,25.97296],[119.97057,25.97295],[119.97051,25.97294],[119.97043,25.97291],[119.97036,25.97287],[119.97036,25.97287]]],[[[119.97246,25.97018],[119.97241,25.97013],[119.9724,25.97013],[119.97237,25.97011],[119.97232,25.9701],[119.97224,25.97012],[119.97217,25.97016],[119.97212,25.97022],[119.97206,25.97029],[119.972,25.97034],[119.97193,25.97039],[119.97186,25.97045],[119.97178,25.97049],[119.97171,25.97054],[119.97165,25.97059],[119.97159,25.97064],[119.97153,25.9707],[119.97148,25.97076],[119.9714,25.97078],[119.97132,25.97077],[119.97123,25.97075],[119.97115,25.97074],[119.97113,25.97072],[119.97113,25.97067],[119.9711,25.97059],[119.97106,25.97057],[119.97102,25.97056],[119.97093,25.97057],[119.97085,25.97056],[119.97077,25.97053],[119.97069,25.97049],[119.97062,25.97044],[119.97056,25.97039],[119.97049,25.97033],[119.97042,25.97028],[119.97036,25.97022],[119.97029,25.97017],[119.97022,25.97013],[119.97015,25.9701],[119.97008,25.97005],[119.97007,25.97004],[119.97005,25.97],[119.97004,25.96998],[119.97,25.96995],[119.96998,25.96992],[119.96993,25.96986],[119.9699,25.96979],[119.96989,25.96976],[119.96986,25.96975],[119.96983,25.96976],[119.96982,25.96976],[119.9698,25.96976],[119.96974,25.96977],[119.96973,25.96978],[119.96971,25.96984],[119.96972,25.96987],[119.96972,25.9699],[119.96972,25.96992],[119.96969,25.97],[119.96966,25.97004],[119.96963,25.97005],[119.96962,25.97005],[119.96956,25.97004],[119.96947,25.97004],[119.96946,25.97004],[119.96945,25.97005],[119.96944,25.97008],[119.96946,25.97012],[119.96951,25.97014],[119.96954,25.97015],[119.96954,25.97016],[119.96949,25.97015],[119.96947,25.97016],[119.96946,25.97018],[119.96946,25.97019],[119.96946,25.97023],[119.96948,25.97025],[119.96948,25.97025],[119.96951,25.97026],[119.96955,25.9703],[119.96957,25.97031],[119.96961,25.97036],[119.96966,25.97038],[119.96969,25.97037],[119.96972,25.97037],[119.96973,25.97035],[119.96973,25.97033],[119.96974,25.97033],[119.96977,25.97037],[119.96981,25.97043],[119.96986,25.97049],[119.96991,25.97055],[119.96998,25.97061],[119.97004,25.97067],[119.97011,25.97072],[119.97018,25.97077],[119.97024,25.97082],[119.97031,25.97087],[119.97038,25.97091],[119.97046,25.97094],[119.97052,25.97099],[119.97056,25.97106],[119.97057,25.97111],[119.97057,25.97113],[119.97056,25.97121],[119.97056,25.97123],[119.97057,25.97128],[119.9706,25.97133],[119.97061,25.97135],[119.97061,25.97138],[119.97061,25.97141],[119.9706,25.97143],[119.97061,25.97145],[119.97064,25.97146],[119.97066,25.97149],[119.97067,25.97153],[119.97066,25.97154],[119.97063,25.97155],[119.97062,25.97155],[119.97059,25.97161],[119.97056,25.97167],[119.97056,25.97168],[119.97056,25.97169],[119.97057,25.97173],[119.9706,25.97174],[119.9706,25.97175],[119.97063,25.97175],[119.97071,25.97174],[119.97073,25.97175],[119.97068,25.97177],[119.97064,25.97179],[119.97064,25.97183],[119.97066,25.97191],[119.97067,25.97198],[119.97067,25.97198],[119.97066,25.972],[119.9706,25.97201],[119.97052,25.97204],[119.97047,25.97208],[119.97046,25.9721],[119.97042,25.97212],[119.97038,25.97212],[119.97037,25.97212],[119.97033,25.97212],[119.97029,25.97213],[119.97027,25.97215],[119.97025,25.9722],[119.97027,25.97227],[119.97029,25.97228],[119.97033,25.97231],[119.97037,25.97233],[119.97041,25.97232],[119.97042,25.97232],[119.97043,25.9723],[119.97049,25.97228],[119.97055,25.97226],[119.97059,25.97225],[119.9706,25.97227],[119.97061,25.97229],[119.97057,25.97231],[119.97049,25.97234],[119.97048,25.97235],[119.97047,25.97236],[119.97048,25.97238],[119.97045,25.9724],[119.97038,25.97244],[119.9703,25.97248],[119.97028,25.9725],[119.97028,25.97252],[119.97029,25.97254],[119.9703,25.97255],[119.97032,25.97256],[119.97038,25.97256],[119.97046,25.97255],[119.97048,25.97254],[119.97055,25.97254],[119.97065,25.97251],[119.97067,25.97251],[119.97063,25.97252],[119.97056,25.97255],[119.97053,25.97256],[119.97051,25.97258],[119.97049,25.97259],[119.97046,25.97259],[119.97043,25.97261],[119.97042,25.97261],[119.97041,25.9726],[119.9704,25.9726],[119.97034,25.97264],[119.97028,25.97268],[119.97028,25.9727],[119.9703,25.97271],[119.9703,25.97271],[119.9703,25.97273],[119.9703,25.97275],[119.97036,25.97276],[119.97039,25.97276],[119.97041,25.97275],[119.97043,25.97279],[119.97047,25.97286],[119.97053,25.97292],[119.97055,25.97292],[119.97062,25.97293],[119.97062,25.97293],[119.97064,25.97293],[119.97066,25.97292],[119.97069,25.97293],[119.97073,25.97296],[119.97079,25.97302],[119.9708,25.97302],[119.97086,25.97305],[119.97086,25.97305],[119.97088,25.97304],[119.9709,25.97302],[119.97091,25.97303],[119.97094,25.97304],[119.97101,25.9731],[119.97102,25.97311],[119.97106,25.97316],[119.97111,25.97322],[119.97116,25.97327],[119.97118,25.97329],[119.97119,25.97335],[119.9712,25.97338],[119.97119,25.97342],[119.97118,25.97343],[119.97117,25.97344],[119.97117,25.9735],[119.97121,25.97357],[119.97126,25.97363],[119.97127,25.97365],[119.97133,25.97367],[119.97141,25.97365],[119.97149,25.97362],[119.97153,25.97358],[119.97153,25.97357],[119.97152,25.97354],[119.97151,25.97353],[119.97151,25.9735],[119.97156,25.97348],[119.97165,25.97347],[119.97165,25.97347],[119.97165,25.97347],[119.97173,25.97342],[119.97174,25.97342],[119.97176,25.97341],[119.97181,25.97342],[119.97185,25.97339],[119.97188,25.97337],[119.97195,25.97334],[119.97203,25.9733],[119.97207,25.97329],[119.97212,25.9733],[119.97212,25.9733],[119.97214,25.97329],[119.97217,25.97328],[119.97218,25.97325],[119.97213,25.97318],[119.97207,25.97312],[119.97202,25.97305],[119.97199,25.97299],[119.97195,25.97292],[119.97194,25.97287],[119.97195,25.97285],[119.97196,25.97285],[119.97196,25.97285],[119.97199,25.97292],[119.97202,25.97299],[119.97207,25.97306],[119.97213,25.97312],[119.9722,25.97315],[119.97228,25.97319],[119.97229,25.9732],[119.97231,25.97321],[119.97236,25.97321],[119.97243,25.97319],[119.97251,25.97315],[119.97253,25.97313],[119.97255,25.97312],[119.97256,25.97309],[119.97257,25.97308],[119.97256,25.97301],[119.97255,25.97297],[119.97256,25.97294],[119.97256,25.97294],[119.97258,25.97293],[119.97263,25.97292],[119.97263,25.97289],[119.97262,25.97282],[119.97259,25.97278],[119.97257,25.97277],[119.97256,25.97276],[119.97255,25.97277],[119.97252,25.97276],[119.97251,25.97276],[119.97249,25.97273],[119.97243,25.97267],[119.97239,25.97265],[119.97239,25.97262],[119.9724,25.97261],[119.97241,25.9726],[119.97239,25.97256],[119.97236,25.97253],[119.97228,25.97251],[119.97222,25.97247],[119.97219,25.97247],[119.97216,25.97248],[119.97214,25.97247],[119.97214,25.97246],[119.97214,25.97245],[119.97218,25.97238],[119.97222,25.9723],[119.97224,25.97227],[119.97224,25.97223],[119.97224,25.97223],[119.97225,25.97215],[119.97227,25.97208],[119.97229,25.97204],[119.97231,25.97202],[119.97232,25.97201],[119.97231,25.97194],[119.97227,25.97188],[119.97226,25.97187],[119.97225,25.97184],[119.97225,25.97182],[119.97225,25.9718],[119.97228,25.97176],[119.9723,25.97174],[119.97234,25.97167],[119.97236,25.9716],[119.9724,25.97154],[119.97246,25.97148],[119.97249,25.97144],[119.97252,25.97141],[119.97255,25.97135],[119.97261,25.97128],[119.97266,25.97122],[119.97271,25.97115],[119.97276,25.97109],[119.97278,25.97108],[119.9728,25.97102],[119.9728,25.97102],[119.97278,25.97099],[119.97274,25.97097],[119.97268,25.97094],[119.97268,25.97092],[119.97268,25.97085],[119.9727,25.97077],[119.9727,25.97069],[119.97268,25.97061],[119.97266,25.97053],[119.97264,25.97045],[119.97261,25.97037],[119.97257,25.97031],[119.97252,25.97024],[119.97246,25.97019],[119.97246,25.97018]]],[[[119.97159,25.97391],[119.9715,25.97395],[119.97143,25.97398],[119.97137,25.97404],[119.97135,25.97411],[119.97135,25.97412],[119.97135,25.97415],[119.97135,25.97419],[119.97134,25.97421],[119.97133,25.97423],[119.97131,25.97424],[119.9713,25.97425],[119.9713,25.97426],[119.97133,25.97431],[119.97134,25.97432],[119.97138,25.97439],[119.97138,25.97441],[119.97135,25.97446],[119.97134,25.9745],[119.97135,25.97451],[119.97137,25.97452],[119.97139,25.97452],[119.97139,25.97452],[119.97141,25.97447],[119.97143,25.97446],[119.97145,25.97447],[119.97147,25.97448],[119.97152,25.9745],[119.97154,25.97452],[119.97158,25.97453],[119.97162,25.97452],[119.97165,25.97451],[119.9717,25.9745],[119.97173,25.97448],[119.97174,25.97447],[119.97174,25.97445],[119.97172,25.97442],[119.97171,25.97442],[119.97168,25.97435],[119.97165,25.9743],[119.97165,25.97429],[119.97166,25.97428],[119.97168,25.97429],[119.97169,25.9743],[119.97171,25.97434],[119.97176,25.97441],[119.97176,25.97443],[119.9718,25.97448],[119.9718,25.97448],[119.97182,25.97449],[119.97184,25.97448],[119.97183,25.97445],[119.97183,25.97444],[119.97188,25.97445],[119.97192,25.97447],[119.97194,25.97447],[119.97195,25.97447],[119.97194,25.97441],[119.97191,25.97433],[119.97189,25.9743],[119.97186,25.97426],[119.97182,25.9742],[119.97177,25.97414],[119.97173,25.97409],[119.97172,25.97406],[119.97173,25.97406],[119.97179,25.97411],[119.97185,25.97418],[119.97191,25.97423],[119.97199,25.97428],[119.97201,25.97427],[119.97199,25.97422],[119.97194,25.97416],[119.97188,25.9741],[119.97181,25.97404],[119.97176,25.97397],[119.97171,25.97391],[119.97169,25.97389],[119.97168,25.97387],[119.97166,25.97387],[119.97159,25.97391]]],[[[119.98209,25.97377],[119.98209,25.97378],[119.98209,25.97378],[119.9821,25.97381],[119.9821,25.97381],[119.98213,25.97386],[119.98214,25.97386],[119.98215,25.97387],[119.98217,25.97392],[119.98218,25.97397],[119.98219,25.97398],[119.98221,25.97398],[119.98223,25.97396],[119.98223,25.97396],[119.98225,25.97389],[119.98224,25.97384],[119.98223,25.97381],[119.98221,25.97381],[119.9822,25.9738],[119.98219,25.97379],[119.98218,25.97378],[119.98218,25.97377],[119.98217,25.97376],[119.98215,25.97376],[119.98214,25.97376],[119.98214,25.97377],[119.98213,25.97377],[119.98212,25.97377],[119.98212,25.97377],[119.98212,25.97377],[119.98209,25.97377]]],[[[119.98344,25.9582],[119.98345,25.95821],[119.98352,25.95822],[119.9836,25.95821],[119.98364,25.9582],[119.98374,25.95818],[119.98385,25.95814],[119.98386,25.95813],[119.9839,25.9581],[119.98387,25.95804],[119.98384,25.95801],[119.98382,25.95798],[119.9838,25.95797],[119.9837,25.95797],[119.98359,25.958],[119.9835,25.95804],[119.98342,25.95811],[119.98339,25.95816],[119.98342,25.95819],[119.98344,25.9582]]],[[[119.98443,25.95547],[119.98443,25.95547],[119.98444,25.95547],[119.98452,25.95542],[119.98458,25.95536],[119.9846,25.95534],[119.98462,25.95532],[119.98465,25.95526],[119.98465,25.95524],[119.98464,25.95516],[119.9846,25.95507],[119.98454,25.95499],[119.9845,25.9549],[119.98444,25.95481],[119.98438,25.95473],[119.98431,25.95469],[119.98427,25.95468],[119.98419,25.9547],[119.98416,25.95471],[119.98411,25.95469],[119.98409,25.95465],[119.98409,25.95465],[119.98409,25.95455],[119.98403,25.95447],[119.98401,25.95445],[119.98393,25.95445],[119.98383,25.95444],[119.98373,25.95442],[119.98372,25.95443],[119.98369,25.95444],[119.98368,25.95449],[119.98368,25.95451],[119.98369,25.95454],[119.98369,25.95457],[119.98367,25.9546],[119.98367,25.9546],[119.98367,25.95469],[119.98367,25.95469],[119.98368,25.95469],[119.98373,25.95477],[119.98377,25.95486],[119.98381,25.95496],[119.98386,25.95505],[119.98391,25.95514],[119.98395,25.95523],[119.98399,25.95532],[119.984,25.95535],[119.98402,25.95535],[119.98403,25.95537],[119.98408,25.95536],[119.98409,25.95534],[119.98409,25.95529],[119.98407,25.95525],[119.98404,25.95521],[119.98405,25.95519],[119.98406,25.95519],[119.98416,25.95521],[119.98423,25.95529],[119.98427,25.95538],[119.98429,25.95544],[119.98433,25.95546],[119.98433,25.95546],[119.98443,25.95547],[119.98443,25.95547]]],[[[119.98392,25.95704],[119.98394,25.95712],[119.98397,25.95721],[119.98401,25.95729],[119.98404,25.95731],[119.98411,25.95733],[119.98421,25.95731],[119.98424,25.95727],[119.98425,25.95724],[119.98424,25.95722],[119.9842,25.9572],[119.98414,25.95721],[119.98413,25.95719],[119.98413,25.95719],[119.98418,25.95711],[119.98421,25.95705],[119.98421,25.95702],[119.98421,25.95701],[119.98417,25.95698],[119.98413,25.95695],[119.98408,25.95696],[119.98402,25.95697],[119.98399,25.95697],[119.98394,25.95701],[119.98392,25.95702],[119.98392,25.95704]]],[[[119.97065,25.94846],[119.97069,25.94854],[119.97069,25.94854],[119.97072,25.94859],[119.97077,25.94864],[119.97079,25.94866],[119.9708,25.94866],[119.97089,25.94865],[119.97089,25.94864],[119.97089,25.94862],[119.97086,25.94856],[119.97081,25.94847],[119.97079,25.94845],[119.97078,25.94842],[119.97072,25.94841],[119.97072,25.94841],[119.97072,25.94841],[119.9707,25.94841],[119.97065,25.94842],[119.97065,25.94845],[119.97065,25.94846]]],[[[119.96958,25.94547],[119.96959,25.94548],[119.96967,25.94551],[119.96973,25.94554],[119.96977,25.94554],[119.96985,25.94554],[119.96988,25.94553],[119.96989,25.94552],[119.96992,25.9455],[119.96998,25.9455],[119.97007,25.9455],[119.97007,25.94545],[119.97004,25.94537],[119.97003,25.94537],[119.96992,25.94537],[119.96982,25.94537],[119.96972,25.94536],[119.96962,25.94538],[119.96954,25.94545],[119.96955,25.94547],[119.96958,25.94547]]],[[[119.9679,25.94487],[119.96796,25.94491],[119.96805,25.94497],[119.96809,25.94498],[119.9682,25.9451],[119.96836,25.94523],[119.96852,25.94526],[119.96857,25.94529],[119.96856,25.94533],[119.96858,25.94547],[119.96875,25.94559],[119.96895,25.94567],[119.96915,25.94573],[119.96934,25.94567],[119.96935,25.94557],[119.96937,25.94548],[119.96953,25.94535],[119.9696,25.94528],[119.96969,25.94525],[119.96976,25.9452],[119.9699,25.94521],[119.97004,25.9452],[119.97006,25.94514],[119.96997,25.94509],[119.96981,25.94503],[119.9697,25.94498],[119.96967,25.94498],[119.9696,25.94506],[119.96959,25.94506],[119.96959,25.94504],[119.96961,25.94494],[119.96953,25.94487],[119.96949,25.94482],[119.96951,25.94477],[119.96961,25.94477],[119.96968,25.94471],[119.96981,25.94458],[119.96985,25.94448],[119.96986,25.94441],[119.96974,25.94435],[119.96954,25.9443],[119.96945,25.94425],[119.96949,25.94422],[119.96966,25.94427],[119.96986,25.94434],[119.96994,25.94435],[119.96999,25.94423],[119.96992,25.94416],[119.96972,25.9441],[119.96952,25.9441],[119.96935,25.94411],[119.96931,25.94409],[119.96933,25.94404],[119.96934,25.944],[119.96939,25.94389],[119.96946,25.9438],[119.96942,25.94375],[119.96938,25.94365],[119.96935,25.94347],[119.96928,25.94342],[119.9693,25.94336],[119.96934,25.94336],[119.96936,25.94327],[119.96937,25.94323],[119.96947,25.94323],[119.96949,25.94312],[119.96954,25.94294],[119.96961,25.94286],[119.96971,25.94274],[119.96976,25.94261],[119.96978,25.94252],[119.96986,25.94249],[119.9699,25.94265],[119.96995,25.94284],[119.97001,25.94299],[119.97005,25.94301],[119.97016,25.94284],[119.97014,25.94275],[119.97007,25.94267],[119.97008,25.94255],[119.97009,25.94238],[119.97,25.9423],[119.96993,25.94225],[119.96999,25.94217],[119.96996,25.94212],[119.96987,25.94209],[119.96984,25.942],[119.96983,25.94194],[119.96982,25.94186],[119.96979,25.94179],[119.9697,25.94173],[119.96969,25.9417],[119.96972,25.94166],[119.96968,25.94147],[119.96966,25.94144],[119.96961,25.9413],[119.96948,25.94115],[119.96932,25.94103],[119.96928,25.94104],[119.96923,25.94109],[119.96918,25.94117],[119.96909,25.94122],[119.96906,25.94133],[119.96905,25.94144],[119.96907,25.9415],[119.96904,25.94152],[119.96903,25.94168],[119.96901,25.94179],[119.969,25.94177],[119.96895,25.94159],[119.96883,25.94146],[119.9688,25.94145],[119.96868,25.94131],[119.96853,25.94117],[119.96845,25.94111],[119.96829,25.94098],[119.96814,25.94085],[119.96804,25.94068],[119.96792,25.94053],[119.96777,25.94041],[119.96762,25.94036],[119.96758,25.94032],[119.96748,25.94017],[119.96744,25.94018],[119.9674,25.94017],[119.96736,25.94015],[119.96731,25.94016],[119.96728,25.9401],[119.96723,25.93992],[119.96718,25.93983],[119.96712,25.93979],[119.96707,25.93968],[119.96697,25.93964],[119.96677,25.9396],[119.96676,25.93962],[119.96674,25.9397],[119.96675,25.93977],[119.96661,25.93981],[119.96656,25.93989],[119.9666,25.94007],[119.96659,25.94015],[119.96656,25.94017],[119.96651,25.94021],[119.96649,25.94022],[119.9664,25.94038],[119.96636,25.94047],[119.96636,25.94057],[119.96631,25.94076],[119.96634,25.94096],[119.96646,25.94111],[119.96659,25.94128],[119.96665,25.94147],[119.96671,25.94168],[119.96677,25.94185],[119.9668,25.94195],[119.96691,25.94211],[119.96706,25.94224],[119.96722,25.94236],[119.96739,25.94248],[119.96756,25.9426],[119.96772,25.94274],[119.96779,25.94283],[119.96778,25.94291],[119.96781,25.94302],[119.96781,25.94317],[119.96772,25.94329],[119.96771,25.94337],[119.96774,25.94341],[119.96785,25.94355],[119.96793,25.94362],[119.96795,25.94371],[119.96791,25.94381],[119.96783,25.94391],[119.96776,25.94396],[119.96756,25.94401],[119.96735,25.94408],[119.96732,25.94415],[119.96737,25.94426],[119.9675,25.94441],[119.96761,25.94456],[119.96764,25.94459],[119.96765,25.94463],[119.96772,25.94474],[119.96788,25.94486],[119.9679,25.94487]]],[[[119.98217,25.97266],[119.98192,25.97247],[119.98189,25.97181],[119.98131,25.97054],[119.98042,25.9695],[119.97989,25.96861],[119.98046,25.96826],[119.98168,25.96794],[119.98303,25.9679],[119.98448,25.96769],[119.98456,25.9667],[119.98467,25.96608],[119.98576,25.9657],[119.98709,25.96595],[119.98757,25.96694],[119.9871,25.96739],[119.98743,25.96777],[119.9885,25.96827],[119.98884,25.96899],[119.98986,25.96958],[119.99019,25.9693],[119.99071,25.96941],[119.99106,25.96935],[119.99132,25.96916],[119.99212,25.96877],[119.99294,25.96906],[119.99332,25.96906],[119.99395,25.96903],[119.99444,25.96947],[119.9945,25.96912],[119.99473,25.96904],[119.99452,25.96835],[119.99392,25.96832],[119.99329,25.96819],[119.99365,25.96743],[119.99388,25.96706],[119.99382,25.96693],[119.99376,25.96667],[119.99385,25.96627],[119.99343,25.96589],[119.99272,25.96589],[119.992,25.96587],[119.99235,25.9655],[119.99245,25.96521],[119.99214,25.96514],[119.99219,25.96498],[119.99165,25.96478],[119.99132,25.96456],[119.99124,25.96399],[119.99062,25.96355],[119.98982,25.9631],[119.98946,25.96291],[119.98958,25.9624],[119.98982,25.96224],[119.98959,25.96183],[119.99,25.96197],[119.99017,25.96166],[119.98988,25.96091],[119.98957,25.96066],[119.98877,25.96041],[119.9889,25.96013],[119.98788,25.96018],[119.98768,25.9604],[119.98755,25.96028],[119.9878,25.95981],[119.98745,25.9597],[119.98709,25.95967],[119.98669,25.9595],[119.98637,25.95934],[119.98619,25.95877],[119.98578,25.9585],[119.98502,25.95836],[119.98485,25.95857],[119.98495,25.95924],[119.98445,25.95879],[119.984,25.95848],[119.98371,25.95823],[119.98364,25.95777],[119.98371,25.95732],[119.98372,25.95658],[119.98403,25.95639],[119.98408,25.95588],[119.9842,25.95569],[119.98366,25.9548],[119.983,25.95461],[119.98292,25.95498],[119.98268,25.95506],[119.98235,25.9548],[119.98199,25.95446],[119.98163,25.95378],[119.98123,25.95372],[119.9805,25.95386],[119.98025,25.95374],[119.98048,25.95329],[119.9805,25.95266],[119.98041,25.9526],[119.97974,25.95237],[119.98016,25.95231],[119.9798,25.95211],[119.97949,25.9519],[119.97899,25.95217],[119.97838,25.95231],[119.97816,25.95266],[119.97787,25.95325],[119.97759,25.9538],[119.97754,25.95425],[119.97742,25.95451],[119.97692,25.95529],[119.97669,25.95494],[119.97649,25.95423],[119.97622,25.95398],[119.97592,25.95337],[119.97544,25.95294],[119.97525,25.95293],[119.97474,25.9523],[119.9743,25.95179],[119.9729,25.95108],[119.97355,25.95105],[119.97294,25.95047],[119.97279,25.95001],[119.97226,25.94996],[119.972,25.95029],[119.97144,25.95019],[119.9713,25.95019],[119.97113,25.94986],[119.9712,25.94953],[119.97097,25.94943],[119.9706,25.94954],[119.97073,25.94913],[119.97059,25.94875],[119.97059,25.94822],[119.9703,25.9477],[119.9698,25.94761],[119.96988,25.94727],[119.96954,25.94724],[119.96912,25.9473],[119.96882,25.94725],[119.96838,25.94728],[119.96819,25.9475],[119.96745,25.94765],[119.96734,25.94808],[119.96679,25.94837],[119.96631,25.94864],[119.96589,25.94864],[119.96574,25.94883],[119.96617,25.94909],[119.96645,25.94926],[119.96692,25.94929],[119.96764,25.94951],[119.96786,25.95011],[119.96802,25.95081],[119.96833,25.95165],[119.96911,25.9527],[119.96942,25.95355],[119.96978,25.95419],[119.97047,25.95458],[119.97086,25.95562],[119.97057,25.95665],[119.96976,25.95649],[119.96973,25.95694],[119.96981,25.95718],[119.97003,25.95737],[119.97057,25.95702],[119.97183,25.95716],[119.97259,25.95753],[119.97362,25.95818],[119.97434,25.95865],[119.97501,25.95954],[119.97486,25.96018],[119.9757,25.96113],[119.97657,25.96238],[119.97679,25.96331],[119.97662,25.96389],[119.97648,25.96485],[119.97701,25.96606],[119.97825,25.96676],[119.97885,25.96802],[119.97924,25.9691],[119.97934,25.97044],[119.97941,25.97135],[119.97964,25.97231],[119.97992,25.97315],[119.98024,25.97361],[119.98086,25.97422],[119.98125,25.97388],[119.98182,25.97362],[119.98212,25.97337],[119.98249,25.97353],[119.98249,25.9731],[119.98229,25.97308],[119.98209,25.97269],[119.98217,25.97266]]],[[[119.95354,25.98025],[119.95354,25.98027],[119.95354,25.98027],[119.95354,25.98027],[119.95361,25.98031],[119.95365,25.98027],[119.95364,25.98027],[119.95361,25.98025],[119.95359,25.98024],[119.95357,25.98024],[119.95354,25.98025],[119.95354,25.98025],[119.95354,25.98025]]],[[[119.95345,25.98],[119.95345,25.98],[119.95346,25.98001],[119.95348,25.98004],[119.95348,25.98004],[119.95351,25.98006],[119.95351,25.98006],[119.95355,25.98009],[119.9536,25.98012],[119.95361,25.98012],[119.95362,25.9801],[119.95362,25.98009],[119.95362,25.98008],[119.95361,25.98006],[119.9536,25.98005],[119.9536,25.98004],[119.95359,25.98003],[119.95358,25.98002],[119.95356,25.98001],[119.95354,25.98],[119.9535,25.97999],[119.95347,25.97999],[119.95347,25.97999],[119.95345,25.97999],[119.95345,25.98],[119.95345,25.98]]],[[[119.95346,25.97985],[119.95347,25.97987],[119.95353,25.97991],[119.95361,25.97995],[119.95371,25.98],[119.9538,25.98006],[119.95389,25.98008],[119.95389,25.98008],[119.95389,25.98008],[119.95391,25.98007],[119.95391,25.98007],[119.95385,25.97999],[119.95376,25.97994],[119.95367,25.97989],[119.95357,25.97985],[119.95351,25.97983],[119.9535,25.97983],[119.95348,25.97983],[119.95346,25.97984],[119.95346,25.97985]]],[[[119.95165,25.9807],[119.95168,25.98073],[119.95168,25.98073],[119.9517,25.98076],[119.95171,25.9808],[119.95173,25.98086],[119.95175,25.9809],[119.95182,25.98097],[119.95185,25.98097],[119.95187,25.98096],[119.95189,25.98094],[119.95192,25.98095],[119.95201,25.981],[119.9521,25.98106],[119.95218,25.98113],[119.95219,25.98112],[119.95219,25.98112],[119.95219,25.98109],[119.95214,25.98105],[119.95207,25.98097],[119.95206,25.98097],[119.952,25.98089],[119.95196,25.98087],[119.95192,25.98085],[119.9519,25.98084],[119.95182,25.98078],[119.95179,25.98076],[119.95175,25.98072],[119.95168,25.98068],[119.95165,25.98067],[119.95163,25.98068],[119.95165,25.9807],[119.95165,25.9807]]],[[[119.95157,25.98093],[119.95158,25.98096],[119.9516,25.98098],[119.9516,25.98098],[119.95161,25.981],[119.95161,25.98103],[119.95165,25.98107],[119.95167,25.98107],[119.95172,25.98108],[119.95174,25.98108],[119.95175,25.98106],[119.95175,25.98103],[119.95168,25.98097],[119.95161,25.98094],[119.95158,25.98092],[119.95157,25.98093],[119.95157,25.98093]]],[[[119.9502,25.981],[119.95022,25.98103],[119.95024,25.98104],[119.95026,25.98105],[119.9503,25.98104],[119.9503,25.98101],[119.95029,25.98096],[119.95029,25.98096],[119.95024,25.98095],[119.95021,25.98097],[119.9502,25.98098],[119.9502,25.981],[119.9502,25.981]]],[[[119.95158,25.9806],[119.95158,25.9806],[119.95157,25.9806],[119.95155,25.98059],[119.95145,25.98058],[119.9514,25.9806],[119.95137,25.98063],[119.95139,25.98066],[119.95141,25.98067],[119.95151,25.98071],[119.95159,25.98072],[119.95161,25.98072],[119.95161,25.9807],[119.95161,25.9807],[119.9516,25.98067],[119.95159,25.98065],[119.95158,25.98061],[119.95158,25.9806]]],[[[119.95242,25.97633],[119.95243,25.97635],[119.95245,25.97636],[119.95246,25.97636],[119.95251,25.97635],[119.95253,25.97633],[119.95254,25.97633],[119.95255,25.97632],[119.9526,25.97629],[119.95262,25.97627],[119.95261,25.97621],[119.9526,25.97619],[119.95258,25.97618],[119.95257,25.97618],[119.95248,25.97622],[119.95248,25.97622],[119.95245,25.97625],[119.95243,25.97628],[119.95242,25.97632],[119.95242,25.97633]]],[[[119.9522,25.9758],[119.95221,25.97581],[119.95224,25.9758],[119.95225,25.97579],[119.95227,25.97578],[119.95234,25.97579],[119.95239,25.9758],[119.95245,25.9758],[119.95252,25.97578],[119.95254,25.97576],[119.95253,25.97575],[119.95252,25.97573],[119.95248,25.97569],[119.95245,25.97568],[119.95243,25.97568],[119.95243,25.97567],[119.95239,25.97559],[119.95238,25.97552],[119.95238,25.97549],[119.95238,25.97549],[119.95238,25.9754],[119.95236,25.97538],[119.95234,25.97539],[119.95232,25.97541],[119.9523,25.97544],[119.95228,25.97553],[119.95225,25.97562],[119.95225,25.97563],[119.9522,25.97571],[119.9522,25.97576],[119.9522,25.97578],[119.9522,25.9758],[119.9522,25.9758]]],[[[119.95219,25.97589],[119.95219,25.9759],[119.9522,25.97591],[119.9522,25.97591],[119.95223,25.97595],[119.95224,25.97596],[119.95226,25.97598],[119.95228,25.976],[119.95233,25.976],[119.95235,25.97601],[119.95235,25.97602],[119.95235,25.97602],[119.95233,25.97604],[119.95231,25.97605],[119.95229,25.97607],[119.95229,25.97609],[119.95233,25.97611],[119.95243,25.9761],[119.95246,25.97609],[119.9525,25.97607],[119.95251,25.97604],[119.95251,25.97604],[119.9525,25.97602],[119.95249,25.97598],[119.95248,25.97596],[119.95248,25.97595],[119.95239,25.9759],[119.95235,25.97589],[119.9523,25.97587],[119.95223,25.97587],[119.95221,25.97587],[119.9522,25.97588],[119.95219,25.97589],[119.95219,25.97589]]],[[[119.94594,25.98087],[119.94595,25.98089],[119.94603,25.98096],[119.94613,25.981],[119.94623,25.98103],[119.94624,25.98101],[119.94624,25.98099],[119.94624,25.98098],[119.94622,25.98094],[119.9462,25.98091],[119.94619,25.98089],[119.94613,25.98083],[119.94604,25.98078],[119.94595,25.98075],[119.94594,25.98076],[119.94594,25.98077],[119.94594,25.98078],[119.94594,25.98087]]],[[[119.94904,25.98119],[119.94902,25.98127],[119.94902,25.98129],[119.94901,25.98129],[119.94896,25.98137],[119.94892,25.98146],[119.9489,25.98152],[119.94889,25.98155],[119.9489,25.98155],[119.94894,25.98156],[119.949,25.98155],[119.94902,25.98154],[119.94905,25.98152],[119.94909,25.9815],[119.94909,25.98149],[119.9491,25.98148],[119.94917,25.98142],[119.94919,25.98141],[119.94921,25.98139],[119.94919,25.98133],[119.94915,25.98127],[119.94912,25.98125],[119.94907,25.9812],[119.94905,25.98118],[119.94904,25.98119],[119.94904,25.98119]]],[[[119.94987,25.98165],[119.94986,25.98169],[119.94986,25.98169],[119.94991,25.98174],[119.95,25.98178],[119.95001,25.98178],[119.95004,25.98179],[119.95011,25.98176],[119.95015,25.98172],[119.95019,25.9817],[119.95029,25.98167],[119.95031,25.98167],[119.95036,25.98161],[119.95038,25.98155],[119.95034,25.98153],[119.95033,25.98152],[119.9503,25.98151],[119.95023,25.98149],[119.95012,25.98149],[119.95002,25.98151],[119.94994,25.98157],[119.94988,25.98165],[119.94987,25.98165]]],[[[119.92463,25.97327],[119.92463,25.97327],[119.92461,25.9733],[119.92461,25.97333],[119.92463,25.97338],[119.92464,25.97342],[119.92467,25.97351],[119.92468,25.97361],[119.92464,25.9737],[119.92464,25.9737],[119.92457,25.97373],[119.92455,25.97375],[119.92455,25.97376],[119.92455,25.97385],[119.92456,25.97387],[119.92457,25.97389],[119.9246,25.9739],[119.92463,25.97391],[119.92464,25.9739],[119.92469,25.9739],[119.92471,25.97388],[119.92474,25.9739],[119.92481,25.97398],[119.92488,25.97404],[119.92496,25.97412],[119.92504,25.97418],[119.92507,25.97421],[119.92508,25.97424],[119.92508,25.97427],[119.92515,25.97433],[119.92524,25.97438],[119.92529,25.97441],[119.92528,25.97444],[119.92527,25.97446],[119.92527,25.97447],[119.92533,25.97454],[119.92541,25.9746],[119.9255,25.97465],[119.92559,25.9747],[119.92568,25.97472],[119.92574,25.97472],[119.92577,25.97473],[119.92579,25.97476],[119.9258,25.97479],[119.92579,25.97483],[119.92579,25.97485],[119.92579,25.97486],[119.9258,25.97488],[119.92587,25.97491],[119.92588,25.97494],[119.92589,25.97497],[119.9259,25.975],[119.9259,25.97501],[119.92599,25.97507],[119.92607,25.97508],[119.9261,25.97507],[119.92618,25.9751],[119.92619,25.97511],[119.92625,25.9751],[119.92628,25.97508],[119.92629,25.97507],[119.92638,25.97512],[119.92647,25.97518],[119.92657,25.97523],[119.92657,25.97523],[119.92667,25.97526],[119.92675,25.97532],[119.92684,25.97538],[119.92693,25.97544],[119.92701,25.97549],[119.92701,25.9755],[119.927,25.97559],[119.927,25.97565],[119.92701,25.97568],[119.92711,25.97571],[119.92717,25.97571],[119.92719,25.97571],[119.92719,25.97573],[119.92721,25.97575],[119.92725,25.97575],[119.92728,25.97576],[119.92728,25.97581],[119.92726,25.97583],[119.92726,25.97583],[119.92716,25.97581],[119.92709,25.97579],[119.92707,25.97579],[119.92706,25.97581],[119.92706,25.97581],[119.92704,25.97584],[119.92703,25.97584],[119.927,25.97584],[119.92698,25.97586],[119.92696,25.97595],[119.92695,25.97597],[119.92695,25.97601],[119.92697,25.97605],[119.92699,25.9761],[119.927,25.97611],[119.92702,25.97613],[119.92702,25.97614],[119.92701,25.97623],[119.92707,25.97625],[119.9271,25.97624],[119.92711,25.97625],[119.92713,25.97625],[119.92716,25.97626],[119.92722,25.97624],[119.92732,25.97621],[119.92739,25.97618],[119.92741,25.97619],[119.92742,25.97621],[119.92743,25.97622],[119.92741,25.97631],[119.9274,25.97631],[119.92739,25.97631],[119.92736,25.9763],[119.9273,25.97629],[119.92719,25.97629],[119.92717,25.9763],[119.92714,25.97633],[119.92712,25.97635],[119.92712,25.97636],[119.92712,25.97636],[119.92712,25.97639],[119.92713,25.97639],[119.92716,25.97642],[119.92717,25.97643],[119.92725,25.97649],[119.92738,25.97657],[119.92739,25.97658],[119.92739,25.97659],[119.92733,25.97656],[119.92725,25.97651],[119.92718,25.97649],[119.92715,25.9765],[119.92709,25.97655],[119.92707,25.97657],[119.92707,25.97657],[119.92706,25.97666],[119.9271,25.97674],[119.92712,25.97675],[119.9272,25.97677],[119.9272,25.97677],[119.92722,25.97679],[119.92723,25.97681],[119.92723,25.97686],[119.92725,25.97696],[119.92725,25.97698],[119.92727,25.97701],[119.9273,25.97702],[119.92731,25.97702],[119.92729,25.97704],[119.92728,25.97705],[119.92728,25.97713],[119.92735,25.9772],[119.92743,25.97723],[119.92745,25.97722],[119.92745,25.97722],[119.92749,25.97717],[119.92754,25.97717],[119.92763,25.97712],[119.92771,25.97705],[119.92775,25.97699],[119.92775,25.97697],[119.92775,25.97696],[119.92769,25.97688],[119.92761,25.97678],[119.92762,25.97677],[119.92766,25.97677],[119.92768,25.97679],[119.92768,25.97679],[119.92775,25.97683],[119.92777,25.97683],[119.9278,25.97678],[119.92781,25.97675],[119.92781,25.97673],[119.92781,25.97672],[119.92781,25.97666],[119.92781,25.97664],[119.92782,25.97662],[119.92777,25.97656],[119.92775,25.97655],[119.92773,25.97653],[119.92772,25.97649],[119.92771,25.97648],[119.9277,25.97646],[119.92763,25.97643],[119.92756,25.97635],[119.9275,25.97627],[119.92748,25.97618],[119.92747,25.97608],[119.92747,25.97599],[119.92748,25.9759],[119.92748,25.9758],[119.92751,25.97571],[119.92756,25.97562],[119.92762,25.97557],[119.92763,25.97556],[119.92769,25.97549],[119.9277,25.97539],[119.92769,25.97532],[119.92767,25.9753],[119.92767,25.9753],[119.92758,25.97525],[119.92748,25.97521],[119.92747,25.9752],[119.92749,25.97519],[119.92752,25.97518],[119.92757,25.97516],[119.92758,25.97513],[119.92757,25.9751],[119.92753,25.97501],[119.92749,25.97492],[119.92741,25.97485],[119.92732,25.9748],[119.92722,25.97476],[119.92721,25.97479],[119.92721,25.97479],[119.92724,25.97487],[119.92724,25.97489],[119.92719,25.97488],[119.92713,25.97486],[119.9271,25.97486],[119.92709,25.97488],[119.92708,25.97489],[119.92703,25.97496],[119.92697,25.97502],[119.92696,25.97503],[119.92694,25.97504],[119.92686,25.97504],[119.92676,25.975],[119.92667,25.97497],[119.92658,25.97492],[119.92656,25.97492],[119.92648,25.97492],[119.92641,25.97491],[119.9264,25.97489],[119.9264,25.97488],[119.9264,25.97486],[119.92634,25.97478],[119.92626,25.97472],[119.92621,25.97464],[119.92618,25.97455],[119.92615,25.97446],[119.92609,25.97438],[119.92604,25.97429],[119.926,25.9742],[119.92595,25.97412],[119.92591,25.97404],[119.9259,25.97403],[119.92587,25.97394],[119.92587,25.97394],[119.92579,25.97387],[119.92576,25.97378],[119.92576,25.97373],[119.92577,25.97371],[119.92578,25.97368],[119.92578,25.97368],[119.92577,25.97365],[119.92571,25.97362],[119.92564,25.97356],[119.92556,25.97349],[119.92546,25.97346],[119.92542,25.97347],[119.92543,25.97351],[119.92543,25.97353],[119.92539,25.97352],[119.92529,25.97352],[119.92521,25.97357],[119.9252,25.97357],[119.92517,25.97357],[119.92512,25.97353],[119.92504,25.97346],[119.925,25.97342],[119.92499,25.97339],[119.92499,25.97338],[119.92495,25.97329],[119.92486,25.97324],[119.92476,25.97322],[119.92466,25.97325],[119.92463,25.97327]]],[[[119.98193,25.97489],[119.98194,25.97492],[119.98195,25.97499],[119.98196,25.97503],[119.98196,25.97505],[119.98197,25.97506],[119.98199,25.97507],[119.982,25.97507],[119.98201,25.97506],[119.98203,25.97505],[119.98204,25.97506],[119.98207,25.97506],[119.9821,25.97506],[119.98209,25.97505],[119.98208,25.97504],[119.98207,25.97502],[119.98202,25.97495],[119.98198,25.97488],[119.98198,25.97487],[119.98196,25.97488],[119.98194,25.97488],[119.98193,25.97489]]],[[[119.97233,25.97403],[119.97234,25.97401],[119.97234,25.97399],[119.97232,25.97396],[119.97231,25.97395],[119.97227,25.97393],[119.97226,25.9739],[119.97223,25.97383],[119.97218,25.97376],[119.97213,25.97369],[119.9721,25.97365],[119.97206,25.97365],[119.97199,25.97369],[119.97198,25.97369],[119.97193,25.97374],[119.97192,25.97375],[119.97194,25.97379],[119.97195,25.97381],[119.97201,25.97386],[119.97202,25.97386],[119.97204,25.97387],[119.97206,25.97389],[119.97208,25.97391],[119.97212,25.97397],[119.97218,25.97404],[119.97218,25.97404],[119.97219,25.97405],[119.97221,25.97407],[119.97223,25.97407],[119.97226,25.97408],[119.97228,25.97407],[119.9723,25.97406],[119.97231,25.97405],[119.97233,25.97403]]],[[[119.97286,25.97303],[119.97289,25.973],[119.97289,25.97299],[119.97288,25.97297],[119.97287,25.9729],[119.97286,25.97288],[119.97283,25.97286],[119.97281,25.97287],[119.97279,25.97288],[119.97279,25.97288],[119.97274,25.97283],[119.97273,25.97283],[119.97266,25.9728],[119.97265,25.97281],[119.97265,25.97282],[119.97265,25.97283],[119.97265,25.97285],[119.97267,25.97289],[119.97268,25.97289],[119.97269,25.97289],[119.97269,25.97289],[119.97273,25.97291],[119.97274,25.97292],[119.97275,25.97293],[119.97275,25.97294],[119.97278,25.97301],[119.97279,25.97303],[119.97282,25.97304],[119.97283,25.97304],[119.97285,25.97304],[119.97286,25.97303],[119.97286,25.97303]]],[[[119.9718,25.97361],[119.9718,25.97361],[119.97179,25.9736],[119.97179,25.97359],[119.9718,25.97358],[119.9718,25.97356],[119.97179,25.97354],[119.97176,25.97351],[119.97174,25.97351],[119.97171,25.97353],[119.97167,25.97355],[119.97168,25.97357],[119.97172,25.9736],[119.97173,25.97362],[119.97174,25.97363],[119.97176,25.97364],[119.97178,25.97364],[119.97179,25.97364],[119.9718,25.97363],[119.9718,25.97361]]],[[[119.97126,25.9739],[119.97124,25.97388],[119.97119,25.97388],[119.97118,25.97388],[119.97116,25.97389],[119.97114,25.9739],[119.97114,25.97393],[119.97114,25.97395],[119.97113,25.97401],[119.97114,25.97403],[119.97116,25.97403],[119.97118,25.97403],[119.97121,25.97401],[119.97121,25.97398],[119.97121,25.97398],[119.97121,25.97397],[119.97126,25.97394],[119.97127,25.97393],[119.97127,25.97392],[119.97126,25.9739]]],[[[119.97077,25.97307],[119.97073,25.97302],[119.97071,25.97301],[119.97069,25.97301],[119.97067,25.973],[119.97064,25.97301],[119.97063,25.97303],[119.97059,25.97309],[119.97057,25.97315],[119.97057,25.97317],[119.97058,25.97325],[119.97058,25.97331],[119.97058,25.97332],[119.97059,25.97333],[119.97062,25.97333],[119.97065,25.97331],[119.97066,25.9733],[119.97066,25.97324],[119.97066,25.97322],[119.97066,25.97322],[119.97067,25.97321],[119.97073,25.97319],[119.97076,25.9732],[119.97078,25.97319],[119.97079,25.97318],[119.97079,25.97314],[119.97077,25.97307],[119.97077,25.97307]]],[[[119.93211,25.98022],[119.93209,25.98023],[119.93208,25.98026],[119.93208,25.98027],[119.93208,25.98029],[119.93208,25.98029],[119.93212,25.98035],[119.93216,25.98038],[119.9322,25.98039],[119.93225,25.98039],[119.93229,25.98038],[119.9323,25.98034],[119.9323,25.98034],[119.9323,25.98025],[119.93229,25.98024],[119.93225,25.98021],[119.93221,25.98019],[119.93221,25.98019],[119.93215,25.9802],[119.93211,25.98022],[119.93211,25.98022]]],[[[120.23442,26.34569],[120.23447,26.34575],[120.23454,26.34577],[120.2346,26.34579],[120.23467,26.3458],[120.23462,26.34586],[120.23445,26.34578],[120.23444,26.34579],[120.23449,26.34587],[120.23459,26.34592],[120.23461,26.34591],[120.23475,26.34583],[120.23486,26.34576],[120.23485,26.3457],[120.23475,26.34564],[120.23466,26.34563],[120.23445,26.34563],[120.23442,26.34569]]],[[[120.23492,26.34566],[120.23505,26.34568],[120.23515,26.34559],[120.23519,26.34548],[120.23483,26.34538],[120.23482,26.34535],[120.23501,26.34538],[120.23502,26.34539],[120.23509,26.34541],[120.23512,26.34541],[120.23525,26.34541],[120.23523,26.34538],[120.23514,26.34536],[120.23506,26.3453],[120.23467,26.34506],[120.23451,26.34504],[120.23435,26.34505],[120.23422,26.34514],[120.23424,26.34519],[120.2343,26.34526],[120.23441,26.34528],[120.23444,26.34525],[120.23453,26.34531],[120.23454,26.34533],[120.23446,26.34537],[120.23446,26.34544],[120.23457,26.34556],[120.23467,26.34561],[120.23477,26.34563],[120.23483,26.34563],[120.23484,26.34559],[120.23492,26.34566]]],[[[120.2325,26.3412],[120.23256,26.34121],[120.23262,26.34122],[120.23267,26.3412],[120.23268,26.34114],[120.23264,26.34109],[120.23257,26.34108],[120.23252,26.34114],[120.2325,26.3412]]],[[[120.23074,26.3397],[120.23077,26.3397],[120.23079,26.33966],[120.23089,26.33957],[120.23088,26.33952],[120.23086,26.3395],[120.23084,26.3395],[120.23077,26.33953],[120.23078,26.33957],[120.2307,26.33966],[120.23074,26.3397]]],[[[120.23109,26.3405],[120.23124,26.34052],[120.23128,26.34051],[120.23134,26.34041],[120.23132,26.3404],[120.2311,26.34049],[120.23109,26.3405]]],[[[120.23024,26.33895],[120.23028,26.33896],[120.23035,26.33895],[120.23036,26.33886],[120.23031,26.33882],[120.23032,26.33877],[120.23027,26.33872],[120.2302,26.33869],[120.23016,26.33873],[120.23016,26.33877],[120.23021,26.33891],[120.23024,26.33895]]],[[[120.22969,26.33801],[120.22981,26.3379],[120.22983,26.33783],[120.22981,26.33778],[120.22978,26.33777],[120.2297,26.33776],[120.22954,26.33783],[120.22952,26.3379],[120.22958,26.33803],[120.22962,26.33804],[120.22965,26.33801],[120.22969,26.33801],[120.22969,26.33801]]],[[[120.22866,26.3375],[120.22871,26.33748],[120.22878,26.33741],[120.22884,26.33742],[120.22886,26.33738],[120.2288,26.33736],[120.22872,26.33735],[120.22867,26.33736],[120.22863,26.33747],[120.22866,26.3375]]],[[[120.22855,26.33752],[120.2286,26.33749],[120.22862,26.33747],[120.22865,26.33732],[120.22875,26.33711],[120.22875,26.33706],[120.22873,26.33705],[120.22867,26.33706],[120.22863,26.33709],[120.22857,26.33715],[120.22854,26.33722],[120.22853,26.33748],[120.22855,26.33752]]],[[[120.23307,26.34214],[120.23312,26.34212],[120.23323,26.34207],[120.23325,26.342],[120.23311,26.34189],[120.23302,26.3418],[120.23287,26.34184],[120.23288,26.3419],[120.23274,26.34187],[120.23274,26.34201],[120.23274,26.34217],[120.23272,26.34241],[120.23275,26.34251],[120.23284,26.34274],[120.23285,26.34288],[120.23289,26.34293],[120.23295,26.343],[120.23299,26.34301],[120.23303,26.343],[120.23309,26.34294],[120.23312,26.34287],[120.23322,26.34282],[120.23321,26.3428],[120.23339,26.34275],[120.23344,26.34271],[120.23344,26.34257],[120.23339,26.34258],[120.23335,26.34259],[120.23332,26.34261],[120.23327,26.34262],[120.23327,26.34258],[120.23324,26.34257],[120.23323,26.34255],[120.23322,26.34251],[120.23325,26.34241],[120.23327,26.34229],[120.23323,26.34222],[120.2331,26.34227],[120.23304,26.34232],[120.23291,26.34232],[120.23294,26.34223],[120.23296,26.34215],[120.23307,26.34214]]],[[[120.22233,26.33437],[120.22255,26.33453],[120.22254,26.33455],[120.22271,26.33463],[120.22273,26.33463],[120.22267,26.33454],[120.22268,26.33452],[120.22273,26.33453],[120.22276,26.33452],[120.22281,26.33453],[120.22288,26.3345],[120.2229,26.33444],[120.22289,26.3344],[120.22284,26.33422],[120.22282,26.33419],[120.22279,26.33419],[120.22266,26.33425],[120.22247,26.33422],[120.22242,26.33425],[120.22229,26.33425],[120.22226,26.33432],[120.22233,26.33437]]],[[[120.22244,26.33461],[120.22248,26.33466],[120.22256,26.33464],[120.22258,26.33462],[120.22238,26.33445],[120.22244,26.33461]]],[[[120.22189,26.3333],[120.22197,26.33329],[120.22199,26.33322],[120.22197,26.33314],[120.22181,26.33308],[120.22177,26.33307],[120.22173,26.33309],[120.22165,26.33306],[120.2216,26.33314],[120.22166,26.33322],[120.22189,26.3333]]],[[[120.21984,26.334],[120.21986,26.33403],[120.21991,26.33406],[120.22003,26.33407],[120.2202,26.3341],[120.22029,26.33405],[120.22033,26.33402],[120.22034,26.33393],[120.22024,26.33387],[120.22022,26.33384],[120.22035,26.33377],[120.22033,26.33366],[120.22027,26.33358],[120.22013,26.33344],[120.22002,26.3334],[120.21993,26.33342],[120.2197,26.33325],[120.21965,26.33323],[120.21963,26.33324],[120.21958,26.33333],[120.21954,26.33352],[120.21958,26.33362],[120.21962,26.33362],[120.2196,26.33349],[120.21961,26.33347],[120.21964,26.33347],[120.21964,26.33351],[120.21967,26.33358],[120.21982,26.33379],[120.21989,26.33385],[120.2199,26.33389],[120.21984,26.334]]],[[[120.22154,26.33329],[120.22154,26.3333],[120.22154,26.33341],[120.22152,26.33342],[120.22154,26.33366],[120.22171,26.33375],[120.22176,26.33368],[120.22181,26.33366],[120.22185,26.33361],[120.22187,26.3335],[120.22184,26.33343],[120.22185,26.33334],[120.22181,26.33331],[120.22174,26.3333],[120.22166,26.33331],[120.22164,26.33328],[120.22157,26.33328],[120.22154,26.33329]]],[[[120.21926,26.3335],[120.21923,26.3336],[120.21931,26.33359],[120.21933,26.33357],[120.21926,26.3335]]],[[[120.21901,26.33365],[120.21898,26.33358],[120.21897,26.33355],[120.21893,26.33355],[120.21888,26.33356],[120.21883,26.33354],[120.21878,26.33359],[120.21883,26.33367],[120.21885,26.33367],[120.21889,26.33365],[120.21899,26.33369],[120.21901,26.33365]]],[[[120.21926,26.33347],[120.21918,26.33344],[120.21907,26.33341],[120.21903,26.33342],[120.21889,26.33345],[120.21888,26.33346],[120.21889,26.33349],[120.21926,26.33347]]],[[[120.21944,26.33359],[120.21948,26.33356],[120.21951,26.33349],[120.2195,26.33347],[120.2194,26.33345],[120.21931,26.33339],[120.21926,26.33341],[120.21917,26.33334],[120.21913,26.33334],[120.21913,26.33337],[120.2194,26.33351],[120.21944,26.33359]]],[[[120.23239,26.34404],[120.23231,26.34421],[120.23232,26.34428],[120.23235,26.34433],[120.23238,26.34433],[120.2324,26.34427],[120.23239,26.34404]]],[[[120.23431,26.34356],[120.23429,26.34326],[120.23422,26.34317],[120.23415,26.34306],[120.23387,26.34283],[120.23359,26.34309],[120.23365,26.34282],[120.23343,26.34288],[120.2332,26.34296],[120.23322,26.34322],[120.233,26.34329],[120.23272,26.34298],[120.23267,26.34252],[120.23256,26.34245],[120.23233,26.34264],[120.23234,26.34249],[120.23212,26.34233],[120.23201,26.34211],[120.23215,26.34182],[120.23193,26.34192],[120.2317,26.3417],[120.23166,26.34155],[120.23186,26.3415],[120.23219,26.34158],[120.23237,26.34114],[120.23213,26.34105],[120.232,26.34089],[120.23186,26.34079],[120.23174,26.34096],[120.23167,26.34103],[120.23156,26.34122],[120.23129,26.34092],[120.23131,26.34061],[120.2311,26.34051],[120.23069,26.34057],[120.23076,26.34029],[120.23094,26.34026],[120.23085,26.34007],[120.23067,26.34017],[120.23046,26.3401],[120.23056,26.34006],[120.23054,26.33989],[120.23055,26.33954],[120.23043,26.33943],[120.23024,26.3391],[120.22995,26.33861],[120.22957,26.33851],[120.22951,26.33854],[120.22969,26.3384],[120.22953,26.33841],[120.22937,26.33855],[120.22919,26.33831],[120.2291,26.33805],[120.22914,26.33762],[120.22882,26.33772],[120.22861,26.33766],[120.22846,26.3376],[120.22832,26.33763],[120.22838,26.33713],[120.22812,26.33713],[120.2277,26.33717],[120.22708,26.33749],[120.22719,26.3373],[120.22711,26.33713],[120.22711,26.3369],[120.227,26.33681],[120.22689,26.33706],[120.22671,26.33687],[120.22651,26.33677],[120.22651,26.337],[120.22641,26.33693],[120.2263,26.33688],[120.22622,26.33673],[120.22639,26.33633],[120.22618,26.33578],[120.22587,26.33535],[120.2261,26.33485],[120.22527,26.33469],[120.22482,26.33465],[120.2248,26.33444],[120.2246,26.33408],[120.22446,26.33405],[120.22437,26.33413],[120.22419,26.33425],[120.22403,26.33456],[120.22398,26.33485],[120.22388,26.3344],[120.2237,26.33429],[120.22363,26.33453],[120.22377,26.33502],[120.22378,26.33524],[120.2237,26.33522],[120.22363,26.33573],[120.22367,26.33578],[120.2237,26.33599],[120.22381,26.33618],[120.22391,26.3363],[120.22402,26.33645],[120.22414,26.33638],[120.2242,26.33667],[120.22427,26.33679],[120.22441,26.33682],[120.22501,26.33702],[120.22519,26.33705],[120.22487,26.33716],[120.22504,26.33722],[120.22506,26.3377],[120.22524,26.33785],[120.22542,26.33817],[120.22544,26.33844],[120.22538,26.33852],[120.22544,26.33874],[120.22545,26.33884],[120.22552,26.33898],[120.22553,26.33915],[120.22553,26.33927],[120.22562,26.33941],[120.22569,26.33943],[120.22565,26.3397],[120.22578,26.33976],[120.22581,26.34012],[120.22597,26.34017],[120.22607,26.34023],[120.22617,26.34037],[120.22626,26.34039],[120.22644,26.34024],[120.22686,26.34],[120.22708,26.33982],[120.22731,26.33975],[120.22737,26.33949],[120.22747,26.33964],[120.22765,26.33982],[120.22786,26.33967],[120.22799,26.33984],[120.22793,26.34007],[120.22801,26.34028],[120.22835,26.34037],[120.22845,26.34057],[120.22861,26.34069],[120.2288,26.34083],[120.22883,26.34091],[120.229,26.34108],[120.2289,26.34147],[120.22902,26.34188],[120.22912,26.34205],[120.22917,26.342],[120.22941,26.34222],[120.22954,26.34232],[120.22962,26.34236],[120.22981,26.34257],[120.22966,26.34262],[120.22978,26.34277],[120.22997,26.34277],[120.22991,26.34281],[120.22985,26.34292],[120.2301,26.34311],[120.23044,26.34327],[120.23068,26.34306],[120.23072,26.34314],[120.23082,26.3435],[120.23118,26.34363],[120.23158,26.34358],[120.23181,26.3434],[120.23197,26.34344],[120.23206,26.34356],[120.23212,26.34372],[120.23216,26.34407],[120.23262,26.34399],[120.23249,26.34438],[120.23256,26.34457],[120.2327,26.34445],[120.23299,26.34472],[120.23328,26.34485],[120.23344,26.34495],[120.23364,26.34478],[120.23368,26.34489],[120.23399,26.3451],[120.23399,26.34541],[120.23408,26.34522],[120.23423,26.345],[120.23458,26.345],[120.2346,26.34485],[120.23481,26.34482],[120.2351,26.34486],[120.23522,26.34476],[120.23531,26.34482],[120.2354,26.34451],[120.23519,26.34442],[120.23546,26.34423],[120.23541,26.34419],[120.23544,26.34403],[120.23527,26.34388],[120.23513,26.3439],[120.23492,26.34376],[120.23472,26.34376],[120.23456,26.34373],[120.23456,26.34365],[120.23451,26.34358],[120.23439,26.34364],[120.23431,26.34356]]],[[[120.00337,26.28043],[120.00342,26.28045],[120.00385,26.28044],[120.00406,26.28054],[120.0043,26.28058],[120.00448,26.28071],[120.00479,26.28076],[120.00496,26.28081],[120.00509,26.28079],[120.00509,26.28073],[120.00505,26.2807],[120.0049,26.28069],[120.00485,26.28051],[120.00472,26.2805],[120.00477,26.2806],[120.00473,26.28065],[120.00449,26.2806],[120.0045,26.28051],[120.00467,26.28047],[120.00468,26.28042],[120.00453,26.28041],[120.00444,26.28045],[120.0044,26.28044],[120.00423,26.28034],[120.00395,26.28028],[120.00373,26.28021],[120.00349,26.28016],[120.00337,26.28016],[120.00332,26.28018],[120.00328,26.28027],[120.00337,26.28043]]],[[[120.00455,26.279],[120.00466,26.279],[120.00482,26.27907],[120.00481,26.27898],[120.00484,26.27886],[120.00474,26.27881],[120.00468,26.27857],[120.00447,26.27843],[120.00431,26.27853],[120.00422,26.27875],[120.00441,26.27886],[120.00455,26.279]]],[[[120.00432,26.2792],[120.0041,26.27927],[120.00414,26.27946],[120.00423,26.27955],[120.00421,26.2797],[120.00443,26.27991],[120.00464,26.27999],[120.00509,26.27995],[120.00512,26.27977],[120.0048,26.2794],[120.00454,26.27925],[120.00442,26.27919],[120.00432,26.2792]]],[[[120.00472,26.28142],[120.00472,26.28157],[120.00481,26.28164],[120.00493,26.28169],[120.00497,26.28174],[120.005,26.28175],[120.00511,26.28171],[120.00513,26.28168],[120.00512,26.28165],[120.00495,26.28154],[120.00493,26.28156],[120.00491,26.28155],[120.00492,26.28152],[120.00486,26.28147],[120.00484,26.28143],[120.00475,26.28141],[120.00472,26.28142]]],[[[120.00482,26.28129],[120.00487,26.28135],[120.00494,26.28139],[120.00498,26.28139],[120.005,26.28136],[120.005,26.28129],[120.00492,26.2812],[120.00487,26.28118],[120.00483,26.28126],[120.00482,26.28129]]],[[[120.00468,26.28139],[120.00463,26.28137],[120.00458,26.28134],[120.00457,26.28117],[120.00444,26.28115],[120.00439,26.28108],[120.00411,26.28089],[120.00406,26.28089],[120.00394,26.28079],[120.0039,26.2808],[120.00379,26.28073],[120.00384,26.28096],[120.0039,26.28095],[120.00389,26.28103],[120.004,26.28112],[120.00417,26.28124],[120.00426,26.28128],[120.00446,26.28144],[120.00453,26.28152],[120.00462,26.28149],[120.00468,26.28139]]],[[[120.00364,26.2809],[120.00356,26.28092],[120.00356,26.28108],[120.00353,26.2811],[120.00357,26.28124],[120.00379,26.28153],[120.00393,26.28161],[120.00416,26.28155],[120.00428,26.28159],[120.00439,26.28158],[120.00436,26.2815],[120.00427,26.28138],[120.00399,26.28124],[120.00383,26.28103],[120.00381,26.28107],[120.00366,26.28099],[120.00366,26.28093],[120.00364,26.2809]]],[[[120.01399,26.29693],[120.01404,26.29686],[120.01402,26.29685],[120.01404,26.29674],[120.01405,26.29667],[120.01378,26.29656],[120.01374,26.29657],[120.01368,26.29656],[120.01366,26.29663],[120.01364,26.29669],[120.01367,26.29675],[120.01372,26.29679],[120.01376,26.29686],[120.01383,26.2969],[120.01392,26.2969],[120.01399,26.29693]]],[[[120.01419,26.2972],[120.01419,26.29711],[120.01405,26.29704],[120.01401,26.29701],[120.01378,26.29698],[120.01378,26.29699],[120.01389,26.29711],[120.01397,26.29714],[120.01398,26.29712],[120.01402,26.29713],[120.01403,26.29715],[120.01407,26.29718],[120.01419,26.2972]]],[[[119.95395,26.19444],[119.95413,26.19446],[119.95429,26.19446],[119.95439,26.19445],[119.95455,26.1944],[119.95463,26.19439],[119.95472,26.19436],[119.95474,26.19434],[119.95474,26.1943],[119.95473,26.19429],[119.95465,26.19426],[119.95468,26.19422],[119.95465,26.19414],[119.95466,26.19411],[119.95461,26.19406],[119.95461,26.19404],[119.95466,26.19395],[119.95467,26.19391],[119.95455,26.19375],[119.95445,26.19363],[119.95419,26.19343],[119.95404,26.19324],[119.95398,26.19305],[119.95397,26.19301],[119.95391,26.19296],[119.95379,26.19289],[119.95377,26.19283],[119.95369,26.19282],[119.95366,26.19281],[119.95364,26.19277],[119.95362,26.19276],[119.95357,26.19277],[119.95354,26.19279],[119.95349,26.19279],[119.95348,26.19278],[119.95347,26.19273],[119.95346,26.19272],[119.95343,26.19271],[119.9534,26.19272],[119.95338,26.1927],[119.95338,26.19268],[119.9533,26.19267],[119.9532,26.19268],[119.95317,26.19262],[119.95316,26.19262],[119.95313,26.19264],[119.9531,26.19269],[119.95306,26.19271],[119.95303,26.19271],[119.95302,26.1927],[119.95297,26.19264],[119.95292,26.19264],[119.95289,26.19265],[119.95284,26.19271],[119.95278,26.19282],[119.95274,26.19283],[119.95258,26.19282],[119.95254,26.19283],[119.95252,26.19285],[119.95253,26.19289],[119.95252,26.1929],[119.95252,26.19295],[119.95251,26.19302],[119.95253,26.19312],[119.95253,26.19324],[119.95253,26.19327],[119.95251,26.19331],[119.95258,26.19349],[119.95258,26.19354],[119.9526,26.19361],[119.95264,26.19366],[119.95266,26.19376],[119.9527,26.19382],[119.95274,26.19388],[119.95274,26.19397],[119.95275,26.194],[119.95275,26.19404],[119.95278,26.19411],[119.95282,26.19417],[119.95289,26.19424],[119.95288,26.19425],[119.95283,26.19425],[119.95279,26.19427],[119.95272,26.19433],[119.95272,26.19436],[119.95273,26.19437],[119.9528,26.19438],[119.95289,26.19438],[119.95297,26.19435],[119.95314,26.19437],[119.95322,26.19436],[119.9533,26.19439],[119.95338,26.19439],[119.95359,26.19437],[119.95362,26.19438],[119.95364,26.1944],[119.95371,26.19442],[119.95388,26.19441],[119.95395,26.19444]]],[[[119.98615,26.18539],[119.98617,26.18545],[119.98624,26.18548],[119.98622,26.1855],[119.98631,26.18552],[119.98636,26.18553],[119.98638,26.18546],[119.9865,26.18549],[119.98652,26.18542],[119.98652,26.18537],[119.98655,26.18534],[119.98654,26.18532],[119.98635,26.18525],[119.98629,26.18516],[119.98626,26.18516],[119.98617,26.18519],[119.98615,26.18521],[119.98615,26.18528],[119.98617,26.18532],[119.98615,26.18539]]],[[[119.98601,26.18631],[119.98598,26.18632],[119.98604,26.1864],[119.98613,26.18642],[119.98623,26.18627],[119.98625,26.1862],[119.98617,26.18621],[119.98601,26.18631]]],[[[119.9859,26.18543],[119.98585,26.18538],[119.98578,26.18535],[119.98572,26.18535],[119.98554,26.1854],[119.9855,26.18543],[119.98548,26.18546],[119.98552,26.18553],[119.98567,26.18567],[119.98567,26.18569],[119.98557,26.18572],[119.98549,26.18569],[119.98544,26.18569],[119.98543,26.18572],[119.98544,26.18577],[119.9855,26.18578],[119.98544,26.18594],[119.98547,26.18599],[119.98553,26.1862],[119.98559,26.18625],[119.98566,26.18629],[119.98575,26.18631],[119.98596,26.18632],[119.986,26.18629],[119.98616,26.18618],[119.98619,26.18611],[119.98622,26.18603],[119.98628,26.18599],[119.98633,26.18585],[119.98632,26.18577],[119.98627,26.18571],[119.98622,26.18559],[119.98621,26.18557],[119.98618,26.18556],[119.98617,26.18553],[119.98599,26.18548],[119.9859,26.18543]]],[[[119.96968,26.1429],[119.96964,26.14289],[119.96961,26.14288],[119.96963,26.14292],[119.96966,26.14294],[119.9697,26.14294],[119.96972,26.14292],[119.96968,26.1429]]],[[[119.96987,26.14332],[119.96985,26.14333],[119.96985,26.14338],[119.96989,26.14338],[119.96989,26.14335],[119.96987,26.14332]]],[[[119.97052,26.14328],[119.97052,26.14331],[119.97059,26.14331],[119.97058,26.14329],[119.97053,26.14327],[119.97052,26.14328]]],[[[119.97041,26.14334],[119.97038,26.14337],[119.97038,26.14341],[119.97037,26.14343],[119.97043,26.14343],[119.97044,26.14348],[119.97047,26.14344],[119.97053,26.14344],[119.97053,26.14341],[119.97051,26.1434],[119.97052,26.14337],[119.97045,26.14335],[119.97041,26.14334]]],[[[119.96974,26.14314],[119.96969,26.14312],[119.96962,26.14312],[119.96962,26.14313],[119.96966,26.14314],[119.96974,26.14314]]],[[[119.96994,26.14291],[119.96988,26.14294],[119.9699,26.14297],[119.9699,26.14301],[119.96993,26.14302],[119.96994,26.14303],[119.96986,26.14307],[119.96986,26.14311],[119.96985,26.14314],[119.96981,26.14313],[119.96982,26.14317],[119.96985,26.14318],[119.96989,26.14324],[119.96997,26.14322],[119.97,26.14322],[119.97004,26.14325],[119.9701,26.14326],[119.97012,26.14323],[119.97015,26.14321],[119.97017,26.14319],[119.97022,26.14319],[119.97025,26.1432],[119.9703,26.14322],[119.9704,26.14324],[119.97038,26.14322],[119.97038,26.14318],[119.97035,26.14315],[119.97029,26.1431],[119.97013,26.14306],[119.97014,26.14304],[119.97031,26.14304],[119.9703,26.14301],[119.97028,26.143],[119.97027,26.14294],[119.97023,26.14292],[119.97021,26.14289],[119.97017,26.14288],[119.97013,26.14284],[119.97008,26.14285],[119.97002,26.14286],[119.96998,26.14285],[119.96999,26.14289],[119.97002,26.14292],[119.96994,26.14291]]],[[[119.97774,26.1146],[119.97774,26.11466],[119.97775,26.1147],[119.97779,26.1147],[119.97785,26.11464],[119.97785,26.11462],[119.97779,26.11458],[119.97774,26.1146]]],[[[119.97776,26.11487],[119.97765,26.11498],[119.97766,26.1151],[119.97763,26.11518],[119.97759,26.11516],[119.97758,26.11518],[119.97761,26.11524],[119.9776,26.11528],[119.97764,26.11532],[119.97773,26.11533],[119.97778,26.11539],[119.97779,26.11538],[119.97776,26.11531],[119.97779,26.11531],[119.9779,26.11524],[119.9779,26.11522],[119.978,26.11517],[119.97806,26.11499],[119.97807,26.11491],[119.97795,26.11492],[119.97805,26.11484],[119.97805,26.11472],[119.97797,26.11476],[119.97792,26.11467],[119.97791,26.11472],[119.97786,26.11472],[119.97782,26.11477],[119.97779,26.11477],[119.97775,26.11482],[119.97776,26.11487]]],[[[119.97957,26.11419],[119.97937,26.11435],[119.97934,26.11434],[119.97928,26.1143],[119.9792,26.11436],[119.97924,26.1144],[119.97922,26.11447],[119.97915,26.11446],[119.97913,26.11447],[119.97914,26.11449],[119.9792,26.11454],[119.97924,26.11463],[119.9793,26.11466],[119.9795,26.1146],[119.97957,26.11462],[119.9796,26.11455],[119.97971,26.11439],[119.97973,26.1143],[119.97968,26.11423],[119.97971,26.11418],[119.97968,26.1141],[119.97965,26.1141],[119.97957,26.11419]]],[[[119.97077,26.09026],[119.97073,26.09033],[119.97079,26.0903],[119.97081,26.09027],[119.97077,26.09026]]],[[[119.97055,26.09031],[119.97056,26.09034],[119.9706,26.09037],[119.97068,26.09033],[119.97064,26.0903],[119.9706,26.09028],[119.97055,26.09031]]],[[[119.97116,26.09028],[119.97112,26.09029],[119.97096,26.09036],[119.9709,26.09041],[119.97074,26.09042],[119.9707,26.09045],[119.97065,26.09044],[119.97063,26.09045],[119.97062,26.09048],[119.97066,26.09053],[119.9708,26.09053],[119.97098,26.09055],[119.97097,26.09057],[119.97092,26.09056],[119.97087,26.09058],[119.97087,26.09061],[119.97099,26.09066],[119.97107,26.09065],[119.9711,26.09062],[119.97109,26.09061],[119.97106,26.0906],[119.97105,26.09055],[119.97108,26.09049],[119.97116,26.0905],[119.97121,26.09047],[119.97122,26.09044],[119.97108,26.09044],[119.97112,26.09038],[119.9712,26.09035],[119.97128,26.09035],[119.9713,26.09034],[119.97121,26.09026],[119.97118,26.09026],[119.97116,26.09028]]],[[[119.97066,26.08983],[119.97062,26.08986],[119.97063,26.08989],[119.97065,26.08989],[119.97075,26.08987],[119.97073,26.08984],[119.97066,26.08983]]],[[[119.96892,26.08406],[119.96901,26.08426],[119.96905,26.0843],[119.9691,26.0843],[119.96926,26.08442],[119.96935,26.08442],[119.96941,26.08437],[119.9694,26.08429],[119.96925,26.08411],[119.969,26.08404],[119.96892,26.08406]]],[[[119.96827,26.08451],[119.96816,26.08448],[119.96826,26.08458],[119.96834,26.08459],[119.96833,26.08457],[119.96828,26.08455],[119.96827,26.08451]]],[[[119.96814,26.08475],[119.96798,26.08471],[119.96801,26.08476],[119.96805,26.08479],[119.96814,26.08476],[119.96814,26.08475]]],[[[119.96796,26.08464],[119.96798,26.08464],[119.96806,26.08468],[119.96823,26.08464],[119.96825,26.08463],[119.96817,26.08461],[119.96811,26.08456],[119.96812,26.08452],[119.96782,26.08446],[119.96781,26.08448],[119.96787,26.08456],[119.96794,26.08454],[119.96797,26.08459],[119.96796,26.08464]]],[[[119.96758,26.0836],[119.96767,26.08373],[119.96771,26.08374],[119.96778,26.08387],[119.96793,26.08392],[119.96784,26.08373],[119.96776,26.08363],[119.96772,26.08362],[119.96765,26.08358],[119.96761,26.08358],[119.96758,26.0836]]],[[[119.96813,26.08383],[119.96808,26.08384],[119.96803,26.08398],[119.96805,26.08402],[119.96809,26.08405],[119.96813,26.08405],[119.96819,26.08401],[119.96818,26.08393],[119.96813,26.08394],[119.96821,26.08388],[119.9682,26.08386],[119.96813,26.08389],[119.96814,26.08387],[119.96813,26.08383]]],[[[119.96689,26.08566],[119.9669,26.08575],[119.96695,26.08577],[119.967,26.08576],[119.96703,26.08578],[119.96707,26.08578],[119.96709,26.08576],[119.96706,26.08567],[119.96703,26.08568],[119.96699,26.08565],[119.96689,26.08566]]],[[[119.96671,26.08568],[119.96659,26.08553],[119.96654,26.08555],[119.96652,26.08558],[119.96653,26.08561],[119.96656,26.08565],[119.96663,26.08569],[119.96669,26.08571],[119.96671,26.08568]]],[[[119.96679,26.08542],[119.96682,26.08541],[119.96684,26.08537],[119.96683,26.08536],[119.96673,26.08535],[119.9667,26.08537],[119.96666,26.08543],[119.96667,26.08545],[119.96677,26.08546],[119.96679,26.08542]]],[[[119.96681,26.0856],[119.9668,26.08552],[119.96677,26.0855],[119.96667,26.08549],[119.96664,26.08551],[119.96668,26.08561],[119.96677,26.08563],[119.9668,26.08562],[119.96681,26.0856]]],[[[119.96738,26.0835],[119.96732,26.0835],[119.96722,26.08354],[119.96715,26.08354],[119.96704,26.08364],[119.96704,26.0837],[119.96722,26.08388],[119.96703,26.08417],[119.96697,26.08439],[119.96698,26.08447],[119.96724,26.08454],[119.9673,26.08448],[119.96731,26.0845],[119.96726,26.08457],[119.96731,26.08456],[119.96735,26.08461],[119.96748,26.08466],[119.9675,26.08462],[119.96749,26.08453],[119.96756,26.0846],[119.96759,26.08471],[119.9678,26.08473],[119.96787,26.08476],[119.96789,26.08473],[119.96789,26.08468],[119.96772,26.08451],[119.96774,26.08449],[119.96782,26.08445],[119.96793,26.08443],[119.96806,26.08447],[119.9682,26.08438],[119.9682,26.08445],[119.96826,26.08442],[119.96834,26.08443],[119.96835,26.08441],[119.96831,26.08434],[119.96824,26.0843],[119.96826,26.08423],[119.96797,26.08408],[119.9679,26.08401],[119.96771,26.08392],[119.96762,26.08372],[119.96755,26.08366],[119.96746,26.08353],[119.96738,26.0835]]],[[[119.96739,26.08471],[119.9673,26.08468],[119.96726,26.08465],[119.96725,26.08467],[119.96729,26.08472],[119.96734,26.08473],[119.96739,26.08473],[119.96739,26.08471]]],[[[120.48847,26.3878],[120.48844,26.38782],[120.48844,26.38789],[120.48855,26.38796],[120.48858,26.38797],[120.48859,26.38802],[120.48861,26.38802],[120.48862,26.388],[120.48864,26.38797],[120.4886,26.38787],[120.48858,26.38789],[120.48857,26.38788],[120.48859,26.38786],[120.48854,26.38782],[120.48847,26.3878]]],[[[120.40826,26.15614],[120.40833,26.156],[120.4088,26.15603],[120.40888,26.15578],[120.40901,26.15558],[120.40943,26.15574],[120.4101,26.15584],[120.41038,26.15577],[120.41051,26.15546],[120.41039,26.1554],[120.4105,26.15513],[120.41045,26.15506],[120.41032,26.15505],[120.41019,26.15475],[120.41131,26.15462],[120.41127,26.15486],[120.41131,26.15505],[120.41188,26.1548],[120.41186,26.15465],[120.41169,26.15426],[120.41154,26.15416],[120.41153,26.15409],[120.41159,26.15404],[120.41159,26.15385],[120.41154,26.15383],[120.41122,26.15395],[120.41067,26.15439],[120.41057,26.15444],[120.41048,26.15431],[120.4103,26.1543],[120.41007,26.15437],[120.41003,26.15427],[120.40984,26.15422],[120.40948,26.15435],[120.40929,26.15444],[120.40918,26.15457],[120.40902,26.15465],[120.40883,26.15463],[120.40852,26.15482],[120.40846,26.15504],[120.40836,26.15515],[120.40835,26.15528],[120.40822,26.15538],[120.40817,26.1555],[120.4078,26.15586],[120.40777,26.15596],[120.40799,26.15617],[120.40823,26.15646],[120.40828,26.15686],[120.40834,26.15693],[120.40832,26.15713],[120.40843,26.15713],[120.4085,26.15704],[120.40868,26.15684],[120.40866,26.15666],[120.40849,26.15654],[120.40846,26.15641],[120.40831,26.1563],[120.40826,26.15614]]],[[[120.20812,26.24666],[120.20811,26.24669],[120.20809,26.24674],[120.20809,26.24682],[120.20813,26.24684],[120.20817,26.24681],[120.20816,26.24675],[120.20814,26.24667],[120.20812,26.24666]]],[[[120.2081,26.24685],[120.20806,26.24686],[120.20798,26.24697],[120.20796,26.2471],[120.20792,26.2472],[120.20794,26.24733],[120.20795,26.24737],[120.20807,26.24749],[120.2081,26.24753],[120.20812,26.24755],[120.20822,26.24758],[120.20824,26.24756],[120.20817,26.24743],[120.20816,26.24741],[120.20817,26.24737],[120.20818,26.24736],[120.20832,26.24742],[120.20834,26.24741],[120.20835,26.24738],[120.2083,26.24728],[120.20826,26.24726],[120.20821,26.24727],[120.2082,26.24725],[120.2082,26.24722],[120.20824,26.24711],[120.20824,26.24698],[120.20817,26.24687],[120.20815,26.24685],[120.2081,26.24685]]],[[[120.06682,26.23649],[120.06684,26.23655],[120.0669,26.23662],[120.06691,26.23666],[120.06696,26.23668],[120.067,26.23667],[120.06712,26.2367],[120.06723,26.2367],[120.06725,26.2367],[120.06745,26.23677],[120.06779,26.23694],[120.06785,26.23691],[120.06786,26.2369],[120.06796,26.23692],[120.06796,26.23689],[120.0679,26.23684],[120.06792,26.23678],[120.06781,26.23668],[120.06778,26.23668],[120.06773,26.23663],[120.06763,26.23659],[120.0676,26.2366],[120.06758,26.23653],[120.06758,26.23637],[120.06756,26.23633],[120.06741,26.23625],[120.06722,26.23618],[120.06704,26.23615],[120.06696,26.23621],[120.06691,26.23629],[120.06691,26.23624],[120.06691,26.23617],[120.0669,26.23605],[120.06689,26.23601],[120.06685,26.23595],[120.06671,26.23592],[120.06674,26.2359],[120.06673,26.23589],[120.06668,26.23586],[120.06666,26.23588],[120.06649,26.23581],[120.06649,26.23575],[120.06648,26.23576],[120.06648,26.23573],[120.0665,26.23572],[120.06652,26.23567],[120.06644,26.23572],[120.06642,26.23576],[120.06637,26.23578],[120.06636,26.23578],[120.06637,26.23574],[120.06643,26.23571],[120.06643,26.23566],[120.06641,26.23566],[120.06635,26.23559],[120.06635,26.23556],[120.06629,26.23554],[120.06623,26.23557],[120.0662,26.23555],[120.06622,26.23552],[120.06622,26.2355],[120.06618,26.23549],[120.06618,26.23552],[120.06617,26.23553],[120.06613,26.23555],[120.06612,26.23566],[120.06609,26.23569],[120.06609,26.23571],[120.06616,26.23572],[120.06617,26.23574],[120.06608,26.23574],[120.06605,26.23576],[120.06603,26.23581],[120.06602,26.23588],[120.06602,26.23591],[120.06606,26.23592],[120.06607,26.23601],[120.0661,26.23604],[120.06612,26.23604],[120.06614,26.23605],[120.06613,26.23614],[120.06614,26.23621],[120.06615,26.23624],[120.06618,26.23629],[120.06621,26.23636],[120.06623,26.23643],[120.0663,26.23648],[120.06638,26.23649],[120.06644,26.23652],[120.06646,26.23654],[120.06648,26.23655],[120.06652,26.23654],[120.06655,26.23655],[120.06656,26.23657],[120.0666,26.23656],[120.06661,26.23654],[120.06666,26.23652],[120.06673,26.23652],[120.06678,26.23651],[120.06682,26.23649]]],[[[120.06694,26.23577],[120.06709,26.23582],[120.0671,26.23582],[120.06707,26.23572],[120.06704,26.2357],[120.06706,26.23566],[120.06706,26.23564],[120.06701,26.23561],[120.06699,26.23558],[120.067,26.23554],[120.06698,26.23553],[120.06703,26.23547],[120.06694,26.23543],[120.0669,26.23539],[120.06689,26.2354],[120.06688,26.2354],[120.06687,26.23544],[120.06682,26.23543],[120.0668,26.23539],[120.06683,26.23539],[120.06686,26.23535],[120.06682,26.23528],[120.06675,26.23524],[120.06668,26.23521],[120.06666,26.23521],[120.06664,26.23524],[120.06661,26.23525],[120.06658,26.23532],[120.06657,26.23539],[120.06659,26.23541],[120.06663,26.23545],[120.06661,26.23548],[120.06663,26.23552],[120.06665,26.23551],[120.06665,26.23557],[120.06669,26.23558],[120.06673,26.23565],[120.0668,26.23569],[120.06687,26.23572],[120.06694,26.23577]]],[[[120.06738,26.23597],[120.06745,26.23599],[120.06748,26.23595],[120.06746,26.23586],[120.06744,26.23586],[120.06748,26.23584],[120.06741,26.23576],[120.06736,26.23573],[120.06719,26.23568],[120.06716,26.23569],[120.06715,26.23571],[120.06717,26.23578],[120.06714,26.23579],[120.06714,26.23582],[120.06718,26.23588],[120.06734,26.23593],[120.06736,26.23594],[120.06738,26.23597]]],[[[120.06752,26.23602],[120.06755,26.23604],[120.06767,26.23607],[120.06769,26.23607],[120.06769,26.23605],[120.06758,26.23597],[120.06757,26.23587],[120.06755,26.23593],[120.06752,26.23602]]],[[[120.06652,26.23552],[120.06658,26.23553],[120.06652,26.23546],[120.0665,26.23549],[120.06652,26.23552]]],[[[120.06664,26.23581],[120.06671,26.23582],[120.06672,26.2358],[120.06669,26.23576],[120.06656,26.23577],[120.06664,26.23581]]],[[[120.06596,26.23609],[120.066,26.23614],[120.06604,26.23614],[120.06605,26.23613],[120.06602,26.23608],[120.06597,26.23606],[120.06596,26.23609]]],[[[120.06589,26.23559],[120.06592,26.23562],[120.06595,26.23562],[120.06596,26.2356],[120.06598,26.23551],[120.06596,26.23549],[120.06593,26.2355],[120.06592,26.23552],[120.06592,26.23554],[120.0659,26.23557],[120.06589,26.23559]]],[[[120.0678,26.23236],[120.0679,26.23248],[120.06798,26.23249],[120.068,26.23251],[120.06797,26.23256],[120.06801,26.23262],[120.06809,26.23266],[120.06816,26.23271],[120.06819,26.23268],[120.06828,26.23269],[120.06829,26.23273],[120.06835,26.23274],[120.06838,26.23272],[120.06839,26.23274],[120.06854,26.23276],[120.06859,26.23268],[120.06865,26.23257],[120.06862,26.23255],[120.06861,26.2325],[120.06862,26.23245],[120.06862,26.23243],[120.06845,26.23236],[120.06839,26.23232],[120.06845,26.23222],[120.06842,26.23215],[120.06821,26.23202],[120.06804,26.23198],[120.06796,26.23198],[120.06788,26.23201],[120.06784,26.23205],[120.06784,26.23208],[120.06777,26.23209],[120.06772,26.23215],[120.06776,26.23217],[120.06774,26.23228],[120.06777,26.2323],[120.06776,26.23233],[120.0678,26.23236]]],[[[120.05412,26.22507],[120.05422,26.22509],[120.05424,26.22506],[120.05421,26.225],[120.0542,26.22498],[120.05422,26.22495],[120.05422,26.22487],[120.05421,26.22484],[120.05416,26.22476],[120.05412,26.22467],[120.05403,26.22457],[120.05404,26.22452],[120.05399,26.22446],[120.05382,26.22437],[120.05371,26.22433],[120.05375,26.2243],[120.05374,26.22422],[120.05355,26.2241],[120.05337,26.22395],[120.0533,26.22393],[120.05323,26.22388],[120.05319,26.22389],[120.05315,26.22393],[120.05316,26.22395],[120.05312,26.22401],[120.05311,26.2241],[120.05313,26.22418],[120.0531,26.22426],[120.05312,26.2243],[120.05317,26.22438],[120.05315,26.22439],[120.05328,26.22448],[120.05344,26.22455],[120.05342,26.2246],[120.05353,26.22466],[120.05354,26.22469],[120.05351,26.22474],[120.05356,26.22478],[120.05377,26.22483],[120.05396,26.22498],[120.05412,26.22507]]],[[[119.9774,26.19873],[119.9772,26.19818],[119.97745,26.19736],[119.97821,26.19709],[119.97887,26.19645],[119.97898,26.19507],[119.97862,26.19374],[119.97956,26.19364],[119.97989,26.19353],[119.98023,26.19337],[119.9811,26.19345],[119.98139,26.19238],[119.98097,26.19197],[119.9806,26.19169],[119.98012,26.19123],[119.97974,26.19088],[119.97929,26.19106],[119.97847,26.19224],[119.97782,26.19348],[119.97722,26.19362],[119.97581,26.19369],[119.97455,26.19346],[119.97311,26.19274],[119.9718,26.19316],[119.9721,26.19405],[119.97178,26.19518],[119.97219,26.19645],[119.97202,26.19717],[119.97131,26.19944],[119.97366,26.20292],[119.9729,26.20579],[119.97438,26.20884],[119.97586,26.21223],[119.97464,26.21332],[119.9741,26.21415],[119.97433,26.21585],[119.97457,26.2171],[119.97328,26.21778],[119.97286,26.2185],[119.97278,26.21935],[119.97327,26.21988],[119.97396,26.21944],[119.97489,26.21942],[119.97528,26.21981],[119.97594,26.21947],[119.97744,26.21987],[119.97886,26.2211],[119.98016,26.22185],[119.981,26.22232],[119.98222,26.22279],[119.98341,26.22409],[119.98547,26.22455],[119.98678,26.22362],[119.99018,26.22505],[119.99114,26.22656],[119.992,26.22738],[119.99263,26.22794],[119.99348,26.22865],[119.9944,26.22982],[119.99586,26.23048],[119.99706,26.23172],[119.99826,26.2333],[119.9985,26.2346],[119.9993,26.23567],[120.00059,26.2364],[120.00103,26.23686],[120.00197,26.23678],[120.00366,26.23665],[120.00523,26.23672],[120.00579,26.23588],[120.0059,26.23491],[120.00661,26.2344],[120.0067,26.23389],[120.00688,26.23335],[120.00687,26.23255],[120.00776,26.23243],[120.00841,26.23269],[120.00893,26.23289],[120.00949,26.2331],[120.00981,26.23295],[120.01023,26.23321],[120.01081,26.23328],[120.01162,26.23283],[120.01162,26.23239],[120.01132,26.23161],[120.01109,26.2311],[120.01083,26.23069],[120.01086,26.23033],[120.01112,26.22983],[120.01091,26.22946],[120.01084,26.22911],[120.01211,26.22654],[120.01064,26.22391],[120.01213,26.22545],[120.01436,26.22656],[120.01722,26.22691],[120.01826,26.22664],[120.01948,26.22704],[120.02003,26.2266],[120.02047,26.22669],[120.02075,26.22626],[120.02037,26.22568],[120.02075,26.22556],[120.02015,26.22453],[120.01945,26.22408],[120.01888,26.22347],[120.01879,26.22293],[120.01918,26.2224],[120.0202,26.22261],[120.01946,26.2217],[120.01883,26.22127],[120.01813,26.22105],[120.01778,26.22102],[120.0178,26.22083],[120.01745,26.22059],[120.0177,26.22034],[120.01721,26.22044],[120.01675,26.21992],[120.01613,26.21979],[120.01586,26.21948],[120.01564,26.21906],[120.01551,26.21852],[120.01522,26.21815],[120.01552,26.21752],[120.01596,26.21696],[120.01684,26.21688],[120.01709,26.21591],[120.01697,26.21508],[120.01655,26.21454],[120.01706,26.2144],[120.0173,26.21369],[120.01676,26.21302],[120.0152,26.21373],[120.01501,26.21389],[120.01508,26.21452],[120.01475,26.215],[120.01469,26.21561],[120.01476,26.21666],[120.01445,26.21734],[120.01413,26.21767],[120.01376,26.21775],[120.01307,26.21806],[120.01267,26.21884],[120.01256,26.21939],[120.01257,26.22028],[120.01136,26.22115],[120.00552,26.21931],[120.00552,26.22077],[120.00523,26.22094],[120.00506,26.22099],[120.00448,26.22109],[120.00347,26.22094],[120.00327,26.22039],[120.00338,26.21984],[120.00346,26.21909],[120.00332,26.21878],[120.00317,26.21822],[120.00297,26.21766],[120.00236,26.21691],[120.0015,26.21679],[120.00044,26.21691],[119.99993,26.21654],[119.99893,26.21733],[119.99787,26.21649],[119.99721,26.21566],[119.99682,26.21428],[119.99587,26.21315],[119.99506,26.21338],[119.99485,26.2147],[119.99248,26.21718],[119.98878,26.21666],[119.98864,26.21656],[119.98768,26.21612],[119.9869,26.21552],[119.98498,26.21479],[119.98423,26.21454],[119.98355,26.21413],[119.98298,26.21362],[119.97799,26.20914],[119.97808,26.20795],[119.97734,26.20669],[119.97814,26.20483],[119.97818,26.20138],[119.97823,26.19853],[119.9774,26.19873]]],[[[119.93492,25.96964],[119.93475,25.96941],[119.93414,25.96957],[119.93393,25.97003],[119.93401,25.97064],[119.93385,25.97108],[119.9334,25.97157],[119.93311,25.97212],[119.93288,25.97239],[119.93254,25.97274],[119.932,25.9731],[119.9318,25.97367],[119.93147,25.97416],[119.93098,25.97459],[119.93067,25.97512],[119.93046,25.97557],[119.93022,25.9761],[119.92969,25.97645],[119.92904,25.97629],[119.92852,25.97628],[119.92874,25.97649],[119.92922,25.97694],[119.92916,25.97734],[119.92925,25.97793],[119.92934,25.97823],[119.92964,25.97866],[119.92984,25.97905],[119.92991,25.97917],[119.93037,25.97942],[119.93047,25.97968],[119.9306,25.97974],[119.9308,25.97985],[119.93109,25.97995],[119.93144,25.98012],[119.93209,25.9802],[119.93237,25.98006],[119.93252,25.97996],[119.93275,25.98001],[119.93289,25.97998],[119.93308,25.98002],[119.93345,25.97996],[119.93371,25.9799],[119.93391,25.98004],[119.93401,25.98022],[119.93427,25.98026],[119.9344,25.98011],[119.93485,25.98015],[119.93487,25.97999],[119.93513,25.98014],[119.93534,25.98004],[119.93565,25.98017],[119.93614,25.98029],[119.93668,25.98037],[119.93726,25.98009],[119.93748,25.97989],[119.9377,25.9798],[119.93771,25.9796],[119.93799,25.97936],[119.93859,25.97915],[119.93918,25.9793],[119.93969,25.97941],[119.94018,25.97968],[119.9406,25.97987],[119.94101,25.97999],[119.94156,25.98018],[119.94201,25.98034],[119.94239,25.98038],[119.94282,25.98046],[119.94328,25.9803],[119.94331,25.98001],[119.94378,25.98001],[119.94432,25.9799],[119.94459,25.98004],[119.94484,25.98019],[119.94497,25.98013],[119.94519,25.98036],[119.94538,25.98068],[119.94568,25.98071],[119.94553,25.98052],[119.9458,25.98048],[119.94602,25.9806],[119.94624,25.98036],[119.94642,25.98061],[119.94659,25.98057],[119.94679,25.9806],[119.94694,25.98068],[119.94696,25.98049],[119.9472,25.98049],[119.94776,25.98056],[119.94804,25.98075],[119.94802,25.98102],[119.94832,25.98112],[119.9485,25.98112],[119.94884,25.98103],[119.94917,25.98112],[119.9493,25.98138],[119.94957,25.98143],[119.94987,25.98126],[119.95003,25.98103],[119.94992,25.98094],[119.95004,25.98091],[119.94998,25.98069],[119.94997,25.98051],[119.95027,25.98032],[119.95077,25.98015],[119.9512,25.98004],[119.95173,25.98007],[119.95217,25.98004],[119.95235,25.97991],[119.9524,25.98022],[119.95263,25.98024],[119.95287,25.98035],[119.95339,25.98043],[119.9534,25.98028],[119.95303,25.98005],[119.95332,25.97983],[119.95358,25.97976],[119.95376,25.97977],[119.95379,25.97961],[119.95392,25.97953],[119.9538,25.97941],[119.95352,25.97919],[119.95364,25.97876],[119.95374,25.97841],[119.95399,25.97788],[119.95392,25.97756],[119.95384,25.9772],[119.95349,25.97715],[119.95318,25.97693],[119.95313,25.97685],[119.95296,25.97672],[119.95292,25.97662],[119.95286,25.97659],[119.95266,25.97661],[119.9526,25.97656],[119.95217,25.97648],[119.95233,25.97624],[119.9522,25.97598],[119.95208,25.976],[119.95198,25.97561],[119.95205,25.97545],[119.95207,25.97531],[119.95182,25.9754],[119.95167,25.97532],[119.95128,25.97489],[119.95091,25.97455],[119.9508,25.97416],[119.95037,25.97372],[119.94992,25.97332],[119.94938,25.97298],[119.94896,25.97252],[119.94856,25.97221],[119.94808,25.97184],[119.9476,25.97147],[119.94714,25.97141],[119.94685,25.97151],[119.9462,25.97175],[119.94559,25.97205],[119.94532,25.97198],[119.94475,25.972],[119.94413,25.9718],[119.94361,25.9714],[119.94323,25.97092],[119.94314,25.97039],[119.94355,25.97015],[119.94372,25.96956],[119.94352,25.96911],[119.9429,25.96884],[119.94237,25.96849],[119.94184,25.96815],[119.94139,25.9677],[119.94116,25.9674],[119.94105,25.96724],[119.94097,25.96706],[119.94081,25.96705],[119.94064,25.96683],[119.94068,25.96668],[119.94038,25.96637],[119.94029,25.96647],[119.93999,25.96637],[119.93976,25.9662],[119.9395,25.96611],[119.93854,25.96647],[119.93778,25.96897],[119.93708,25.9699],[119.93649,25.97012],[119.93585,25.97019],[119.93529,25.96999],[119.93492,25.96964]]]]}},{"properties":{"COUNTYSN":"10008001","COUNTYNAME":"南投縣","name":"南投縣"},"type":"Feature","geometry":{"type":"Polygon","coordinates":[[[121.23767,24.2202],[121.25412,24.24309],[121.27046,24.23707],[121.28301,24.23139],[121.29633,24.23347],[121.31516,24.23514],[121.3433,24.22202],[121.3445,24.20038],[121.32179,24.19154],[121.29311,24.17725],[121.28057,24.15806],[121.28148,24.13597],[121.31468,24.11768],[121.32582,24.10424],[121.32078,24.08233],[121.30242,24.06655],[121.28633,24.05782],[121.28338,24.03613],[121.27048,24.01026],[121.26128,23.98537],[121.27668,23.96407],[121.27205,23.93841],[121.27536,23.9173],[121.26122,23.9021],[121.2676,23.88602],[121.25798,23.87231],[121.24958,23.85472],[121.23805,23.83048],[121.23314,23.81106],[121.22635,23.79333],[121.21526,23.77804],[121.20785,23.76425],[121.22436,23.75229],[121.22879,23.74086],[121.23632,23.72427],[121.24066,23.69879],[121.23477,23.67366],[121.22923,23.64668],[121.21696,23.61199],[121.20182,23.59677],[121.18336,23.5931],[121.17032,23.58592],[121.15236,23.58402],[121.15871,23.5652],[121.14769,23.55291],[121.15073,23.52654],[121.1287,23.5185],[121.10296,23.51922],[121.08355,23.51455],[121.06622,23.50638],[121.05398,23.4893],[121.0416,23.47656],[121.05072,23.46503],[121.05243,23.45192],[121.02896,23.44169],[121.01028,23.44347],[121.01038,23.45957],[120.97932,23.46929],[120.94812,23.46715],[120.92065,23.47496],[120.8914,23.47574],[120.86807,23.47087],[120.83258,23.47485],[120.82285,23.49955],[120.81535,23.52748],[120.81215,23.55131],[120.82171,23.57041],[120.82511,23.58668],[120.80953,23.59865],[120.77737,23.60258],[120.75002,23.61342],[120.7282,23.61976],[120.7142,23.62238],[120.69206,23.62012],[120.66911,23.60918],[120.65221,23.61943],[120.64742,23.63069],[120.63523,23.61995],[120.63017,23.63259],[120.63522,23.64408],[120.63687,23.65543],[120.64022,23.66329],[120.64548,23.67185],[120.64671,23.68421],[120.64537,23.69592],[120.6419,23.70566],[120.63965,23.71193],[120.64094,23.72053],[120.64091,23.73052],[120.64943,23.73593],[120.64881,23.77231],[120.66006,23.79135],[120.68363,23.80424],[120.67776,23.8173],[120.66633,23.81641],[120.65583,23.81293],[120.64173,23.81987],[120.63875,23.82268],[120.63878,23.82528],[120.63601,23.82845],[120.63489,23.83136],[120.6305,23.83155],[120.62392,23.8313],[120.63051,23.83461],[120.62568,23.83687],[120.62646,23.84089],[120.62169,23.83955],[120.6168,23.838],[120.61979,23.84259],[120.62127,23.84553],[120.62049,23.84924],[120.62485,23.85112],[120.62633,23.85623],[120.62422,23.85916],[120.62305,23.86237],[120.62059,23.86792],[120.62376,23.87126],[120.62626,23.87992],[120.62768,23.8893],[120.63214,23.89221],[120.63426,23.89702],[120.63429,23.90151],[120.6323,23.90469],[120.63105,23.90837],[120.63075,23.91099],[120.6346,23.91312],[120.63504,23.91798],[120.63572,23.9211],[120.63518,23.92646],[120.62975,23.92955],[120.63487,23.93709],[120.63135,23.94232],[120.6326,23.94606],[120.63314,23.95271],[120.62691,23.95562],[120.63937,23.95513],[120.6468,23.97189],[120.6361,23.99783],[120.64667,24.00897],[120.67265,24.00585],[120.68555,24.01072],[120.75001,24.00198],[120.75955,24.0064],[120.77142,24.01297],[120.78161,24.02229],[120.78712,24.02971],[120.79241,24.03611],[120.80077,24.04913],[120.806,24.06011],[120.81408,24.06945],[120.82944,24.07263],[120.82817,24.09304],[120.83392,24.10635],[120.84106,24.12017],[120.85641,24.1215],[120.86779,24.11653],[120.87905,24.10937],[120.87903,24.09685],[120.88204,24.0883],[120.89235,24.10388],[120.89498,24.11653],[120.9134,24.109],[120.93621,24.11599],[120.95813,24.1233],[120.97954,24.11838],[120.99575,24.12648],[121.00656,24.14051],[121.01336,24.15452],[121.02998,24.15574],[121.04265,24.15943],[121.05912,24.16284],[121.07172,24.1704],[121.09034,24.18277],[121.10252,24.19682],[121.12629,24.19742],[121.14399,24.2077],[121.16156,24.21685],[121.17747,24.21637],[121.19362,24.22113],[121.2181,24.2289],[121.23059,24.22501],[121.23767,24.2202]]]}},{"properties":{"COUNTYSN":"10016001","COUNTYNAME":"澎湖縣","name":"澎湖縣"},"type":"Feature","geometry":{"type":"MultiPolygon","coordinates":[[[[119.41607,23.19322],[119.41602,23.19323],[119.41601,23.19328],[119.416,23.19335],[119.416,23.19344],[119.41602,23.19358],[119.41604,23.19368],[119.41604,23.19374],[119.41606,23.19377],[119.41611,23.19377],[119.41616,23.19375],[119.41616,23.19371],[119.41613,23.19368],[119.41612,23.19363],[119.41613,23.19352],[119.41616,23.19345],[119.41621,23.19342],[119.41621,23.19337],[119.4162,23.19326],[119.41616,23.19322],[119.41607,23.19322]]],[[[119.42007,23.20394],[119.41958,23.20437],[119.41924,23.20496],[119.41877,23.20518],[119.4175,23.20595],[119.41684,23.20602],[119.41621,23.20648],[119.41665,23.20684],[119.41665,23.20723],[119.41606,23.20732],[119.41565,23.20799],[119.41561,23.20874],[119.41575,23.20908],[119.4146,23.2089],[119.41429,23.20979],[119.41314,23.21052],[119.41211,23.21098],[119.41253,23.21118],[119.41185,23.21184],[119.41118,23.21196],[119.41063,23.2128],[119.41009,23.21388],[119.41044,23.21419],[119.40977,23.21527],[119.40964,23.21634],[119.41017,23.21628],[119.4106,23.21649],[119.41156,23.21603],[119.41235,23.2146],[119.41297,23.21456],[119.41356,23.21551],[119.41416,23.21607],[119.41518,23.2165],[119.41473,23.21674],[119.4151,23.21732],[119.41675,23.21747],[119.41761,23.21775],[119.41856,23.21759],[119.42007,23.21761],[119.42066,23.21768],[119.42132,23.21823],[119.42213,23.21848],[119.42242,23.21886],[119.42272,23.21869],[119.42357,23.21893],[119.42498,23.21911],[119.42625,23.21919],[119.42767,23.21967],[119.42944,23.21994],[119.43221,23.22044],[119.43386,23.22048],[119.43553,23.2206],[119.4365,23.22068],[119.43745,23.22086],[119.43828,23.221],[119.4401,23.22138],[119.44116,23.22128],[119.44264,23.22112],[119.4439,23.2209],[119.44526,23.22067],[119.4464,23.22067],[119.44721,23.22038],[119.44791,23.21984],[119.44752,23.21887],[119.44668,23.21729],[119.44555,23.21621],[119.44454,23.21545],[119.44373,23.21421],[119.44339,23.21295],[119.44364,23.21255],[119.44352,23.21211],[119.44338,23.21152],[119.44362,23.21066],[119.44351,23.21038],[119.44324,23.20985],[119.44296,23.20886],[119.44386,23.2084],[119.4441,23.20763],[119.44365,23.20799],[119.44291,23.2081],[119.44223,23.2071],[119.44229,23.20665],[119.44219,23.20638],[119.44262,23.20617],[119.44214,23.20616],[119.44212,23.20592],[119.44235,23.20567],[119.44267,23.20537],[119.44313,23.20523],[119.44341,23.20456],[119.44309,23.20438],[119.44296,23.2045],[119.44307,23.20401],[119.44302,23.20322],[119.44301,23.2024],[119.44294,23.20205],[119.44298,23.20169],[119.44294,23.20066],[119.44277,23.20033],[119.44211,23.20065],[119.44153,23.20089],[119.44086,23.20119],[119.44034,23.20138],[119.44013,23.20128],[119.43982,23.20132],[119.43977,23.20108],[119.4399,23.20087],[119.43925,23.20127],[119.43892,23.20156],[119.4386,23.20108],[119.43835,23.20119],[119.43824,23.20145],[119.43818,23.20149],[119.43797,23.20157],[119.43774,23.20128],[119.43722,23.20138],[119.43681,23.20157],[119.43644,23.20196],[119.43578,23.20178],[119.4356,23.20149],[119.43541,23.20128],[119.43547,23.20094],[119.43549,23.20071],[119.43495,23.20057],[119.43444,23.19984],[119.43386,23.19944],[119.43346,23.19927],[119.43308,23.19925],[119.43247,23.19954],[119.43221,23.19915],[119.43266,23.19883],[119.43295,23.19826],[119.43274,23.19775],[119.43195,23.19733],[119.43116,23.19727],[119.43064,23.19703],[119.42973,23.19653],[119.4294,23.19564],[119.42966,23.19482],[119.42931,23.19451],[119.42935,23.19313],[119.43005,23.19246],[119.43125,23.19235],[119.43077,23.19146],[119.43119,23.19112],[119.43153,23.19113],[119.4314,23.19025],[119.43176,23.18994],[119.43142,23.18951],[119.43131,23.18921],[119.43125,23.18881],[119.43106,23.18857],[119.43114,23.18818],[119.43079,23.18787],[119.43061,23.18752],[119.43062,23.18694],[119.43046,23.18663],[119.43006,23.18659],[119.42962,23.18693],[119.42921,23.18725],[119.42922,23.1883],[119.42704,23.18996],[119.42552,23.19054],[119.42445,23.19115],[119.42371,23.19165],[119.42315,23.19178],[119.42283,23.19141],[119.42238,23.19064],[119.42186,23.19113],[119.42158,23.1915],[119.42201,23.19228],[119.42191,23.19281],[119.42171,23.19401],[119.42071,23.19502],[119.42081,23.19531],[119.42183,23.19439],[119.42175,23.19577],[119.42032,23.19599],[119.41955,23.19617],[119.41879,23.19598],[119.41928,23.19568],[119.41919,23.19479],[119.41847,23.19548],[119.41914,23.19725],[119.42009,23.19771],[119.42074,23.19916],[119.42053,23.20044],[119.42014,23.20098],[119.42083,23.20202],[119.42064,23.20246],[119.42044,23.20349],[119.42007,23.20394]]],[[[119.59922,23.79349],[119.59914,23.79355],[119.59907,23.79362],[119.59918,23.79375],[119.59937,23.79387],[119.59942,23.79398],[119.59935,23.79408],[119.59932,23.79418],[119.59925,23.79422],[119.59917,23.7942],[119.59919,23.7941],[119.59919,23.79405],[119.59908,23.79408],[119.59902,23.79418],[119.59908,23.79424],[119.59907,23.79429],[119.59895,23.79427],[119.59888,23.79438],[119.59872,23.79448],[119.59872,23.7946],[119.59894,23.79472],[119.5991,23.79486],[119.59912,23.79496],[119.5993,23.79503],[119.59924,23.79517],[119.59914,23.79516],[119.5989,23.79518],[119.59883,23.79523],[119.59885,23.79532],[119.59878,23.79535],[119.59869,23.79527],[119.59859,23.79534],[119.59859,23.79547],[119.59848,23.79544],[119.59835,23.79541],[119.59821,23.79534],[119.59807,23.79547],[119.59797,23.79552],[119.59793,23.79561],[119.59803,23.79572],[119.598,23.79577],[119.59786,23.79572],[119.59775,23.79575],[119.59763,23.79588],[119.59759,23.79604],[119.59754,23.79616],[119.59761,23.7963],[119.59754,23.79635],[119.59745,23.7964],[119.59738,23.79645],[119.59746,23.79654],[119.59745,23.79658],[119.59729,23.79653],[119.59721,23.79647],[119.59709,23.79651],[119.59694,23.79658],[119.5969,23.79672],[119.59681,23.79669],[119.59672,23.79678],[119.59674,23.79689],[119.59668,23.79698],[119.59667,23.79708],[119.59666,23.79724],[119.5965,23.79717],[119.59641,23.79709],[119.59638,23.79687],[119.59651,23.7968],[119.59666,23.79671],[119.59672,23.79654],[119.5966,23.79642],[119.59674,23.79636],[119.59683,23.79628],[119.59664,23.79607],[119.59658,23.79613],[119.59656,23.79621],[119.59643,23.7962],[119.59641,23.7961],[119.59632,23.79602],[119.59623,23.79607],[119.5961,23.79609],[119.59606,23.796],[119.596,23.79593],[119.59596,23.79582],[119.59586,23.79577],[119.5958,23.79583],[119.59581,23.79595],[119.59575,23.79604],[119.59574,23.79617],[119.5958,23.79626],[119.59586,23.7963],[119.59585,23.7964],[119.59603,23.79644],[119.59609,23.79642],[119.59606,23.79648],[119.59593,23.79656],[119.59579,23.79671],[119.59571,23.79668],[119.59559,23.7968],[119.59563,23.79684],[119.59572,23.79677],[119.5958,23.79682],[119.59592,23.79697],[119.59597,23.7971],[119.59604,23.79706],[119.59608,23.79717],[119.59618,23.79726],[119.59605,23.79733],[119.59594,23.79731],[119.59598,23.79744],[119.59606,23.79753],[119.59596,23.79765],[119.59593,23.79772],[119.59572,23.79784],[119.59578,23.79796],[119.59588,23.79804],[119.5959,23.7982],[119.59601,23.79828],[119.59644,23.79832],[119.59655,23.79823],[119.59654,23.79815],[119.59667,23.79811],[119.59682,23.79806],[119.59694,23.79809],[119.59708,23.7981],[119.59728,23.79796],[119.59736,23.79783],[119.59748,23.79773],[119.5976,23.7976],[119.59754,23.79755],[119.59766,23.79736],[119.59771,23.79719],[119.5978,23.79708],[119.59789,23.79702],[119.59789,23.79708],[119.59784,23.79718],[119.59794,23.79714],[119.59808,23.79707],[119.59829,23.79713],[119.59839,23.79714],[119.59842,23.79709],[119.59839,23.79702],[119.59849,23.79705],[119.59851,23.79697],[119.59854,23.7969],[119.59853,23.79684],[119.5984,23.79679],[119.5984,23.79673],[119.59856,23.79663],[119.59855,23.79655],[119.59841,23.79656],[119.59839,23.79651],[119.59849,23.79645],[119.59857,23.79633],[119.59853,23.79625],[119.59856,23.79618],[119.59861,23.79615],[119.59869,23.79627],[119.59882,23.79622],[119.59893,23.7962],[119.59905,23.79628],[119.59914,23.79623],[119.59905,23.79614],[119.59905,23.79605],[119.59909,23.79597],[119.5991,23.79589],[119.59918,23.79588],[119.59925,23.79598],[119.59933,23.79594],[119.59939,23.79599],[119.59954,23.79603],[119.59961,23.79604],[119.59972,23.79611],[119.5999,23.79617],[119.59997,23.79611],[119.59994,23.79602],[119.59981,23.79593],[119.59965,23.7959],[119.59961,23.79577],[119.59975,23.79573],[119.59989,23.79586],[119.60005,23.796],[119.60015,23.79608],[119.6002,23.796],[119.6001,23.79591],[119.60002,23.79577],[119.59992,23.79567],[119.59988,23.79562],[119.59991,23.79554],[119.59999,23.7956],[119.60007,23.79554],[119.60003,23.79545],[119.59998,23.79541],[119.60004,23.79537],[119.60022,23.7953],[119.60055,23.79527],[119.60057,23.79519],[119.6005,23.79515],[119.60032,23.7951],[119.60024,23.79501],[119.60025,23.79492],[119.60047,23.79486],[119.60059,23.79478],[119.60073,23.79471],[119.60074,23.7946],[119.60066,23.79449],[119.60066,23.79442],[119.60069,23.79436],[119.60057,23.79429],[119.60052,23.79435],[119.60056,23.79439],[119.60043,23.79442],[119.6003,23.79433],[119.60019,23.79438],[119.60011,23.7944],[119.59999,23.79436],[119.59995,23.79427],[119.59998,23.79417],[119.59995,23.79395],[119.59979,23.79391],[119.59972,23.79401],[119.59966,23.79401],[119.59967,23.79389],[119.59973,23.79382],[119.59957,23.79382],[119.59944,23.79368],[119.59927,23.79357],[119.59922,23.79349]]],[[[119.5976,23.79525],[119.59758,23.79526],[119.59756,23.79528],[119.59756,23.79532],[119.59757,23.7954],[119.59755,23.79544],[119.59754,23.79546],[119.59749,23.79551],[119.59742,23.79554],[119.59737,23.79557],[119.59732,23.79562],[119.59726,23.79564],[119.59717,23.79564],[119.59708,23.79567],[119.59699,23.79575],[119.59698,23.79578],[119.59699,23.7958],[119.59705,23.79585],[119.59708,23.79586],[119.5971,23.79587],[119.59711,23.79588],[119.5971,23.79589],[119.59709,23.79591],[119.59699,23.79597],[119.59694,23.79597],[119.59692,23.79596],[119.59684,23.79587],[119.59678,23.79587],[119.59673,23.79589],[119.59673,23.79598],[119.59671,23.79599],[119.5967,23.79607],[119.5967,23.79611],[119.59672,23.79613],[119.59676,23.79617],[119.59687,23.79618],[119.59692,23.79623],[119.59695,23.79626],[119.597,23.79626],[119.59704,23.79626],[119.59706,23.79623],[119.59708,23.79621],[119.59712,23.7962],[119.59712,23.79618],[119.59712,23.79614],[119.59711,23.79609],[119.59712,23.79605],[119.59715,23.79603],[119.59718,23.79603],[119.5972,23.79604],[119.59721,23.79606],[119.59719,23.7961],[119.59719,23.79614],[119.59721,23.79616],[119.59727,23.79617],[119.59734,23.79617],[119.59736,23.79614],[119.59734,23.79612],[119.5973,23.79609],[119.59727,23.79607],[119.59726,23.79606],[119.59727,23.79603],[119.59729,23.79598],[119.59731,23.7959],[119.59735,23.79591],[119.59739,23.796],[119.59747,23.79612],[119.5975,23.79612],[119.59753,23.79609],[119.59754,23.79604],[119.59752,23.79601],[119.59743,23.79593],[119.5974,23.79589],[119.59741,23.79585],[119.59745,23.79583],[119.59755,23.79583],[119.59763,23.7958],[119.59763,23.79577],[119.59759,23.79575],[119.59757,23.79572],[119.59756,23.7957],[119.59758,23.79568],[119.59764,23.79567],[119.59768,23.79565],[119.59768,23.79562],[119.59761,23.79557],[119.5976,23.79554],[119.5976,23.7955],[119.59762,23.79547],[119.59765,23.79543],[119.59768,23.79537],[119.59767,23.7953],[119.59766,23.79528],[119.59766,23.79527],[119.59762,23.79525],[119.5976,23.79525]]],[[[119.59871,23.79299],[119.59867,23.793],[119.5986,23.7931],[119.59856,23.79312],[119.59842,23.79312],[119.59827,23.79319],[119.59819,23.79322],[119.59816,23.79324],[119.59815,23.79329],[119.59815,23.79334],[119.59819,23.79339],[119.59823,23.79342],[119.59824,23.79344],[119.59821,23.79346],[119.59816,23.79344],[119.59809,23.79339],[119.59798,23.7933],[119.59789,23.79326],[119.59775,23.79324],[119.59765,23.79325],[119.59762,23.79324],[119.59761,23.79321],[119.5976,23.79317],[119.59756,23.79315],[119.59748,23.79316],[119.59746,23.79312],[119.59746,23.79311],[119.59745,23.79307],[119.5974,23.79304],[119.59735,23.79304],[119.59729,23.79305],[119.59725,23.79307],[119.5972,23.79306],[119.59717,23.79306],[119.59714,23.79306],[119.59712,23.79307],[119.59711,23.7931],[119.59711,23.79313],[119.59715,23.79314],[119.5972,23.79316],[119.59724,23.79319],[119.59728,23.79322],[119.59731,23.79322],[119.59734,23.79321],[119.59739,23.79321],[119.59741,23.79321],[119.59742,23.79323],[119.59741,23.79333],[119.59743,23.79335],[119.59749,23.79336],[119.59752,23.79337],[119.59755,23.79339],[119.59763,23.79347],[119.59769,23.79349],[119.59778,23.7935],[119.59786,23.79347],[119.59793,23.79345],[119.59797,23.79345],[119.59798,23.79346],[119.59799,23.79347],[119.59799,23.79349],[119.59798,23.79351],[119.59795,23.79356],[119.59793,23.7936],[119.59793,23.79364],[119.59794,23.79366],[119.59797,23.79368],[119.59801,23.79369],[119.59816,23.79371],[119.59823,23.79373],[119.59825,23.79375],[119.59826,23.79376],[119.59823,23.79378],[119.59816,23.79378],[119.59812,23.79381],[119.59812,23.79383],[119.59818,23.79387],[119.59819,23.79387],[119.59823,23.79386],[119.59826,23.79384],[119.59836,23.79383],[119.5984,23.79381],[119.59845,23.79381],[119.59848,23.79381],[119.59849,23.79384],[119.59849,23.79385],[119.59848,23.79387],[119.59845,23.7939],[119.59844,23.79393],[119.59845,23.79399],[119.59847,23.794],[119.5985,23.794],[119.59858,23.79399],[119.59863,23.79395],[119.5987,23.79399],[119.59877,23.79405],[119.5988,23.79405],[119.59882,23.79404],[119.59884,23.79402],[119.59889,23.794],[119.59892,23.79399],[119.59898,23.79397],[119.59899,23.79395],[119.59901,23.79394],[119.59904,23.79393],[119.59907,23.79391],[119.5991,23.79391],[119.59912,23.79389],[119.59912,23.79386],[119.5991,23.79383],[119.59908,23.79381],[119.59905,23.79379],[119.59898,23.7938],[119.59884,23.7938],[119.59879,23.79379],[119.59876,23.79377],[119.59873,23.79373],[119.59868,23.79371],[119.59862,23.79371],[119.59858,23.79375],[119.59854,23.79375],[119.59851,23.79372],[119.59845,23.79365],[119.59839,23.79361],[119.59837,23.79359],[119.59837,23.79357],[119.5984,23.79357],[119.59842,23.79355],[119.59843,23.79354],[119.59843,23.79351],[119.59841,23.79348],[119.59838,23.79345],[119.59837,23.79344],[119.59837,23.79343],[119.5984,23.79342],[119.59857,23.79342],[119.59864,23.7934],[119.59877,23.79346],[119.59882,23.79346],[119.59884,23.79343],[119.59885,23.79341],[119.59886,23.79338],[119.59884,23.79335],[119.59882,23.79332],[119.5988,23.79329],[119.5988,23.79327],[119.59883,23.79325],[119.5989,23.79323],[119.59896,23.79323],[119.59898,23.79327],[119.59903,23.7933],[119.59911,23.79333],[119.59919,23.79334],[119.59927,23.79337],[119.59938,23.79339],[119.59945,23.79337],[119.59948,23.79335],[119.59947,23.7933],[119.59942,23.79325],[119.59933,23.79321],[119.59919,23.79313],[119.59907,23.79304],[119.59897,23.79299],[119.59871,23.79299]]],[[[119.5984,23.79219],[119.59837,23.79222],[119.59837,23.79227],[119.59839,23.79229],[119.59839,23.79232],[119.59837,23.79235],[119.59833,23.79239],[119.59826,23.7924],[119.5982,23.79239],[119.59813,23.79239],[119.59811,23.79242],[119.59811,23.79251],[119.59807,23.79259],[119.59801,23.79267],[119.59798,23.7927],[119.59797,23.79275],[119.59801,23.79282],[119.59802,23.79285],[119.59802,23.79288],[119.59802,23.79293],[119.59804,23.79295],[119.5981,23.79297],[119.59824,23.79296],[119.59843,23.79295],[119.59849,23.7929],[119.59851,23.79284],[119.59853,23.79273],[119.59858,23.7927],[119.59873,23.79266],[119.59878,23.79263],[119.59877,23.79258],[119.59871,23.79253],[119.59859,23.79251],[119.5985,23.7925],[119.59846,23.79249],[119.59842,23.79246],[119.59843,23.79241],[119.59845,23.79238],[119.59849,23.79235],[119.59852,23.79231],[119.59852,23.79227],[119.59848,23.79223],[119.59843,23.7922],[119.5984,23.79219]]],[[[119.60161,23.78702],[119.60155,23.78706],[119.60151,23.78712],[119.6015,23.78719],[119.60151,23.78723],[119.60155,23.78728],[119.60153,23.78732],[119.60149,23.78733],[119.60135,23.78732],[119.60126,23.78732],[119.60122,23.78734],[119.60116,23.78744],[119.60111,23.78752],[119.60112,23.78756],[119.60114,23.7876],[119.60119,23.7876],[119.6012,23.78763],[119.60119,23.78768],[119.60112,23.78774],[119.60105,23.7878],[119.60105,23.78784],[119.60109,23.78786],[119.60112,23.78789],[119.60113,23.78792],[119.6011,23.78794],[119.60102,23.788],[119.60096,23.78805],[119.60096,23.78808],[119.60098,23.78809],[119.60103,23.78812],[119.60107,23.78815],[119.60106,23.7882],[119.60102,23.78824],[119.60096,23.78832],[119.60094,23.78837],[119.60095,23.78841],[119.60098,23.78843],[119.60102,23.78848],[119.60113,23.7885],[119.60124,23.7885],[119.60129,23.78847],[119.60142,23.78839],[119.60146,23.78839],[119.6015,23.7884],[119.60156,23.78844],[119.60158,23.78849],[119.60157,23.78854],[119.6015,23.7886],[119.60142,23.78867],[119.60137,23.78868],[119.60133,23.78867],[119.60129,23.78865],[119.60125,23.78869],[119.60124,23.78875],[119.60137,23.78895],[119.60144,23.78904],[119.60149,23.78907],[119.60158,23.78912],[119.60168,23.78912],[119.6018,23.78907],[119.60186,23.78903],[119.60192,23.78897],[119.602,23.78894],[119.60209,23.78889],[119.60216,23.78882],[119.60219,23.78875],[119.60215,23.78869],[119.60208,23.78867],[119.60199,23.7886],[119.60192,23.78856],[119.60189,23.7885],[119.60189,23.78846],[119.60196,23.78835],[119.60199,23.78828],[119.60199,23.78821],[119.60198,23.78816],[119.602,23.78811],[119.60206,23.78808],[119.60213,23.78803],[119.60219,23.78803],[119.60225,23.78806],[119.60229,23.78805],[119.60231,23.78801],[119.6023,23.78798],[119.60229,23.78795],[119.6023,23.78793],[119.60236,23.78791],[119.6025,23.78792],[119.60257,23.78789],[119.6026,23.78785],[119.60262,23.78779],[119.60259,23.78775],[119.60251,23.78771],[119.60235,23.78777],[119.60224,23.78784],[119.6021,23.78785],[119.60203,23.78788],[119.60196,23.78791],[119.6019,23.7879],[119.60187,23.78784],[119.60187,23.78778],[119.60192,23.78775],[119.602,23.78774],[119.60206,23.78772],[119.60212,23.78768],[119.60218,23.78766],[119.6023,23.78765],[119.60237,23.7876],[119.60238,23.78753],[119.60235,23.78747],[119.60232,23.7874],[119.60231,23.78736],[119.6023,23.78729],[119.60227,23.78728],[119.6022,23.78731],[119.60213,23.78737],[119.60203,23.7874],[119.60182,23.7874],[119.60177,23.78736],[119.60176,23.78732],[119.60177,23.78722],[119.60175,23.78711],[119.60172,23.78707],[119.60168,23.78703],[119.60161,23.78702]]],[[[119.59974,23.78353],[119.59963,23.78356],[119.59958,23.7836],[119.59959,23.78369],[119.59964,23.78386],[119.5997,23.78393],[119.59981,23.78397],[119.59987,23.78397],[119.59991,23.78395],[119.59999,23.78396],[119.60002,23.784],[119.60004,23.78412],[119.60004,23.78416],[119.59999,23.7842],[119.59996,23.78422],[119.59996,23.78429],[119.60002,23.78436],[119.60003,23.78443],[119.60003,23.78457],[119.60004,23.78467],[119.60003,23.78473],[119.60002,23.78482],[119.60006,23.7849],[119.60006,23.78497],[119.60003,23.78499],[119.59994,23.78497],[119.59989,23.78494],[119.5998,23.78495],[119.59976,23.78498],[119.59974,23.78503],[119.59974,23.78508],[119.59975,23.78512],[119.5998,23.78517],[119.59983,23.78523],[119.59983,23.78528],[119.59967,23.78528],[119.59953,23.78527],[119.59942,23.78522],[119.59939,23.78522],[119.59935,23.78522],[119.59931,23.78525],[119.5993,23.7853],[119.59931,23.78537],[119.59928,23.78541],[119.59923,23.78543],[119.59914,23.78545],[119.59899,23.78548],[119.59894,23.78548],[119.59889,23.78546],[119.59887,23.78543],[119.59886,23.7854],[119.59888,23.78536],[119.59886,23.78532],[119.5988,23.78525],[119.59876,23.78524],[119.59874,23.78522],[119.59874,23.78521],[119.59878,23.7852],[119.59883,23.7852],[119.59886,23.78516],[119.59884,23.78513],[119.59878,23.78509],[119.5987,23.78508],[119.59856,23.78515],[119.59849,23.78518],[119.59843,23.78524],[119.5984,23.78535],[119.59843,23.78547],[119.59846,23.78556],[119.59854,23.78566],[119.5986,23.78564],[119.59863,23.78566],[119.59869,23.78575],[119.59878,23.7858],[119.59889,23.78581],[119.59899,23.7858],[119.59903,23.78577],[119.59909,23.78575],[119.59915,23.78576],[119.59921,23.7858],[119.59926,23.78583],[119.5993,23.78587],[119.59932,23.78598],[119.59937,23.78604],[119.59942,23.78605],[119.59945,23.78606],[119.59945,23.78619],[119.59951,23.78627],[119.59955,23.78629],[119.59964,23.78644],[119.59969,23.78645],[119.59974,23.78645],[119.59978,23.78646],[119.59982,23.78649],[119.59981,23.78661],[119.59981,23.78667],[119.59983,23.78667],[119.59984,23.78674],[119.59989,23.78675],[119.59991,23.78673],[119.59993,23.78673],[119.59997,23.78679],[119.59997,23.78685],[119.60005,23.78697],[119.60012,23.7871],[119.60014,23.78712],[119.60017,23.7871],[119.60022,23.78709],[119.60026,23.78712],[119.6003,23.78721],[119.60029,23.78723],[119.60025,23.78723],[119.60022,23.78725],[119.6002,23.78727],[119.60019,23.78731],[119.60016,23.78733],[119.60015,23.78742],[119.60012,23.78744],[119.60006,23.78744],[119.59995,23.78744],[119.59986,23.78749],[119.59984,23.78754],[119.59986,23.78758],[119.59991,23.7876],[119.59995,23.78761],[119.60014,23.7876],[119.60019,23.78756],[119.60025,23.78755],[119.60028,23.78756],[119.60029,23.78759],[119.60022,23.78761],[119.60015,23.78764],[119.60016,23.7877],[119.60022,23.78772],[119.6003,23.78778],[119.60037,23.78779],[119.60038,23.78793],[119.60042,23.78795],[119.60045,23.78795],[119.60049,23.78787],[119.6006,23.78786],[119.60064,23.78783],[119.60067,23.78777],[119.60069,23.78773],[119.60072,23.7877],[119.60075,23.78769],[119.60075,23.78762],[119.60077,23.78759],[119.60081,23.78759],[119.60088,23.78767],[119.6009,23.78769],[119.60099,23.78769],[119.60104,23.78764],[119.60105,23.78761],[119.60104,23.78759],[119.60101,23.78757],[119.60096,23.78756],[119.60093,23.78754],[119.60093,23.7875],[119.60097,23.78747],[119.60105,23.78739],[119.60109,23.78737],[119.60115,23.7873],[119.60121,23.78727],[119.60122,23.78724],[119.60121,23.7872],[119.60116,23.78717],[119.60114,23.78714],[119.60112,23.78706],[119.60109,23.787],[119.60107,23.78698],[119.60106,23.78692],[119.60106,23.78688],[119.60111,23.78685],[119.60113,23.78682],[119.60114,23.78676],[119.60121,23.78668],[119.60123,23.78661],[119.60125,23.78656],[119.60127,23.78654],[119.60133,23.78655],[119.60138,23.78658],[119.60157,23.78659],[119.60162,23.7866],[119.60168,23.78658],[119.60173,23.78657],[119.60177,23.7865],[119.60177,23.78644],[119.60173,23.78642],[119.60167,23.78639],[119.60162,23.78639],[119.60161,23.78636],[119.60161,23.7863],[119.60163,23.78625],[119.60162,23.78621],[119.60158,23.78618],[119.60154,23.78615],[119.60154,23.78608],[119.60151,23.78602],[119.60146,23.78599],[119.60141,23.78598],[119.60137,23.78599],[119.60136,23.78601],[119.60135,23.78605],[119.60133,23.78605],[119.60131,23.786],[119.60129,23.78596],[119.60124,23.78595],[119.60123,23.78592],[119.60127,23.78588],[119.60127,23.78584],[119.60125,23.78579],[119.60117,23.78575],[119.60115,23.78573],[119.60114,23.78569],[119.60115,23.78557],[119.60113,23.78552],[119.60108,23.7855],[119.60102,23.78551],[119.60098,23.7855],[119.60096,23.78548],[119.60096,23.7854],[119.60096,23.78536],[119.60093,23.78535],[119.60089,23.78532],[119.60082,23.78534],[119.60078,23.78537],[119.60074,23.7854],[119.6007,23.78539],[119.60069,23.78535],[119.60062,23.7853],[119.60056,23.78528],[119.60052,23.78524],[119.60047,23.78519],[119.60043,23.78514],[119.60043,23.78508],[119.60047,23.785],[119.60048,23.78494],[119.60046,23.78486],[119.60039,23.78479],[119.60032,23.78477],[119.60028,23.78475],[119.60026,23.78471],[119.60026,23.78467],[119.60029,23.78463],[119.60038,23.78457],[119.60037,23.78453],[119.60034,23.7845],[119.60031,23.78449],[119.60031,23.78445],[119.60034,23.78443],[119.60046,23.78438],[119.60052,23.7843],[119.60053,23.7842],[119.60052,23.78405],[119.60047,23.78397],[119.60033,23.78388],[119.60018,23.78372],[119.60002,23.78362],[119.59991,23.78355],[119.59984,23.78354],[119.59974,23.78353]]],[[[119.6034,23.7864],[119.6034,23.78645],[119.60338,23.78647],[119.60333,23.78647],[119.60325,23.78651],[119.60317,23.78656],[119.60312,23.78658],[119.60309,23.78664],[119.60306,23.78665],[119.60304,23.78663],[119.60301,23.78662],[119.60297,23.78662],[119.60293,23.78665],[119.60292,23.78672],[119.60291,23.78685],[119.60289,23.78685],[119.60288,23.78683],[119.60288,23.78677],[119.60283,23.78671],[119.60279,23.78668],[119.60275,23.78671],[119.60269,23.78671],[119.60257,23.78671],[119.60252,23.78671],[119.6025,23.78672],[119.60249,23.7868],[119.6025,23.78684],[119.60252,23.78686],[119.60257,23.78688],[119.60259,23.78688],[119.60261,23.7869],[119.60262,23.78691],[119.60262,23.78695],[119.60262,23.78697],[119.60262,23.78698],[119.60264,23.787],[119.60268,23.787],[119.60268,23.78701],[119.60269,23.78702],[119.60269,23.78704],[119.60268,23.78706],[119.60268,23.78708],[119.6027,23.78709],[119.60274,23.78709],[119.60275,23.78707],[119.6028,23.78708],[119.60283,23.78708],[119.60288,23.78706],[119.6029,23.78704],[119.60292,23.78699],[119.60294,23.78696],[119.60296,23.78691],[119.60299,23.78686],[119.60303,23.78682],[119.60305,23.78682],[119.60306,23.78682],[119.60308,23.78684],[119.60309,23.78687],[119.60312,23.78688],[119.60314,23.78688],[119.60317,23.78688],[119.60317,23.78686],[119.60316,23.78683],[119.60316,23.78681],[119.60317,23.78679],[119.60319,23.78677],[119.60321,23.78676],[119.60326,23.78677],[119.60329,23.78679],[119.60334,23.78679],[119.60339,23.78679],[119.60341,23.78677],[119.60347,23.78676],[119.6035,23.78679],[119.60354,23.78682],[119.60358,23.78682],[119.60361,23.78679],[119.60365,23.78674],[119.60366,23.78668],[119.60362,23.78664],[119.60356,23.78665],[119.6035,23.78667],[119.60344,23.78671],[119.60339,23.78671],[119.60336,23.78668],[119.60333,23.78664],[119.60333,23.7866],[119.60335,23.78657],[119.60342,23.7865],[119.60345,23.78646],[119.60345,23.78643],[119.60344,23.78641],[119.6034,23.7864]]],[[[119.60295,23.78585],[119.6029,23.78585],[119.60285,23.78588],[119.60275,23.78594],[119.60272,23.78597],[119.60268,23.786],[119.60266,23.78601],[119.60261,23.78602],[119.60257,23.78601],[119.60253,23.78599],[119.60248,23.78595],[119.60246,23.78594],[119.60243,23.78595],[119.60241,23.78596],[119.60236,23.78598],[119.60227,23.78599],[119.60225,23.78599],[119.60223,23.786],[119.60223,23.78604],[119.60223,23.78608],[119.60222,23.7861],[119.6022,23.7861],[119.60218,23.78611],[119.60217,23.78613],[119.60218,23.78613],[119.6022,23.78615],[119.60222,23.78617],[119.60222,23.7862],[119.60225,23.78625],[119.60226,23.78626],[119.60228,23.78626],[119.60237,23.78626],[119.60241,23.78628],[119.60242,23.7863],[119.60243,23.78632],[119.60243,23.78633],[119.60242,23.78634],[119.60238,23.78634],[119.60236,23.78636],[119.60236,23.78637],[119.60237,23.7864],[119.60239,23.78645],[119.60241,23.78647],[119.60244,23.78647],[119.60247,23.78648],[119.60248,23.78649],[119.60249,23.78653],[119.60247,23.78654],[119.60246,23.78654],[119.60244,23.78654],[119.6024,23.78652],[119.60236,23.78653],[119.60234,23.78653],[119.60232,23.78655],[119.60227,23.78663],[119.60225,23.78664],[119.60221,23.78667],[119.6022,23.78669],[119.6022,23.78671],[119.6022,23.78672],[119.60222,23.78673],[119.60236,23.78671],[119.60241,23.78669],[119.60243,23.78666],[119.60246,23.78664],[119.60253,23.78661],[119.60257,23.7866],[119.60264,23.78658],[119.60266,23.78656],[119.60268,23.78655],[119.6027,23.78655],[119.60273,23.78655],[119.60274,23.78656],[119.60275,23.78658],[119.60279,23.78658],[119.60283,23.78658],[119.60284,23.78656],[119.60284,23.78652],[119.60284,23.7865],[119.60284,23.78647],[119.60285,23.78647],[119.60287,23.78645],[119.60292,23.78644],[119.60297,23.78645],[119.603,23.78644],[119.60302,23.78642],[119.60302,23.78641],[119.60303,23.78639],[119.60304,23.78638],[119.60305,23.78637],[119.60308,23.78638],[119.6031,23.78639],[119.60312,23.7864],[119.60316,23.78641],[119.60319,23.78641],[119.60323,23.7864],[119.60327,23.78636],[119.60332,23.78629],[119.60332,23.78627],[119.60332,23.78625],[119.60329,23.78624],[119.60328,23.78619],[119.60326,23.78617],[119.60324,23.78615],[119.60319,23.78606],[119.60316,23.78602],[119.60313,23.78599],[119.60308,23.78599],[119.60304,23.786],[119.60302,23.78604],[119.60301,23.78608],[119.60299,23.7861],[119.60296,23.78611],[119.60293,23.78612],[119.60291,23.78609],[119.60291,23.78607],[119.60291,23.78604],[119.60293,23.78602],[119.60298,23.78598],[119.60301,23.78593],[119.60302,23.7859],[119.60301,23.78588],[119.60299,23.78586],[119.60295,23.78585]]],[[[119.60233,23.78491],[119.60228,23.78492],[119.60226,23.78494],[119.60225,23.78498],[119.60226,23.785],[119.60234,23.78508],[119.6024,23.78512],[119.60242,23.78515],[119.60243,23.78518],[119.60241,23.78523],[119.60239,23.78526],[119.60241,23.78529],[119.60245,23.7853],[119.60254,23.78529],[119.60264,23.7853],[119.60266,23.78532],[119.60269,23.78534],[119.60275,23.78537],[119.60276,23.78541],[119.60281,23.78549],[119.60287,23.78551],[119.60293,23.78549],[119.60298,23.78544],[119.60306,23.78534],[119.60311,23.78529],[119.60316,23.78525],[119.60317,23.7852],[119.60316,23.78517],[119.6031,23.78515],[119.603,23.78516],[119.60288,23.78525],[119.60284,23.78528],[119.60282,23.78528],[119.6028,23.78529],[119.6028,23.78527],[119.6028,23.78526],[119.60284,23.78524],[119.60285,23.7852],[119.60284,23.78517],[119.60279,23.78513],[119.60271,23.78512],[119.60262,23.78513],[119.60257,23.78512],[119.60245,23.78498],[119.60233,23.78491]]],[[[119.60783,23.7818],[119.60771,23.78181],[119.60763,23.7819],[119.60755,23.78194],[119.60743,23.78197],[119.6073,23.78197],[119.60721,23.78199],[119.60718,23.78207],[119.60718,23.78216],[119.6072,23.78222],[119.6072,23.78228],[119.60715,23.78233],[119.6071,23.78234],[119.60704,23.78238],[119.60696,23.78239],[119.6069,23.78236],[119.60683,23.78235],[119.60678,23.78239],[119.6068,23.78244],[119.60685,23.78246],[119.60685,23.7825],[119.60683,23.78251],[119.60677,23.78256],[119.60674,23.78259],[119.60674,23.78267],[119.60678,23.7827],[119.60693,23.78264],[119.607,23.78262],[119.60702,23.78265],[119.60697,23.78273],[119.60692,23.78278],[119.6068,23.78297],[119.60677,23.78302],[119.60674,23.78302],[119.60674,23.78298],[119.60675,23.78276],[119.6067,23.78272],[119.60669,23.78262],[119.60672,23.78245],[119.60666,23.78239],[119.6066,23.78238],[119.60651,23.78241],[119.60648,23.78241],[119.60644,23.78239],[119.60635,23.78238],[119.60628,23.7824],[119.60621,23.78244],[119.60613,23.7825],[119.60612,23.78254],[119.60613,23.78258],[119.60619,23.7826],[119.60619,23.78266],[119.60619,23.78272],[119.60614,23.78274],[119.60612,23.78278],[119.60608,23.78284],[119.60604,23.78288],[119.60599,23.78291],[119.60598,23.78296],[119.606,23.783],[119.60609,23.783],[119.60614,23.78306],[119.60619,23.78315],[119.60621,23.78319],[119.6063,23.7832],[119.60639,23.78318],[119.60642,23.78313],[119.60634,23.78297],[119.60633,23.7829],[119.60636,23.78285],[119.60644,23.78287],[119.60651,23.78293],[119.60661,23.7831],[119.60668,23.78315],[119.60675,23.78316],[119.60677,23.7832],[119.60676,23.78323],[119.6067,23.78327],[119.60658,23.78337],[119.60646,23.78343],[119.6064,23.78346],[119.60638,23.78351],[119.6064,23.78367],[119.60642,23.7837],[119.60646,23.78371],[119.60653,23.78365],[119.60662,23.78356],[119.60681,23.78343],[119.60691,23.78334],[119.60692,23.78324],[119.607,23.78316],[119.60712,23.78307],[119.60725,23.78302],[119.60731,23.78299],[119.60738,23.78289],[119.60749,23.78285],[119.60752,23.78286],[119.60751,23.78289],[119.60743,23.78296],[119.60732,23.78309],[119.60727,23.78312],[119.60718,23.78315],[119.60711,23.78319],[119.60704,23.78328],[119.607,23.78338],[119.60692,23.78346],[119.60686,23.78351],[119.60679,23.78354],[119.60675,23.78359],[119.60676,23.78366],[119.60679,23.78375],[119.6068,23.78385],[119.60685,23.78389],[119.60695,23.78392],[119.6071,23.78398],[119.60718,23.78398],[119.60724,23.78394],[119.60727,23.7839],[119.60723,23.78385],[119.60719,23.78379],[119.60719,23.78374],[119.60721,23.7837],[119.60724,23.78365],[119.60731,23.78366],[119.60733,23.78371],[119.60737,23.78372],[119.60747,23.78369],[119.60752,23.78363],[119.60761,23.78356],[119.6079,23.7834],[119.60798,23.78334],[119.60808,23.78329],[119.60817,23.78319],[119.60824,23.78312],[119.60827,23.78306],[119.60825,23.78304],[119.6082,23.78304],[119.60811,23.78314],[119.60797,23.78323],[119.60787,23.78324],[119.60777,23.78325],[119.60775,23.78323],[119.60776,23.7832],[119.60779,23.78318],[119.6079,23.78318],[119.60798,23.78317],[119.60801,23.78314],[119.60806,23.7831],[119.60808,23.78299],[119.60814,23.78294],[119.60819,23.78291],[119.60822,23.78285],[119.60828,23.78281],[119.60833,23.78279],[119.60835,23.78276],[119.6083,23.78274],[119.60824,23.78275],[119.60816,23.7828],[119.60801,23.7828],[119.60784,23.7828],[119.60783,23.78278],[119.60783,23.78275],[119.60789,23.78272],[119.60794,23.78268],[119.60802,23.78262],[119.60807,23.78261],[119.60815,23.78253],[119.60816,23.78245],[119.60813,23.78242],[119.60808,23.78242],[119.60796,23.78244],[119.60786,23.78248],[119.60776,23.78249],[119.60769,23.7825],[119.60767,23.78248],[119.60774,23.78246],[119.60778,23.78245],[119.60792,23.78242],[119.608,23.7824],[119.60807,23.78235],[119.60819,23.78221],[119.60819,23.78211],[119.60814,23.78204],[119.60807,23.78201],[119.60794,23.78203],[119.60786,23.78209],[119.60774,23.7822],[119.60768,23.7823],[119.60765,23.78231],[119.60762,23.78229],[119.60763,23.78222],[119.60767,23.78217],[119.60774,23.7821],[119.60781,23.78206],[119.60789,23.78193],[119.60791,23.78186],[119.60783,23.7818]]],[[[119.60535,23.78299],[119.60527,23.78299],[119.60519,23.783],[119.60519,23.78303],[119.60519,23.78309],[119.60517,23.78312],[119.60514,23.78315],[119.60513,23.78319],[119.60514,23.78325],[119.60515,23.78329],[119.60516,23.78334],[119.60519,23.78338],[119.60522,23.78338],[119.60527,23.78337],[119.6053,23.78339],[119.6053,23.78342],[119.60533,23.78348],[119.60536,23.78354],[119.60538,23.78356],[119.60544,23.78356],[119.60546,23.78358],[119.60556,23.78366],[119.60563,23.78368],[119.60567,23.78368],[119.6057,23.78366],[119.60574,23.7836],[119.60576,23.78357],[119.60576,23.78353],[119.60573,23.78348],[119.60561,23.78344],[119.60558,23.78343],[119.60557,23.78339],[119.60556,23.78334],[119.60558,23.78326],[119.60559,23.78318],[119.60557,23.78308],[119.60554,23.78303],[119.6055,23.78302],[119.60543,23.78302],[119.60538,23.783],[119.60535,23.78299]]],[[[119.60448,23.78217],[119.60439,23.78218],[119.6043,23.78224],[119.60425,23.7823],[119.60422,23.78233],[119.60416,23.78245],[119.60415,23.7825],[119.60416,23.78257],[119.60433,23.78268],[119.60443,23.78275],[119.60449,23.78276],[119.6046,23.78276],[119.60466,23.78272],[119.60469,23.78265],[119.6047,23.78253],[119.60471,23.78244],[119.60473,23.78238],[119.60474,23.78232],[119.60471,23.78225],[119.60464,23.78221],[119.60448,23.78217]]],[[[119.6055,23.78197],[119.60542,23.78199],[119.60534,23.78205],[119.60531,23.78212],[119.60524,23.78225],[119.60525,23.78228],[119.60528,23.78231],[119.60531,23.7823],[119.60541,23.78228],[119.60546,23.78228],[119.60551,23.7823],[119.60554,23.78233],[119.60557,23.7824],[119.60565,23.78256],[119.60568,23.78263],[119.60571,23.78265],[119.60575,23.78265],[119.60579,23.78263],[119.60582,23.7826],[119.60591,23.78253],[119.60602,23.7824],[119.60605,23.78233],[119.60605,23.7822],[119.60601,23.78217],[119.60597,23.78217],[119.60585,23.78224],[119.60583,23.78226],[119.60581,23.78227],[119.60578,23.78225],[119.60577,23.78222],[119.60576,23.78218],[119.60575,23.78212],[119.60574,23.78208],[119.60559,23.782],[119.60555,23.78197],[119.6055,23.78197]]],[[[119.60693,23.78179],[119.6069,23.78181],[119.60685,23.78186],[119.60683,23.78188],[119.60682,23.78188],[119.6068,23.78187],[119.6068,23.78184],[119.60679,23.78183],[119.60676,23.78183],[119.60664,23.78184],[119.60656,23.78189],[119.60654,23.78192],[119.60655,23.78195],[119.60657,23.78198],[119.60659,23.782],[119.6067,23.78204],[119.60674,23.78207],[119.60675,23.7821],[119.60676,23.78217],[119.60676,23.78223],[119.60677,23.78224],[119.60679,23.78226],[119.60685,23.78228],[119.60688,23.7823],[119.60691,23.78231],[119.60693,23.78231],[119.60696,23.7823],[119.60697,23.78229],[119.60697,23.78227],[119.60697,23.78223],[119.60695,23.78218],[119.60695,23.78215],[119.60695,23.78213],[119.60696,23.78212],[119.60705,23.78213],[119.60707,23.78212],[119.60711,23.78207],[119.60715,23.78201],[119.60711,23.78198],[119.6071,23.78196],[119.60709,23.78194],[119.60705,23.78191],[119.60703,23.78188],[119.60701,23.78182],[119.60696,23.78179],[119.60693,23.78179]]],[[[119.60629,23.78032],[119.60626,23.78034],[119.60623,23.78037],[119.60623,23.78041],[119.60625,23.78045],[119.60629,23.78056],[119.60632,23.78066],[119.60632,23.78077],[119.60632,23.78083],[119.6063,23.78088],[119.60629,23.78092],[119.60629,23.78097],[119.60627,23.78099],[119.60624,23.781],[119.60619,23.781],[119.60616,23.78098],[119.60613,23.78099],[119.60611,23.78099],[119.6061,23.78102],[119.60607,23.78103],[119.60606,23.78101],[119.60604,23.78096],[119.60601,23.78094],[119.60596,23.78094],[119.60591,23.78096],[119.60588,23.78101],[119.60582,23.78105],[119.60577,23.78108],[119.60573,23.7811],[119.6057,23.78111],[119.60567,23.78115],[119.60566,23.78118],[119.60568,23.78122],[119.60572,23.78125],[119.60577,23.78131],[119.60591,23.78149],[119.60599,23.78158],[119.60604,23.78163],[119.60606,23.78166],[119.60608,23.78172],[119.60607,23.78179],[119.60606,23.78185],[119.60605,23.78186],[119.60603,23.78187],[119.60601,23.78183],[119.606,23.78179],[119.60597,23.78175],[119.60595,23.78168],[119.60592,23.78164],[119.60589,23.78162],[119.60583,23.78162],[119.6058,23.78162],[119.60575,23.78165],[119.60573,23.78168],[119.60572,23.78171],[119.60578,23.78177],[119.60587,23.78192],[119.60598,23.78205],[119.60607,23.78216],[119.60611,23.78218],[119.60618,23.78218],[119.60635,23.78218],[119.60639,23.78219],[119.60644,23.78221],[119.60648,23.78222],[119.60652,23.78222],[119.60656,23.78221],[119.60659,23.78216],[119.60661,23.78212],[119.60663,23.78206],[119.60661,23.78203],[119.6066,23.78201],[119.60654,23.782],[119.60646,23.78198],[119.60641,23.78198],[119.60639,23.78197],[119.60638,23.78195],[119.60638,23.78189],[119.60636,23.78182],[119.60632,23.78176],[119.60629,23.78174],[119.60628,23.78171],[119.60627,23.78166],[119.60626,23.78161],[119.60623,23.78159],[119.60621,23.78157],[119.60622,23.78154],[119.60625,23.78148],[119.60625,23.78144],[119.60625,23.78141],[119.60627,23.78138],[119.60643,23.78132],[119.60654,23.78128],[119.60659,23.78127],[119.60665,23.78125],[119.60668,23.78122],[119.6067,23.78115],[119.60668,23.78098],[119.60666,23.78088],[119.60664,23.78084],[119.60659,23.7808],[119.60655,23.78075],[119.60654,23.78072],[119.60653,23.78065],[119.60653,23.78059],[119.60652,23.78053],[119.6065,23.78049],[119.60643,23.78046],[119.60639,23.78043],[119.60637,23.7804],[119.60635,23.78037],[119.60629,23.78032]]],[[[119.60414,23.7814],[119.60408,23.7814],[119.60405,23.78143],[119.60403,23.78147],[119.60403,23.78152],[119.60404,23.78158],[119.60412,23.78163],[119.60417,23.78165],[119.60421,23.78165],[119.60423,23.78164],[119.60429,23.78164],[119.60433,23.78167],[119.60431,23.78169],[119.60428,23.78171],[119.60428,23.78172],[119.6043,23.78176],[119.60434,23.78176],[119.60437,23.78177],[119.60438,23.7818],[119.6044,23.78184],[119.60441,23.78186],[119.60442,23.7819],[119.60444,23.78194],[119.60453,23.78202],[119.60458,23.78207],[119.60461,23.78209],[119.60469,23.78208],[119.60475,23.78202],[119.60478,23.78195],[119.6048,23.78192],[119.60484,23.78192],[119.60489,23.78193],[119.60501,23.78199],[119.60511,23.78206],[119.60515,23.78209],[119.6052,23.78209],[119.60522,23.78204],[119.60522,23.78201],[119.60516,23.78193],[119.60507,23.78184],[119.60502,23.78181],[119.60496,23.78179],[119.60493,23.78176],[119.60492,23.78171],[119.60491,23.7817],[119.60487,23.78169],[119.6048,23.7817],[119.60477,23.78173],[119.60476,23.78177],[119.60474,23.78179],[119.60471,23.78179],[119.60456,23.7818],[119.60454,23.78179],[119.60454,23.78173],[119.60452,23.78163],[119.60449,23.78161],[119.60438,23.7816],[119.60427,23.78156],[119.6042,23.78147],[119.60414,23.7814]]],[[[119.60715,23.77935],[119.60706,23.77936],[119.60701,23.77939],[119.60698,23.77945],[119.6069,23.77948],[119.60686,23.77949],[119.60686,23.77955],[119.60679,23.77957],[119.60678,23.7796],[119.60685,23.77965],[119.60687,23.77968],[119.60688,23.77985],[119.60687,23.77994],[119.60689,23.78],[119.60693,23.78003],[119.60694,23.78005],[119.60686,23.78013],[119.60678,23.7802],[119.60671,23.78026],[119.60658,23.7803],[119.60658,23.78034],[119.60668,23.78038],[119.60675,23.78047],[119.60679,23.78058],[119.60685,23.78065],[119.60691,23.78068],[119.6069,23.78072],[119.60685,23.78072],[119.60675,23.78081],[119.60675,23.78088],[119.60677,23.78093],[119.6068,23.78095],[119.60683,23.78093],[119.60687,23.78091],[119.60692,23.78083],[119.60695,23.78078],[119.607,23.78076],[119.60702,23.78078],[119.60701,23.78082],[119.60698,23.78086],[119.60692,23.78089],[119.60693,23.78093],[119.60694,23.78098],[119.60708,23.78097],[119.60716,23.78098],[119.60719,23.78095],[119.60716,23.78089],[119.60716,23.78081],[119.60714,23.78078],[119.60714,23.78073],[119.60715,23.7807],[119.60718,23.78066],[119.60723,23.78064],[119.60728,23.78061],[119.60729,23.78058],[119.60731,23.78054],[119.60737,23.7805],[119.60743,23.78048],[119.60746,23.78048],[119.60747,23.7805],[119.60746,23.78054],[119.60741,23.78059],[119.60733,23.78064],[119.60731,23.78069],[119.60731,23.78073],[119.60733,23.78078],[119.60734,23.78094],[119.60735,23.78112],[119.60738,23.78117],[119.60737,23.7812],[119.60738,23.78126],[119.60739,23.78128],[119.60743,23.78131],[119.60743,23.78135],[119.60741,23.78139],[119.60736,23.78147],[119.60734,23.78156],[119.60732,23.78156],[119.6073,23.78152],[119.60727,23.78151],[119.60724,23.78152],[119.60723,23.78142],[119.60718,23.7814],[119.60709,23.7814],[119.607,23.78143],[119.60697,23.78148],[119.60697,23.78153],[119.60701,23.78156],[119.60704,23.78158],[119.60705,23.7816],[119.60706,23.78162],[119.60705,23.78164],[119.60702,23.78167],[119.60698,23.7817],[119.60698,23.78173],[119.60698,23.78177],[119.607,23.78179],[119.60702,23.78179],[119.60704,23.78179],[119.60705,23.78178],[119.60705,23.78175],[119.60706,23.78174],[119.60708,23.78172],[119.6071,23.78171],[119.60711,23.78172],[119.60713,23.78175],[119.60713,23.78178],[119.60712,23.78181],[119.6071,23.78186],[119.6071,23.78193],[119.60713,23.78195],[119.60714,23.78194],[119.60716,23.78192],[119.60719,23.78188],[119.6072,23.78186],[119.60721,23.78185],[119.60724,23.78185],[119.60727,23.78187],[119.6073,23.78188],[119.60745,23.7819],[119.60748,23.78188],[119.60748,23.78186],[119.6075,23.78184],[119.60753,23.78183],[119.60758,23.78182],[119.60762,23.78178],[119.60764,23.7817],[119.60764,23.78165],[119.60763,23.78163],[119.60761,23.78163],[119.60757,23.78164],[119.6075,23.78166],[119.60746,23.78167],[119.60741,23.78167],[119.60739,23.78166],[119.60739,23.78162],[119.6074,23.78158],[119.60743,23.78155],[119.60745,23.78153],[119.60751,23.78152],[119.60768,23.78152],[119.60771,23.78149],[119.60773,23.78138],[119.60771,23.78134],[119.60764,23.78126],[119.60762,23.7812],[119.60761,23.78115],[119.60762,23.7811],[119.60767,23.78105],[119.60776,23.78097],[119.6078,23.78094],[119.60786,23.78091],[119.60792,23.78089],[119.60802,23.78089],[119.60808,23.78086],[119.6081,23.78084],[119.60811,23.78082],[119.60812,23.78078],[119.60814,23.78074],[119.60814,23.7807],[119.60813,23.78066],[119.60809,23.78064],[119.60807,23.78062],[119.60802,23.78062],[119.60801,23.7806],[119.60802,23.78055],[119.60809,23.78048],[119.60814,23.78043],[119.60816,23.78039],[119.60816,23.78033],[119.60816,23.78031],[119.60812,23.78028],[119.60808,23.78028],[119.60804,23.7803],[119.60802,23.78031],[119.60801,23.78029],[119.60801,23.78026],[119.60808,23.78024],[119.60814,23.78017],[119.60815,23.78013],[119.60814,23.78009],[119.60812,23.78006],[119.60807,23.78006],[119.608,23.78011],[119.60793,23.78018],[119.60785,23.78025],[119.60778,23.78033],[119.60774,23.78035],[119.60771,23.78035],[119.60767,23.7803],[119.60762,23.78021],[119.60756,23.78013],[119.60754,23.78008],[119.60753,23.78004],[119.60758,23.77997],[119.60762,23.77987],[119.60771,23.77975],[119.60774,23.77963],[119.60773,23.77956],[119.60766,23.77949],[119.60759,23.77943],[119.60756,23.77946],[119.60761,23.77951],[119.60765,23.77954],[119.60765,23.77963],[119.60763,23.7797],[119.60759,23.77977],[119.60756,23.77977],[119.60753,23.77976],[119.60753,23.77973],[119.60757,23.77968],[119.60756,23.77962],[119.60749,23.77959],[119.60743,23.77954],[119.60738,23.77951],[119.60734,23.77954],[119.6073,23.77953],[119.60731,23.7795],[119.60731,23.77944],[119.60723,23.77937],[119.60715,23.77935]]],[[[119.60929,23.77892],[119.60927,23.77892],[119.60926,23.77897],[119.60926,23.77903],[119.60926,23.77904],[119.60933,23.77909],[119.60934,23.77912],[119.60934,23.77914],[119.60936,23.77916],[119.60937,23.77918],[119.60939,23.77923],[119.60942,23.77927],[119.60948,23.77939],[119.6095,23.77944],[119.60953,23.77952],[119.60959,23.77956],[119.6097,23.77961],[119.60978,23.77966],[119.60979,23.77969],[119.60981,23.77975],[119.60984,23.77982],[119.60986,23.77989],[119.60987,23.78002],[119.60989,23.78005],[119.60995,23.78013],[119.61,23.78019],[119.61009,23.7803],[119.61013,23.78034],[119.61014,23.78036],[119.61012,23.78041],[119.61014,23.78046],[119.61011,23.78048],[119.6101,23.7805],[119.6101,23.78052],[119.61013,23.78054],[119.61016,23.78058],[119.61016,23.78062],[119.61015,23.78064],[119.61017,23.78067],[119.61021,23.78072],[119.61025,23.78074],[119.6103,23.78075],[119.61041,23.78075],[119.6105,23.78078],[119.61054,23.78082],[119.61055,23.78086],[119.61055,23.78089],[119.61058,23.7809],[119.61063,23.7809],[119.61065,23.78089],[119.61069,23.78091],[119.61088,23.78102],[119.6109,23.78104],[119.61098,23.78105],[119.61102,23.78104],[119.61103,23.78101],[119.61102,23.78098],[119.61097,23.78089],[119.61085,23.78075],[119.61077,23.7807],[119.61072,23.78063],[119.61069,23.78059],[119.61064,23.78056],[119.61056,23.78056],[119.61052,23.78058],[119.61051,23.7806],[119.61049,23.78062],[119.61047,23.78065],[119.61046,23.78068],[119.61044,23.78069],[119.61041,23.78068],[119.61039,23.78066],[119.6104,23.78063],[119.61038,23.78061],[119.61033,23.78059],[119.61031,23.78058],[119.6103,23.78056],[119.6103,23.7805],[119.61031,23.78049],[119.61034,23.78048],[119.61038,23.78049],[119.61041,23.78052],[119.61045,23.78052],[119.6105,23.78052],[119.6105,23.78051],[119.61049,23.78048],[119.61047,23.78048],[119.61047,23.78047],[119.61046,23.7804],[119.61045,23.78037],[119.61042,23.78036],[119.61042,23.78032],[119.61045,23.78031],[119.6105,23.78031],[119.61058,23.78032],[119.61063,23.78036],[119.61066,23.78041],[119.61069,23.78051],[119.61071,23.78053],[119.61073,23.78053],[119.61075,23.78052],[119.61077,23.78049],[119.61076,23.78043],[119.61073,23.78033],[119.61073,23.78032],[119.61075,23.78031],[119.61077,23.7803],[119.61078,23.78029],[119.61079,23.78027],[119.61081,23.78026],[119.61085,23.78026],[119.61087,23.78029],[119.61088,23.78032],[119.61095,23.78035],[119.61097,23.78037],[119.61097,23.78042],[119.61094,23.78045],[119.61092,23.78048],[119.61092,23.78052],[119.61094,23.78056],[119.61097,23.78061],[119.61103,23.78063],[119.61113,23.78063],[119.61116,23.78065],[119.6112,23.78067],[119.61125,23.7807],[119.61138,23.78072],[119.61143,23.78075],[119.61147,23.78075],[119.6115,23.78072],[119.6115,23.78068],[119.61154,23.78066],[119.61158,23.78067],[119.61165,23.78071],[119.61167,23.78072],[119.61171,23.7807],[119.61173,23.78065],[119.61173,23.78056],[119.61168,23.7805],[119.6115,23.78051],[119.61142,23.78047],[119.61136,23.78045],[119.6112,23.78044],[119.61117,23.78043],[119.61116,23.7804],[119.61118,23.78038],[119.61121,23.78035],[119.61121,23.78033],[119.61119,23.78031],[119.61114,23.78028],[119.61114,23.78025],[119.61116,23.78024],[119.61117,23.78021],[119.61116,23.78019],[119.61114,23.78016],[119.61113,23.78012],[119.61113,23.78006],[119.61112,23.78002],[119.6111,23.78],[119.61104,23.78001],[119.61098,23.78005],[119.61095,23.78004],[119.61094,23.78003],[119.61091,23.77997],[119.61085,23.77994],[119.6108,23.77994],[119.61077,23.77994],[119.61076,23.78001],[119.61073,23.78001],[119.61073,23.77998],[119.61069,23.77994],[119.61063,23.77992],[119.61062,23.77987],[119.61057,23.77987],[119.6105,23.77989],[119.61043,23.77997],[119.61043,23.78003],[119.61039,23.78003],[119.61039,23.77995],[119.61037,23.77993],[119.61034,23.77994],[119.61028,23.78001],[119.61026,23.78001],[119.61026,23.77997],[119.61025,23.7799],[119.61022,23.77988],[119.61021,23.77986],[119.61022,23.77983],[119.61029,23.77983],[119.61033,23.77981],[119.61033,23.77977],[119.61026,23.77971],[119.61024,23.77967],[119.61022,23.77964],[119.6101,23.77962],[119.61006,23.77961],[119.60999,23.77961],[119.60997,23.7796],[119.60996,23.77959],[119.60996,23.77957],[119.60997,23.77955],[119.61004,23.77953],[119.61009,23.77951],[119.61009,23.77949],[119.61006,23.77947],[119.61003,23.77943],[119.61001,23.77939],[119.61001,23.77935],[119.60999,23.77926],[119.60996,23.77923],[119.60993,23.77924],[119.60991,23.77925],[119.60989,23.77933],[119.60986,23.77942],[119.60985,23.77945],[119.60983,23.77945],[119.60982,23.77943],[119.60984,23.7794],[119.60985,23.77936],[119.60984,23.77933],[119.60981,23.7793],[119.60973,23.77927],[119.60967,23.77924],[119.60965,23.77921],[119.60965,23.77916],[119.60968,23.77916],[119.60975,23.77921],[119.60977,23.77922],[119.60979,23.77921],[119.60977,23.77905],[119.60962,23.77904],[119.60956,23.77907],[119.60953,23.77913],[119.60951,23.77913],[119.60943,23.77908],[119.60929,23.77892]]],[[[119.61099,23.77776],[119.61094,23.77776],[119.61089,23.77779],[119.6108,23.77784],[119.61078,23.77789],[119.61078,23.77795],[119.61086,23.77804],[119.61088,23.77813],[119.61094,23.77824],[119.61097,23.77832],[119.61098,23.77839],[119.61094,23.77842],[119.61091,23.77844],[119.61087,23.77843],[119.61083,23.7784],[119.61078,23.77826],[119.61073,23.77822],[119.61067,23.77823],[119.61065,23.77826],[119.61066,23.77832],[119.61068,23.77837],[119.61074,23.77848],[119.61074,23.77852],[119.61073,23.77857],[119.61067,23.77867],[119.6106,23.77876],[119.6105,23.77883],[119.61048,23.77888],[119.61049,23.77893],[119.61055,23.77898],[119.61066,23.77906],[119.61069,23.7791],[119.61075,23.77917],[119.61079,23.77923],[119.61082,23.77925],[119.61085,23.77928],[119.61085,23.77934],[119.61083,23.77939],[119.61079,23.77943],[119.61077,23.77947],[119.61077,23.77951],[119.61079,23.77953],[119.61081,23.77953],[119.61083,23.77957],[119.61085,23.77958],[119.61088,23.77958],[119.6109,23.77958],[119.61094,23.77956],[119.61101,23.77956],[119.61102,23.77957],[119.61102,23.7796],[119.61103,23.77963],[119.61106,23.77965],[119.6111,23.77967],[119.61112,23.7797],[119.61113,23.77977],[119.61115,23.7798],[119.61118,23.77983],[119.6112,23.77988],[119.61121,23.77994],[119.61121,23.77997],[119.6112,23.77997],[119.61118,23.77997],[119.61117,23.77992],[119.61115,23.77988],[119.61111,23.77984],[119.61109,23.77985],[119.61109,23.77988],[119.61112,23.77991],[119.61114,23.78],[119.61116,23.78005],[119.61119,23.78008],[119.61127,23.78007],[119.6113,23.78008],[119.61131,23.7801],[119.61132,23.78012],[119.61137,23.78014],[119.61145,23.78013],[119.61148,23.78011],[119.61149,23.78009],[119.61149,23.77997],[119.6115,23.77995],[119.61156,23.77995],[119.61157,23.77998],[119.61159,23.78001],[119.61162,23.78001],[119.61164,23.78001],[119.61166,23.77999],[119.61168,23.77998],[119.61171,23.77998],[119.61181,23.77998],[119.61186,23.77998],[119.61187,23.77993],[119.61185,23.77989],[119.61182,23.77985],[119.61172,23.77985],[119.61169,23.77984],[119.61166,23.77982],[119.61163,23.77977],[119.6116,23.77972],[119.61156,23.77964],[119.61152,23.77961],[119.6114,23.77961],[119.61138,23.7796],[119.61136,23.77958],[119.61135,23.77957],[119.61126,23.77952],[119.61126,23.77949],[119.61134,23.77947],[119.61136,23.77944],[119.61136,23.7794],[119.6113,23.77931],[119.61126,23.77926],[119.61127,23.77924],[119.61139,23.77925],[119.61139,23.77922],[119.61136,23.77918],[119.6113,23.77917],[119.61126,23.77915],[119.61121,23.7791],[119.61115,23.77907],[119.61101,23.77904],[119.61093,23.77905],[119.61091,23.77905],[119.61091,23.779],[119.6109,23.77897],[119.61086,23.77893],[119.61073,23.77886],[119.61073,23.77883],[119.61078,23.77884],[119.6108,23.77886],[119.61088,23.77887],[119.61091,23.77887],[119.61095,23.77884],[119.61098,23.77884],[119.61102,23.77886],[119.61108,23.77887],[119.6111,23.77886],[119.61113,23.77884],[119.61109,23.77877],[119.61103,23.77867],[119.611,23.77857],[119.611,23.77853],[119.61105,23.77853],[119.61107,23.77856],[119.61111,23.77856],[119.61112,23.77854],[119.61115,23.77854],[119.61117,23.77858],[119.61118,23.77871],[119.61119,23.77874],[119.61122,23.77878],[119.61124,23.77884],[119.61122,23.7789],[119.61122,23.77894],[119.61126,23.77904],[119.61132,23.77908],[119.61138,23.77907],[119.61141,23.77908],[119.61145,23.77911],[119.61147,23.77913],[119.61151,23.77913],[119.61153,23.77913],[119.61154,23.77916],[119.61154,23.77923],[119.61156,23.77926],[119.61159,23.77927],[119.6116,23.77927],[119.6116,23.77923],[119.61159,23.77918],[119.61161,23.77917],[119.61163,23.77922],[119.61164,23.77926],[119.6117,23.7793],[119.61173,23.77934],[119.61177,23.77942],[119.61179,23.77947],[119.61184,23.77948],[119.61185,23.77947],[119.61186,23.77945],[119.61183,23.77925],[119.6118,23.77918],[119.61179,23.77917],[119.61179,23.77916],[119.61183,23.77915],[119.61184,23.77914],[119.61185,23.7791],[119.61184,23.77908],[119.61183,23.77906],[119.61182,23.77903],[119.61183,23.77899],[119.61183,23.77895],[119.61183,23.77891],[119.61181,23.77888],[119.61175,23.77887],[119.61168,23.77884],[119.61167,23.77883],[119.61166,23.77879],[119.61165,23.77877],[119.61159,23.77874],[119.61152,23.77869],[119.61148,23.77864],[119.61144,23.77861],[119.61142,23.77859],[119.6114,23.77855],[119.61139,23.7785],[119.61137,23.77846],[119.61129,23.77838],[119.61128,23.77832],[119.61124,23.77829],[119.6112,23.77828],[119.61117,23.77826],[119.61114,23.77811],[119.61112,23.77811],[119.61112,23.77809],[119.61123,23.77808],[119.61122,23.77803],[119.61117,23.77802],[119.61107,23.77791],[119.61103,23.7778],[119.61099,23.77776]]],[[[119.60794,23.77938],[119.60787,23.77939],[119.60784,23.77943],[119.60784,23.77948],[119.60784,23.77951],[119.60786,23.77954],[119.60788,23.77958],[119.6079,23.77959],[119.6079,23.77961],[119.60789,23.77963],[119.6078,23.77969],[119.60774,23.77975],[119.60766,23.77985],[119.60764,23.7799],[119.60764,23.78006],[119.60765,23.78011],[119.60769,23.78013],[119.60782,23.78012],[119.60788,23.78012],[119.60791,23.7801],[119.60792,23.78007],[119.60791,23.78004],[119.60789,23.78],[119.60786,23.77998],[119.60784,23.77995],[119.60784,23.77993],[119.60787,23.77991],[119.60789,23.77991],[119.6079,23.77992],[119.60793,23.77993],[119.60796,23.77993],[119.60797,23.7799],[119.60797,23.77989],[119.60796,23.77986],[119.60796,23.77983],[119.60798,23.77982],[119.608,23.77982],[119.60802,23.77983],[119.60804,23.77987],[119.60809,23.77992],[119.60811,23.77991],[119.60814,23.7799],[119.60815,23.77987],[119.60814,23.77983],[119.60811,23.77982],[119.60811,23.77979],[119.60811,23.77977],[119.60811,23.77975],[119.60815,23.77972],[119.6082,23.77968],[119.60825,23.77963],[119.60826,23.77959],[119.60825,23.77957],[119.60822,23.77954],[119.60822,23.77949],[119.60822,23.77946],[119.60817,23.77942],[119.60811,23.77943],[119.60808,23.77943],[119.60802,23.77941],[119.60794,23.77938]]],[[[119.6069,23.77849],[119.60688,23.7785],[119.60698,23.77867],[119.60699,23.77873],[119.60699,23.77882],[119.60705,23.7789],[119.60721,23.77903],[119.60724,23.77905],[119.60728,23.77904],[119.60728,23.77901],[119.60726,23.77895],[119.60726,23.77892],[119.60728,23.77891],[119.6073,23.77894],[119.60737,23.77903],[119.60742,23.77906],[119.60747,23.77909],[119.60753,23.77909],[119.60758,23.7791],[119.60766,23.77914],[119.60778,23.77919],[119.60783,23.77919],[119.60785,23.77918],[119.60786,23.77915],[119.60783,23.77908],[119.60778,23.77898],[119.60775,23.77896],[119.60774,23.77893],[119.60774,23.77891],[119.60775,23.77889],[119.6078,23.77886],[119.60786,23.77884],[119.60788,23.7788],[119.60789,23.77878],[119.60791,23.77877],[119.60793,23.77879],[119.60796,23.77886],[119.60805,23.77894],[119.6081,23.77896],[119.60817,23.77897],[119.60818,23.77894],[119.60818,23.77887],[119.60817,23.77883],[119.60814,23.77879],[119.60805,23.77873],[119.60804,23.77867],[119.60804,23.77863],[119.60801,23.7786],[119.60798,23.77857],[119.60795,23.77858],[119.60786,23.77868],[119.6078,23.77874],[119.60768,23.77881],[119.60762,23.77889],[119.60756,23.77894],[119.60749,23.77894],[119.60746,23.77892],[119.60744,23.77888],[119.60737,23.77882],[119.60733,23.77878],[119.60729,23.77874],[119.60728,23.77867],[119.60729,23.77858],[119.60726,23.77853],[119.60722,23.77853],[119.60715,23.77855],[119.60712,23.77859],[119.60709,23.7786],[119.60704,23.77859],[119.60697,23.77854],[119.6069,23.77849]]],[[[119.61128,23.7776],[119.61126,23.7776],[119.61126,23.77762],[119.61126,23.77767],[119.61127,23.77769],[119.61128,23.77771],[119.61128,23.77773],[119.61127,23.77774],[119.61125,23.77778],[119.61125,23.77781],[119.61128,23.77785],[119.61141,23.77793],[119.61141,23.77794],[119.61144,23.77799],[119.61148,23.77805],[119.61149,23.7781],[119.61145,23.77815],[119.61145,23.77822],[119.61141,23.77824],[119.61141,23.77829],[119.61143,23.77831],[119.61145,23.77838],[119.61148,23.7784],[119.6115,23.77844],[119.61151,23.77849],[119.61153,23.77853],[119.61156,23.77853],[119.6116,23.77853],[119.61161,23.77852],[119.61162,23.7785],[119.61163,23.77848],[119.61165,23.77848],[119.61165,23.77849],[119.61166,23.7785],[119.61166,23.77851],[119.6117,23.77853],[119.61173,23.77855],[119.61174,23.77858],[119.61174,23.77862],[119.61176,23.77865],[119.61177,23.77866],[119.61177,23.77868],[119.61178,23.77869],[119.61177,23.77871],[119.61175,23.77873],[119.61174,23.77875],[119.61175,23.77876],[119.61177,23.77876],[119.61184,23.77874],[119.61189,23.77871],[119.61194,23.77866],[119.61196,23.77864],[119.61201,23.77864],[119.61204,23.77866],[119.61207,23.77869],[119.6121,23.77871],[119.61212,23.77873],[119.61212,23.77879],[119.61215,23.77883],[119.61219,23.77885],[119.61226,23.77889],[119.61232,23.77889],[119.61232,23.77885],[119.61229,23.77883],[119.61229,23.7788],[119.61227,23.77872],[119.6122,23.77863],[119.61215,23.77858],[119.61214,23.77853],[119.61215,23.77849],[119.61217,23.77848],[119.6122,23.77851],[119.61223,23.77856],[119.61229,23.77855],[119.6123,23.7785],[119.61231,23.77843],[119.61234,23.77842],[119.61238,23.77838],[119.61237,23.77831],[119.61232,23.77825],[119.61227,23.77825],[119.61223,23.77818],[119.61223,23.77816],[119.61222,23.77813],[119.61219,23.7781],[119.61211,23.77804],[119.61203,23.77796],[119.61203,23.77791],[119.61202,23.77786],[119.61199,23.77783],[119.61196,23.77783],[119.61193,23.77784],[119.6119,23.77787],[119.61187,23.77787],[119.61186,23.77785],[119.61183,23.77781],[119.61183,23.77776],[119.61181,23.77774],[119.6118,23.77773],[119.61176,23.77771],[119.61168,23.7777],[119.6116,23.77772],[119.61152,23.77776],[119.61149,23.77781],[119.61147,23.77784],[119.61146,23.77784],[119.61145,23.77784],[119.61143,23.77782],[119.61142,23.7778],[119.61139,23.77771],[119.61134,23.77765],[119.61131,23.77761],[119.61128,23.7776]]],[[[119.6125,23.77661],[119.61247,23.77662],[119.61242,23.77664],[119.61241,23.77669],[119.61244,23.77675],[119.61244,23.7768],[119.61241,23.77682],[119.61239,23.77685],[119.61239,23.77691],[119.61238,23.77695],[119.61234,23.77699],[119.61233,23.77701],[119.61233,23.77704],[119.61235,23.77706],[119.61236,23.77713],[119.61233,23.77718],[119.61232,23.77725],[119.61235,23.77738],[119.61238,23.77742],[119.61241,23.77743],[119.61243,23.77746],[119.61246,23.77754],[119.61249,23.77758],[119.61253,23.7776],[119.61252,23.77768],[119.61262,23.77777],[119.61264,23.77782],[119.61266,23.77788],[119.61266,23.77799],[119.61262,23.77807],[119.61262,23.7781],[119.61267,23.77815],[119.61273,23.77815],[119.61277,23.77819],[119.61277,23.77824],[119.61284,23.77826],[119.61294,23.77834],[119.61306,23.77833],[119.61307,23.77831],[119.61307,23.77826],[119.61311,23.77826],[119.6132,23.77832],[119.6132,23.77838],[119.61325,23.77841],[119.6133,23.7784],[119.61333,23.77839],[119.61336,23.7784],[119.61336,23.77843],[119.61326,23.77847],[119.61323,23.77851],[119.61322,23.77854],[119.61327,23.77858],[119.6133,23.7786],[119.61331,23.77867],[119.61337,23.77871],[119.61345,23.77873],[119.61358,23.77877],[119.61365,23.77883],[119.61373,23.77883],[119.61382,23.7788],[119.61388,23.77872],[119.61389,23.77862],[119.61396,23.77857],[119.61395,23.7785],[119.61395,23.77842],[119.61397,23.77837],[119.614,23.77833],[119.61399,23.77829],[119.61393,23.7782],[119.61387,23.77814],[119.61387,23.77807],[119.61388,23.77795],[119.61391,23.77777],[119.61387,23.77776],[119.61381,23.77777],[119.61377,23.77783],[119.61376,23.77805],[119.61375,23.7781],[119.61372,23.77811],[119.61366,23.77807],[119.6136,23.77799],[119.61357,23.77797],[119.61353,23.77795],[119.61349,23.77792],[119.61348,23.77785],[119.61342,23.77781],[119.61341,23.77777],[119.6134,23.77768],[119.61337,23.7776],[119.61337,23.77757],[119.61342,23.77752],[119.61347,23.77749],[119.61346,23.77743],[119.61342,23.7774],[119.6134,23.77737],[119.61336,23.77736],[119.61334,23.77738],[119.61333,23.77741],[119.6133,23.77741],[119.61327,23.77739],[119.61328,23.77735],[119.6133,23.77731],[119.6133,23.77723],[119.61337,23.77723],[119.6134,23.7772],[119.6134,23.77715],[119.61337,23.77711],[119.61333,23.77706],[119.61324,23.77704],[119.61313,23.77703],[119.61309,23.77702],[119.61308,23.77698],[119.61303,23.77692],[119.61295,23.77692],[119.61292,23.77692],[119.61292,23.77696],[119.61288,23.777],[119.61286,23.77703],[119.61288,23.77706],[119.6129,23.77707],[119.61289,23.7771],[119.61286,23.77714],[119.61286,23.77718],[119.61287,23.77721],[119.61293,23.77724],[119.61299,23.77729],[119.61301,23.77737],[119.613,23.77748],[119.61298,23.77756],[119.61296,23.77759],[119.61296,23.77768],[119.61296,23.77773],[119.61298,23.77779],[119.61298,23.77782],[119.61294,23.77782],[119.61292,23.77778],[119.61284,23.77773],[119.61283,23.77766],[119.6128,23.77761],[119.61272,23.77753],[119.61273,23.77748],[119.61274,23.77744],[119.61274,23.77737],[119.61271,23.77731],[119.61269,23.77726],[119.61269,23.77719],[119.61272,23.77717],[119.61272,23.77714],[119.6127,23.77711],[119.61268,23.77708],[119.61267,23.77691],[119.61265,23.77688],[119.61267,23.77681],[119.61261,23.77666],[119.61256,23.7766],[119.6125,23.77661]]],[[[119.60749,23.77824],[119.60746,23.77825],[119.60745,23.77826],[119.60745,23.77828],[119.60742,23.7783],[119.60741,23.7783],[119.60735,23.77831],[119.60732,23.77833],[119.60729,23.7784],[119.60729,23.77844],[119.60737,23.77855],[119.60739,23.77864],[119.60746,23.7787],[119.60755,23.77873],[119.60763,23.77875],[119.60765,23.77873],[119.60762,23.77868],[119.60759,23.77867],[119.60755,23.77859],[119.60747,23.77849],[119.60747,23.77847],[119.60748,23.77846],[119.60751,23.77848],[119.60761,23.77857],[119.60769,23.77859],[119.6078,23.7786],[119.60781,23.77857],[119.60778,23.77853],[119.6077,23.77848],[119.60767,23.77837],[119.60765,23.77835],[119.60759,23.77832],[119.60755,23.77826],[119.60749,23.77824]]],[[[119.61209,23.77742],[119.61206,23.77745],[119.61203,23.77748],[119.612,23.7775],[119.61199,23.77755],[119.61199,23.77765],[119.61201,23.77768],[119.61205,23.7777],[119.61206,23.77772],[119.61208,23.77775],[119.61209,23.77778],[119.6121,23.77779],[119.61213,23.77781],[119.61212,23.77791],[119.61213,23.77794],[119.61216,23.77796],[119.61222,23.77797],[119.61226,23.77799],[119.61229,23.77801],[119.61231,23.77807],[119.61234,23.77811],[119.61237,23.77811],[119.61241,23.77811],[119.61246,23.77808],[119.61246,23.77806],[119.61246,23.77802],[119.61243,23.77797],[119.61242,23.77794],[119.61243,23.77784],[119.61242,23.7778],[119.6124,23.77777],[119.61239,23.77773],[119.61239,23.77769],[119.6124,23.77764],[119.61241,23.77761],[119.61237,23.77757],[119.61231,23.77757],[119.61228,23.77758],[119.61226,23.77759],[119.61223,23.77756],[119.61218,23.7775],[119.61216,23.77745],[119.61213,23.77743],[119.61209,23.77742]]],[[[119.61078,23.77707],[119.61072,23.77707],[119.61071,23.7771],[119.61071,23.77721],[119.6107,23.77722],[119.61069,23.77722],[119.61066,23.77722],[119.61063,23.77719],[119.6106,23.77721],[119.61053,23.77725],[119.61045,23.77728],[119.61041,23.77732],[119.6104,23.77736],[119.6104,23.77739],[119.61039,23.77741],[119.61036,23.77743],[119.61033,23.77745],[119.61031,23.77748],[119.61031,23.7775],[119.61033,23.77755],[119.61037,23.7776],[119.6105,23.77758],[119.61053,23.77758],[119.61054,23.7776],[119.61055,23.77765],[119.61056,23.77767],[119.6106,23.77773],[119.61063,23.77776],[119.6107,23.77777],[119.61074,23.77777],[119.61075,23.77776],[119.61076,23.77774],[119.61074,23.77771],[119.61071,23.77768],[119.6107,23.77766],[119.6107,23.77764],[119.61071,23.77762],[119.61071,23.77756],[119.61071,23.7775],[119.61074,23.77747],[119.61077,23.77745],[119.61079,23.77742],[119.61078,23.77735],[119.61076,23.77729],[119.61078,23.77726],[119.61081,23.77714],[119.61081,23.77708],[119.61078,23.77707]]],[[[119.61112,23.77668],[119.61109,23.77669],[119.61108,23.77671],[119.6111,23.77676],[119.61111,23.77679],[119.61111,23.77681],[119.61111,23.77684],[119.61108,23.77687],[119.61105,23.77693],[119.61104,23.77699],[119.61106,23.77709],[119.61109,23.77711],[119.61114,23.77712],[119.61117,23.77708],[119.61119,23.77706],[119.61121,23.77705],[119.61125,23.77706],[119.61127,23.77707],[119.61131,23.77708],[119.61141,23.77709],[119.61146,23.77711],[119.61147,23.77713],[119.61145,23.77718],[119.61145,23.77721],[119.61148,23.77728],[119.61152,23.77737],[119.61153,23.77741],[119.61159,23.77744],[119.61162,23.77744],[119.61163,23.77741],[119.61163,23.77738],[119.61163,23.77735],[119.61165,23.77733],[119.61168,23.77734],[119.61174,23.77734],[119.61176,23.77733],[119.61175,23.7773],[119.61173,23.77725],[119.61172,23.77723],[119.61172,23.77721],[119.61174,23.77715],[119.61174,23.77711],[119.61172,23.77708],[119.61168,23.77709],[119.61166,23.7771],[119.61165,23.77711],[119.61163,23.77711],[119.61161,23.7771],[119.61162,23.77709],[119.61164,23.77708],[119.61165,23.77707],[119.61165,23.77705],[119.61165,23.77695],[119.61163,23.7769],[119.61161,23.77688],[119.61161,23.77684],[119.61161,23.77679],[119.61159,23.77676],[119.61154,23.77672],[119.61151,23.77673],[119.6115,23.77675],[119.61152,23.77681],[119.61152,23.77684],[119.61152,23.77686],[119.61151,23.77688],[119.61149,23.77689],[119.61145,23.77688],[119.61141,23.77683],[119.6114,23.77683],[119.61134,23.77682],[119.6113,23.77681],[119.61119,23.77671],[119.61115,23.77669],[119.61112,23.77668]]],[[[119.61177,23.77606],[119.61174,23.77606],[119.61171,23.77608],[119.61169,23.77612],[119.61166,23.77613],[119.61152,23.77612],[119.6115,23.77613],[119.61149,23.77616],[119.6115,23.77621],[119.6115,23.77623],[119.61149,23.77625],[119.61148,23.77627],[119.61148,23.77629],[119.61148,23.7763],[119.61154,23.77637],[119.61154,23.77638],[119.61155,23.77642],[119.61155,23.77644],[119.61155,23.77646],[119.61163,23.7765],[119.61164,23.77651],[119.61165,23.77653],[119.61165,23.77654],[119.61164,23.77656],[119.61161,23.77661],[119.6116,23.77663],[119.61161,23.77666],[119.61166,23.77671],[119.61173,23.77673],[119.61178,23.77674],[119.61183,23.77675],[119.61186,23.77678],[119.61196,23.77686],[119.61204,23.77688],[119.61211,23.77695],[119.61215,23.77698],[119.61219,23.77698],[119.6122,23.77696],[119.6122,23.77695],[119.6122,23.77692],[119.61219,23.7769],[119.61214,23.77688],[119.61212,23.77686],[119.61211,23.77683],[119.6121,23.77677],[119.61209,23.77675],[119.61198,23.77666],[119.61191,23.77664],[119.6119,23.77665],[119.6119,23.77667],[119.61189,23.77669],[119.61188,23.77669],[119.61187,23.77668],[119.61186,23.77667],[119.61187,23.77664],[119.61187,23.77662],[119.61186,23.7766],[119.61177,23.77649],[119.61177,23.77646],[119.61177,23.77642],[119.61178,23.77641],[119.61183,23.77642],[119.61191,23.77642],[119.61192,23.7764],[119.61192,23.77638],[119.61187,23.77632],[119.61184,23.77629],[119.61181,23.77625],[119.6118,23.77623],[119.6118,23.77619],[119.61181,23.77617],[119.61183,23.77615],[119.61183,23.77613],[119.61183,23.77611],[119.61183,23.77609],[119.6118,23.77606],[119.61177,23.77606]]],[[[119.61169,23.77557],[119.61166,23.77558],[119.61161,23.77561],[119.61157,23.77562],[119.61147,23.77561],[119.61146,23.77563],[119.61147,23.77564],[119.61149,23.77567],[119.6115,23.7757],[119.61154,23.77572],[119.61163,23.77576],[119.6117,23.7758],[119.61174,23.7759],[119.61178,23.77594],[119.61184,23.77594],[119.61191,23.77593],[119.61193,23.77594],[119.61196,23.77598],[119.612,23.77601],[119.61207,23.77603],[119.61214,23.77602],[119.61217,23.77597],[119.61215,23.77595],[119.61212,23.77593],[119.61208,23.77591],[119.61206,23.77588],[119.61204,23.77585],[119.61202,23.77579],[119.612,23.77577],[119.61198,23.77577],[119.61191,23.77578],[119.6119,23.77579],[119.61188,23.77578],[119.61187,23.77575],[119.61185,23.77572],[119.61183,23.77571],[119.61182,23.77569],[119.61182,23.77564],[119.6118,23.77562],[119.61174,23.77557],[119.61169,23.77557]]],[[[119.59878,23.76881],[119.59901,23.76904],[119.59932,23.76894],[119.59951,23.769],[119.59964,23.76912],[119.59965,23.76931],[119.59966,23.76949],[119.59968,23.7697],[119.59988,23.76961],[119.60022,23.76963],[119.60064,23.76952],[119.60094,23.76947],[119.60106,23.7693],[119.60108,23.76897],[119.60125,23.76904],[119.60148,23.76894],[119.60161,23.7691],[119.60173,23.76902],[119.60183,23.76904],[119.60191,23.7693],[119.60195,23.76937],[119.60191,23.76946],[119.60182,23.76952],[119.60185,23.76965],[119.60176,23.76977],[119.6017,23.76992],[119.60168,23.77008],[119.60158,23.77018],[119.60168,23.7703],[119.6017,23.77029],[119.60183,23.77042],[119.60162,23.77051],[119.60201,23.77066],[119.60211,23.77067],[119.60241,23.77083],[119.60267,23.77095],[119.60291,23.77096],[119.60315,23.77098],[119.60341,23.77119],[119.6033,23.77132],[119.60346,23.77149],[119.60355,23.77163],[119.60357,23.77176],[119.60389,23.77181],[119.60394,23.77177],[119.60409,23.77186],[119.60413,23.77199],[119.60407,23.77213],[119.60405,23.77228],[119.60414,23.77235],[119.60424,23.77247],[119.60437,23.77264],[119.60457,23.77272],[119.60468,23.77263],[119.60474,23.7728],[119.6049,23.77275],[119.60505,23.77282],[119.60523,23.77297],[119.60535,23.77322],[119.60448,23.77324],[119.60454,23.77337],[119.60466,23.77357],[119.60472,23.77365],[119.60469,23.77394],[119.60479,23.77399],[119.60487,23.77394],[119.60486,23.77405],[119.60492,23.77415],[119.60499,23.77419],[119.60508,23.77418],[119.60515,23.77413],[119.60518,23.77429],[119.60532,23.77433],[119.60553,23.77447],[119.60567,23.77435],[119.60585,23.77434],[119.60588,23.77454],[119.60588,23.77466],[119.60594,23.77454],[119.60601,23.77446],[119.60608,23.77461],[119.60606,23.77482],[119.60603,23.77512],[119.60623,23.77524],[119.60637,23.77543],[119.60621,23.77562],[119.60587,23.77569],[119.60559,23.77555],[119.60548,23.77535],[119.60561,23.77539],[119.60581,23.77533],[119.60568,23.77516],[119.60538,23.77524],[119.6054,23.77547],[119.60592,23.77577],[119.60624,23.7757],[119.60651,23.77543],[119.60684,23.77537],[119.60684,23.77521],[119.60664,23.77521],[119.60652,23.77529],[119.60646,23.77513],[119.60643,23.77503],[119.60661,23.77504],[119.60657,23.77487],[119.60647,23.77483],[119.6066,23.77482],[119.60662,23.77475],[119.60669,23.77459],[119.60658,23.77449],[119.60672,23.77442],[119.60688,23.77436],[119.60697,23.77432],[119.60709,23.77437],[119.60713,23.77428],[119.60715,23.77423],[119.60727,23.77405],[119.60717,23.77389],[119.60735,23.77377],[119.60731,23.7736],[119.60718,23.77351],[119.60694,23.77343],[119.60678,23.77337],[119.60655,23.77344],[119.60642,23.7733],[119.60788,23.77328],[119.60808,23.77329],[119.60783,23.77298],[119.60772,23.77277],[119.60761,23.77254],[119.60753,23.77224],[119.60739,23.77201],[119.60725,23.77188],[119.60741,23.77185],[119.60748,23.77176],[119.60733,23.77159],[119.60719,23.77136],[119.60713,23.77122],[119.60728,23.77113],[119.60746,23.77105],[119.60738,23.77072],[119.60718,23.77052],[119.60687,23.77028],[119.6065,23.77006],[119.60629,23.7699],[119.60585,23.76967],[119.60568,23.76963],[119.60547,23.76955],[119.60519,23.76934],[119.60493,23.76926],[119.60453,23.76906],[119.60428,23.76895],[119.60419,23.76885],[119.60405,23.7687],[119.60364,23.76833],[119.60331,23.76809],[119.60275,23.76762],[119.60241,23.76722],[119.60224,23.76686],[119.60192,23.76599],[119.60176,23.76585],[119.60166,23.76556],[119.60167,23.7652],[119.60136,23.76439],[119.60123,23.76395],[119.60112,23.76333],[119.60109,23.76287],[119.60096,23.76237],[119.60078,23.76192],[119.60072,23.76146],[119.60058,23.76134],[119.60034,23.76148],[119.6003,23.76168],[119.60024,23.76148],[119.6,23.761],[119.5997,23.76049],[119.59944,23.76009],[119.59937,23.75985],[119.59934,23.75935],[119.59925,23.75888],[119.59926,23.75836],[119.59892,23.7581],[119.5982,23.75781],[119.59779,23.75776],[119.59734,23.75812],[119.59702,23.75839],[119.59697,23.75857],[119.59685,23.7587],[119.59683,23.7591],[119.59687,23.75928],[119.5967,23.75961],[119.59675,23.76024],[119.59672,23.7608],[119.59672,23.76175],[119.59661,23.76194],[119.59646,23.76207],[119.59667,23.76263],[119.59679,23.76269],[119.5969,23.76289],[119.59716,23.76343],[119.5977,23.76422],[119.59806,23.76481],[119.59832,23.76519],[119.59889,23.76577],[119.59878,23.76596],[119.5986,23.76602],[119.59867,23.76625],[119.59869,23.76642],[119.5985,23.76658],[119.59848,23.76703],[119.59883,23.76727],[119.59906,23.76719],[119.59911,23.76719],[119.59911,23.76748],[119.59909,23.76773],[119.59911,23.76789],[119.59938,23.76785],[119.59958,23.76776],[119.59962,23.76777],[119.59976,23.76784],[119.59964,23.76796],[119.59962,23.76836],[119.59934,23.76852],[119.59878,23.76881]]],[[[119.60769,23.77477],[119.60751,23.77479],[119.6075,23.7748],[119.60752,23.77483],[119.60755,23.7749],[119.60755,23.77492],[119.60753,23.77494],[119.60745,23.77498],[119.60739,23.77502],[119.60736,23.77507],[119.60735,23.77509],[119.60737,23.77512],[119.60738,23.77514],[119.60738,23.77517],[119.60737,23.77518],[119.60735,23.77518],[119.60732,23.77518],[119.60731,23.77514],[119.60732,23.77506],[119.6073,23.77501],[119.60726,23.77497],[119.60722,23.77498],[119.60721,23.775],[119.60721,23.77505],[119.60724,23.77513],[119.60729,23.77521],[119.6073,23.77523],[119.60732,23.77528],[119.60732,23.77532],[119.60734,23.77535],[119.60739,23.77538],[119.60749,23.77537],[119.60757,23.77535],[119.60764,23.7753],[119.60764,23.77527],[119.60762,23.77518],[119.6076,23.77515],[119.60755,23.77513],[119.60754,23.7751],[119.60756,23.77507],[119.60758,23.77505],[119.60765,23.775],[119.60766,23.77497],[119.60766,23.77493],[119.60767,23.77486],[119.6077,23.77481],[119.60771,23.77477],[119.60769,23.77477]]],[[[119.60795,23.77441],[119.60789,23.77441],[119.60785,23.77444],[119.60783,23.7745],[119.60782,23.77458],[119.6078,23.77462],[119.60781,23.77478],[119.60783,23.77495],[119.60784,23.775],[119.60789,23.77502],[119.60794,23.775],[119.60798,23.77499],[119.60799,23.77494],[119.608,23.77486],[119.60802,23.77483],[119.60806,23.77474],[119.60806,23.77468],[119.60804,23.77462],[119.60802,23.77457],[119.60801,23.77451],[119.608,23.77447],[119.60799,23.77443],[119.60795,23.77441]]],[[[119.58739,23.76798],[119.58736,23.76799],[119.58733,23.76803],[119.58731,23.76808],[119.58729,23.76811],[119.58725,23.76812],[119.58721,23.76813],[119.58717,23.76815],[119.58713,23.7682],[119.58713,23.76824],[119.58716,23.76827],[119.58719,23.76829],[119.58723,23.76829],[119.58723,23.76826],[119.58728,23.76825],[119.58731,23.76826],[119.58732,23.76831],[119.58733,23.76841],[119.58732,23.76844],[119.5873,23.76847],[119.58727,23.76852],[119.58727,23.76854],[119.58727,23.76856],[119.58728,23.76859],[119.58727,23.76861],[119.58726,23.76861],[119.58722,23.76858],[119.58716,23.76856],[119.58714,23.76854],[119.58708,23.76851],[119.58702,23.76851],[119.587,23.76853],[119.587,23.76856],[119.58702,23.76859],[119.58709,23.7686],[119.58714,23.76862],[119.58721,23.76866],[119.58726,23.76868],[119.58733,23.76867],[119.58735,23.76867],[119.58738,23.76869],[119.58738,23.76872],[119.58737,23.76876],[119.58737,23.7688],[119.5874,23.76881],[119.58743,23.76881],[119.58753,23.76879],[119.58756,23.76877],[119.5876,23.76872],[119.58763,23.76869],[119.5877,23.76864],[119.58772,23.76859],[119.58775,23.76851],[119.58778,23.76844],[119.58778,23.76838],[119.58778,23.76823],[119.58776,23.76819],[119.58765,23.76818],[119.58757,23.76818],[119.58749,23.76816],[119.58747,23.76813],[119.58739,23.76798]]],[[[119.5849,23.76623],[119.58477,23.76624],[119.58472,23.76626],[119.58468,23.76628],[119.58466,23.76633],[119.58467,23.76641],[119.58474,23.76647],[119.58478,23.76653],[119.58477,23.76661],[119.58477,23.76665],[119.58478,23.76669],[119.58479,23.76673],[119.58475,23.76677],[119.58468,23.76679],[119.58465,23.76681],[119.58466,23.76684],[119.58466,23.76687],[119.58465,23.76691],[119.58462,23.76694],[119.58463,23.76698],[119.58461,23.76701],[119.58458,23.76703],[119.58457,23.76708],[119.58461,23.76715],[119.58465,23.7672],[119.58468,23.76726],[119.58467,23.76732],[119.58465,23.76738],[119.58463,23.76737],[119.58455,23.76739],[119.5845,23.76741],[119.58448,23.76745],[119.58448,23.76755],[119.58451,23.76757],[119.58456,23.76757],[119.58458,23.76752],[119.58462,23.7675],[119.58463,23.7675],[119.58464,23.76753],[119.58463,23.76756],[119.5846,23.76759],[119.5846,23.76762],[119.58465,23.76772],[119.58476,23.76781],[119.58486,23.76785],[119.58494,23.76784],[119.58502,23.7678],[119.5851,23.7678],[119.58531,23.76781],[119.58544,23.76781],[119.58544,23.76778],[119.58544,23.76772],[119.58547,23.76769],[119.58554,23.76763],[119.58555,23.76759],[119.58554,23.76754],[119.58554,23.76749],[119.5856,23.76748],[119.58567,23.76745],[119.58579,23.76745],[119.58583,23.76735],[119.58584,23.76727],[119.58586,23.76717],[119.58591,23.7671],[119.5859,23.76701],[119.58586,23.76695],[119.58582,23.76691],[119.58581,23.76685],[119.58578,23.76682],[119.58576,23.76673],[119.58577,23.76665],[119.58575,23.76662],[119.5857,23.7666],[119.5857,23.76657],[119.58564,23.76655],[119.58562,23.76661],[119.58555,23.76667],[119.58549,23.76672],[119.58545,23.76672],[119.58542,23.76667],[119.5854,23.7666],[119.58534,23.76658],[119.58531,23.76656],[119.58529,23.76646],[119.58528,23.76644],[119.58518,23.76644],[119.58518,23.7664],[119.58515,23.7664],[119.58512,23.76641],[119.58509,23.76647],[119.58506,23.76645],[119.58504,23.76642],[119.58496,23.76636],[119.58495,23.76632],[119.58496,23.76627],[119.58495,23.76624],[119.5849,23.76623]]],[[[119.60257,23.76692],[119.60254,23.76693],[119.60252,23.76695],[119.60247,23.76696],[119.60244,23.76698],[119.60242,23.767],[119.60241,23.76703],[119.60241,23.76707],[119.60243,23.76711],[119.60246,23.76719],[119.60247,23.76726],[119.60248,23.76729],[119.60252,23.76732],[119.60262,23.7674],[119.60268,23.76742],[119.60273,23.76743],[119.6028,23.76748],[119.6029,23.76749],[119.60302,23.76749],[119.60311,23.76743],[119.60312,23.76739],[119.60312,23.76735],[119.60309,23.76731],[119.60303,23.76725],[119.60298,23.76721],[119.60294,23.76715],[119.6029,23.76707],[119.60287,23.76703],[119.60285,23.76701],[119.60281,23.76701],[119.60273,23.76699],[119.60269,23.76696],[119.60266,23.76694],[119.60263,23.76693],[119.60257,23.76692]]],[[[119.60368,23.76646],[119.60356,23.76646],[119.60348,23.76649],[119.60343,23.76654],[119.60338,23.76667],[119.60336,23.76671],[119.60336,23.76673],[119.60335,23.76674],[119.60332,23.76672],[119.60329,23.76673],[119.60327,23.76677],[119.60328,23.76687],[119.60331,23.76689],[119.60334,23.76696],[119.60336,23.76702],[119.60352,23.76718],[119.60356,23.76721],[119.60363,23.76722],[119.60381,23.76723],[119.60383,23.76725],[119.60388,23.76727],[119.60397,23.76727],[119.60399,23.76729],[119.60407,23.76727],[119.60408,23.76723],[119.60407,23.76716],[119.60401,23.76707],[119.60394,23.76699],[119.60387,23.76691],[119.60383,23.76685],[119.60381,23.7668],[119.60381,23.76675],[119.60382,23.76667],[119.60381,23.76661],[119.60378,23.76654],[119.60368,23.76646]]],[[[119.60551,23.76559],[119.60547,23.76561],[119.60541,23.76564],[119.60536,23.76565],[119.60532,23.76562],[119.6053,23.76563],[119.60524,23.76567],[119.60518,23.76576],[119.60513,23.76581],[119.60503,23.76584],[119.60495,23.76585],[119.60484,23.76582],[119.60478,23.76582],[119.6047,23.76588],[119.60462,23.76602],[119.60456,23.76608],[119.60449,23.76616],[119.60447,23.76623],[119.60451,23.76637],[119.60453,23.76652],[119.60452,23.76665],[119.60453,23.76676],[119.60459,23.76686],[119.60465,23.76695],[119.60471,23.76699],[119.6048,23.76697],[119.60492,23.76695],[119.605,23.76689],[119.60507,23.7668],[119.60509,23.76676],[119.60512,23.76673],[119.60515,23.76673],[119.60516,23.76676],[119.60523,23.76676],[119.60534,23.76671],[119.60549,23.76665],[119.60558,23.76663],[119.60564,23.76659],[119.60586,23.76648],[119.606,23.76646],[119.60603,23.76644],[119.60607,23.76643],[119.60609,23.7664],[119.60614,23.76635],[119.60616,23.76635],[119.60624,23.76645],[119.60632,23.76649],[119.60638,23.7665],[119.60642,23.76646],[119.60644,23.76641],[119.60645,23.76631],[119.60639,23.7662],[119.60626,23.76609],[119.60622,23.76605],[119.60621,23.76597],[119.60623,23.76592],[119.60622,23.76589],[119.60619,23.76586],[119.60615,23.76584],[119.60605,23.76584],[119.606,23.7658],[119.60599,23.76576],[119.60594,23.76575],[119.6059,23.76574],[119.6059,23.76578],[119.60586,23.7658],[119.60581,23.7658],[119.60577,23.76577],[119.60565,23.76571],[119.60557,23.76563],[119.60552,23.76559],[119.60551,23.76559]]],[[[119.60747,23.76467],[119.60741,23.76467],[119.60735,23.76472],[119.60729,23.76476],[119.60726,23.76478],[119.60722,23.76478],[119.6072,23.76474],[119.60707,23.76476],[119.60688,23.76481],[119.60686,23.76485],[119.6068,23.76486],[119.60676,23.7649],[119.60674,23.76492],[119.60672,23.76494],[119.60664,23.76495],[119.60651,23.76501],[119.60646,23.76505],[119.6064,23.76509],[119.60626,23.7651],[119.60612,23.76515],[119.60604,23.76521],[119.60594,23.76521],[119.60585,23.76525],[119.60573,23.76531],[119.60563,23.76535],[119.60563,23.76538],[119.60565,23.7654],[119.60578,23.76538],[119.60591,23.76537],[119.60599,23.76535],[119.60606,23.76534],[119.60626,23.76531],[119.60639,23.76526],[119.6065,23.76519],[119.60658,23.76516],[119.60667,23.76515],[119.60668,23.76517],[119.60659,23.76525],[119.6065,23.76536],[119.60648,23.76541],[119.60647,23.7655],[119.60653,23.76556],[119.60669,23.76557],[119.60675,23.76558],[119.60685,23.76557],[119.60687,23.76554],[119.60691,23.76553],[119.607,23.76555],[119.60713,23.76559],[119.60724,23.7656],[119.60734,23.76555],[119.60742,23.76549],[119.60749,23.76541],[119.60748,23.76536],[119.60746,23.76531],[119.60746,23.76524],[119.60758,23.76523],[119.60763,23.76517],[119.60766,23.76512],[119.60766,23.76505],[119.60771,23.76495],[119.60769,23.7649],[119.60766,23.76486],[119.60764,23.76477],[119.60759,23.76469],[119.60756,23.76469],[119.60753,23.76469],[119.6075,23.7647],[119.60747,23.76467]]],[[[119.60683,23.75913],[119.60675,23.75914],[119.60671,23.75919],[119.60668,23.75922],[119.60667,23.75926],[119.60666,23.75937],[119.60664,23.7594],[119.60661,23.7594],[119.60659,23.75939],[119.60656,23.75936],[119.6065,23.75927],[119.60645,23.75917],[119.60641,23.75915],[119.60638,23.75916],[119.60635,23.75921],[119.60634,23.75925],[119.60637,23.75934],[119.6064,23.75939],[119.6064,23.75944],[119.6064,23.75946],[119.60639,23.75949],[119.60631,23.75953],[119.60631,23.75957],[119.60631,23.75961],[119.60633,23.75964],[119.60639,23.75972],[119.60653,23.75983],[119.60662,23.75983],[119.60666,23.75981],[119.60668,23.75977],[119.60669,23.75971],[119.6067,23.75968],[119.60673,23.75965],[119.6068,23.7596],[119.60687,23.75954],[119.60689,23.7595],[119.60688,23.75929],[119.60687,23.75919],[119.60683,23.75913]]],[[[119.60623,23.75141],[119.6066,23.75186],[119.60601,23.75201],[119.60677,23.75194],[119.6068,23.75234],[119.60726,23.75241],[119.60811,23.75212],[119.60863,23.75281],[119.60866,23.75332],[119.60835,23.75352],[119.60773,23.75371],[119.60749,23.75378],[119.60729,23.75368],[119.6075,23.75348],[119.60738,23.75318],[119.60689,23.75289],[119.60757,23.75249],[119.60797,23.75252],[119.60719,23.75258],[119.60657,23.75259],[119.60619,23.7526],[119.60568,23.75234],[119.6059,23.75297],[119.6056,23.7526],[119.60567,23.75277],[119.60572,23.753],[119.6058,23.75345],[119.60609,23.75352],[119.60646,23.75378],[119.60656,23.7537],[119.6071,23.75408],[119.60759,23.75405],[119.60793,23.75431],[119.60825,23.7542],[119.60819,23.75472],[119.60777,23.75525],[119.60831,23.75539],[119.60886,23.75551],[119.60953,23.75595],[119.61008,23.75667],[119.61067,23.75718],[119.61103,23.75761],[119.61102,23.75847],[119.61162,23.75834],[119.61154,23.75779],[119.61182,23.75736],[119.61196,23.75679],[119.61213,23.75626],[119.61247,23.75572],[119.61213,23.75498],[119.61178,23.75443],[119.61166,23.75381],[119.61259,23.75281],[119.61348,23.75229],[119.61448,23.75176],[119.61584,23.75153],[119.61675,23.75147],[119.61732,23.7513],[119.61787,23.75096],[119.61821,23.75072],[119.61835,23.75046],[119.619,23.75005],[119.61994,23.74986],[119.62038,23.74978],[119.62095,23.74937],[119.62109,23.74903],[119.62122,23.74883],[119.62143,23.74836],[119.62175,23.74896],[119.6219,23.74934],[119.62193,23.74869],[119.62213,23.74791],[119.62269,23.74785],[119.62282,23.7475],[119.62308,23.74705],[119.6227,23.74701],[119.62284,23.74656],[119.6231,23.74615],[119.62309,23.74543],[119.62299,23.74502],[119.62299,23.74478],[119.62361,23.74405],[119.62349,23.74379],[119.62322,23.74366],[119.62308,23.74314],[119.6231,23.74279],[119.62227,23.74305],[119.62151,23.7427],[119.62104,23.74245],[119.62044,23.74297],[119.61976,23.74218],[119.61918,23.74143],[119.61878,23.74105],[119.61929,23.74097],[119.61913,23.74064],[119.61977,23.74078],[119.61974,23.74041],[119.61927,23.7404],[119.61895,23.74048],[119.61867,23.74048],[119.61814,23.74071],[119.61796,23.741],[119.61834,23.74113],[119.61825,23.74147],[119.61836,23.74173],[119.61715,23.74165],[119.61602,23.74173],[119.61551,23.74081],[119.61555,23.73894],[119.61499,23.74086],[119.61377,23.74074],[119.61258,23.74156],[119.61155,23.74185],[119.61059,23.74125],[119.61,23.74076],[119.61031,23.74008],[119.60981,23.73999],[119.60996,23.73955],[119.60975,23.73905],[119.60993,23.73854],[119.61085,23.73852],[119.61225,23.73846],[119.61341,23.7383],[119.61398,23.73821],[119.61418,23.73799],[119.61455,23.73793],[119.61501,23.73771],[119.61456,23.73726],[119.61414,23.73713],[119.61398,23.73733],[119.61361,23.73781],[119.61253,23.73827],[119.61169,23.73793],[119.61264,23.73737],[119.61303,23.73708],[119.61301,23.73788],[119.61336,23.73786],[119.61268,23.73678],[119.61248,23.73705],[119.61196,23.73719],[119.61195,23.73686],[119.61127,23.73654],[119.61042,23.73685],[119.61066,23.73719],[119.61081,23.73744],[119.61047,23.73815],[119.60942,23.73879],[119.60838,23.73873],[119.60783,23.73831],[119.60722,23.73772],[119.60673,23.73718],[119.60603,23.73606],[119.60554,23.73512],[119.60527,23.73418],[119.60494,23.73329],[119.60473,23.73266],[119.6038,23.73211],[119.60311,23.73132],[119.60304,23.73031],[119.60323,23.72885],[119.60349,23.72744],[119.60384,23.72655],[119.60361,23.72601],[119.60301,23.72562],[119.60281,23.72561],[119.60256,23.7256],[119.60179,23.72576],[119.6013,23.72665],[119.60159,23.72776],[119.60198,23.72939],[119.60176,23.73093],[119.601,23.73267],[119.60054,23.73385],[119.5999,23.73511],[119.59858,23.73622],[119.59753,23.73632],[119.59684,23.7364],[119.59669,23.73699],[119.59607,23.73732],[119.59596,23.73832],[119.59654,23.73901],[119.59676,23.73959],[119.597,23.74013],[119.59728,23.74131],[119.59824,23.74235],[119.60007,23.74312],[119.60198,23.74371],[119.60289,23.74439],[119.60339,23.74505],[119.60423,23.74615],[119.60466,23.74765],[119.60499,23.74893],[119.60553,23.7501],[119.60588,23.75081],[119.60623,23.75141]]],[[[119.60802,23.75786],[119.60798,23.75786],[119.60796,23.75788],[119.60796,23.75792],[119.60805,23.75808],[119.60805,23.75813],[119.60805,23.75815],[119.60804,23.75817],[119.60801,23.75815],[119.60791,23.75807],[119.60782,23.75797],[119.60776,23.75796],[119.60765,23.75796],[119.60754,23.75797],[119.6075,23.758],[119.60749,23.75804],[119.60749,23.75806],[119.60751,23.75808],[119.6076,23.75814],[119.60765,23.75817],[119.60766,23.75819],[119.60766,23.75821],[119.6076,23.7582],[119.60757,23.75822],[119.60757,23.75825],[119.60758,23.75828],[119.6076,23.75832],[119.60761,23.75836],[119.60758,23.75838],[119.60753,23.75838],[119.6075,23.7584],[119.60747,23.75841],[119.60742,23.75841],[119.60737,23.75836],[119.60732,23.75835],[119.60728,23.75836],[119.60726,23.75841],[119.60725,23.75844],[119.60729,23.75852],[119.60733,23.75854],[119.60749,23.75861],[119.60754,23.75862],[119.60766,23.75862],[119.6077,23.75865],[119.60777,23.75873],[119.60779,23.75877],[119.60783,23.7588],[119.6079,23.75879],[119.60797,23.75875],[119.60807,23.75868],[119.60819,23.75858],[119.6083,23.75843],[119.60838,23.7583],[119.60837,23.75812],[119.60833,23.75803],[119.60826,23.75795],[119.6082,23.75797],[119.60814,23.75796],[119.60809,23.75793],[119.60805,23.75788],[119.60802,23.75786]]],[[[119.60701,23.75665],[119.60699,23.75666],[119.60697,23.75666],[119.60697,23.75672],[119.60697,23.75673],[119.60699,23.75681],[119.60701,23.75684],[119.60703,23.75686],[119.60704,23.75688],[119.60704,23.7569],[119.60702,23.75692],[119.607,23.75694],[119.607,23.75696],[119.60699,23.75699],[119.60698,23.75701],[119.60697,23.75703],[119.60696,23.75706],[119.60696,23.75709],[119.60701,23.75713],[119.60703,23.75716],[119.60706,23.75716],[119.6071,23.75719],[119.60713,23.75723],[119.60714,23.75726],[119.6072,23.75729],[119.60722,23.75732],[119.60724,23.75734],[119.60726,23.75733],[119.60726,23.7573],[119.60727,23.75728],[119.60727,23.75728],[119.60741,23.75726],[119.60744,23.75724],[119.60745,23.75723],[119.60748,23.75723],[119.60753,23.75726],[119.60755,23.75726],[119.60761,23.75726],[119.60765,23.75724],[119.60767,23.75723],[119.60776,23.75722],[119.60782,23.75724],[119.60784,23.75727],[119.60791,23.75728],[119.60795,23.75729],[119.608,23.75728],[119.60806,23.75727],[119.6081,23.75727],[119.60817,23.75727],[119.6082,23.75726],[119.6082,23.75723],[119.6082,23.7572],[119.60819,23.75719],[119.60816,23.75717],[119.60812,23.75715],[119.60811,23.75712],[119.60809,23.75705],[119.60809,23.75703],[119.60806,23.75703],[119.60805,23.757],[119.60804,23.75696],[119.60801,23.75694],[119.60798,23.75694],[119.60797,23.75696],[119.60797,23.75699],[119.60796,23.75701],[119.60795,23.75701],[119.60794,23.75701],[119.60791,23.75697],[119.60788,23.75694],[119.60778,23.75692],[119.60773,23.75693],[119.60761,23.75687],[119.60753,23.75687],[119.60748,23.75686],[119.60744,23.75685],[119.60743,23.75679],[119.60741,23.75678],[119.6074,23.75677],[119.60738,23.75676],[119.60735,23.75678],[119.60728,23.75679],[119.60722,23.75679],[119.60717,23.75677],[119.60709,23.75672],[119.60707,23.75667],[119.60703,23.75666],[119.60701,23.75665]]],[[[119.59864,23.75387],[119.5986,23.75387],[119.59859,23.75389],[119.59842,23.754],[119.59831,23.75413],[119.59824,23.75413],[119.59821,23.75414],[119.59822,23.75421],[119.59815,23.75427],[119.59797,23.75427],[119.59792,23.75429],[119.5979,23.75435],[119.59783,23.75437],[119.59777,23.75443],[119.59774,23.75447],[119.5977,23.75448],[119.5976,23.75446],[119.59756,23.75447],[119.59756,23.75451],[119.59756,23.7546],[119.59755,23.75465],[119.59751,23.75469],[119.59744,23.75472],[119.5974,23.75476],[119.5974,23.75481],[119.59732,23.75482],[119.5973,23.75487],[119.59733,23.75494],[119.59741,23.75499],[119.5974,23.75501],[119.59738,23.755],[119.5973,23.75496],[119.59731,23.75496],[119.5973,23.75501],[119.5972,23.75499],[119.59716,23.75499],[119.59713,23.75502],[119.59712,23.75508],[119.59714,23.75511],[119.59718,23.7551],[119.59723,23.75512],[119.59726,23.75516],[119.59732,23.75521],[119.59736,23.75523],[119.59736,23.75526],[119.59727,23.75526],[119.59722,23.75529],[119.59713,23.75534],[119.5971,23.75539],[119.59703,23.7554],[119.59701,23.75544],[119.59708,23.75545],[119.59711,23.75546],[119.59715,23.75546],[119.59716,23.75544],[119.59724,23.75543],[119.59728,23.75541],[119.59732,23.75534],[119.59736,23.7553],[119.59738,23.7553],[119.59742,23.75532],[119.5975,23.75533],[119.59754,23.75529],[119.59754,23.75528],[119.59757,23.75527],[119.59761,23.75527],[119.59766,23.75529],[119.59767,23.75529],[119.59771,23.75526],[119.59771,23.75524],[119.59775,23.75523],[119.5979,23.75524],[119.59794,23.75521],[119.59799,23.75514],[119.59813,23.75504],[119.59814,23.75501],[119.59813,23.75498],[119.59813,23.75493],[119.59825,23.75482],[119.59829,23.75477],[119.59829,23.7547],[119.59839,23.75469],[119.59838,23.75466],[119.59832,23.75464],[119.59832,23.75457],[119.59837,23.75453],[119.5984,23.75447],[119.59846,23.75438],[119.59849,23.75435],[119.59857,23.75433],[119.59863,23.75433],[119.59869,23.75426],[119.59869,23.7542],[119.5987,23.75417],[119.59875,23.75417],[119.59876,23.75419],[119.59885,23.75421],[119.5989,23.7542],[119.59895,23.75415],[119.59897,23.75406],[119.59897,23.754],[119.59892,23.75397],[119.59886,23.75396],[119.59881,23.75397],[119.59877,23.75396],[119.59876,23.75391],[119.59874,23.75388],[119.59872,23.75388],[119.59869,23.75391],[119.59867,23.75391],[119.59864,23.75387]]],[[[119.60916,23.7367],[119.60912,23.73672],[119.60909,23.73676],[119.60908,23.73685],[119.60907,23.73688],[119.60903,23.73697],[119.60895,23.73706],[119.60886,23.73713],[119.60879,23.73722],[119.60875,23.73727],[119.60873,23.73731],[119.6087,23.7374],[119.60867,23.73747],[119.60865,23.73754],[119.60864,23.73762],[119.60867,23.73772],[119.60868,23.73778],[119.60872,23.73784],[119.60875,23.7379],[119.60883,23.73805],[119.60889,23.73809],[119.60894,23.73809],[119.60896,23.73809],[119.609,23.73807],[119.60901,23.73804],[119.60901,23.73801],[119.609,23.738],[119.60897,23.73798],[119.6089,23.73797],[119.60886,23.73793],[119.60882,23.73782],[119.60879,23.73777],[119.60879,23.73765],[119.60881,23.73748],[119.60884,23.7374],[119.60891,23.73727],[119.60901,23.73712],[119.60911,23.73699],[119.60916,23.73694],[119.60918,23.73691],[119.60922,23.7369],[119.60933,23.73691],[119.60971,23.73705],[119.60979,23.73709],[119.61012,23.73727],[119.61022,23.73733],[119.61034,23.73743],[119.61039,23.73749],[119.6104,23.73753],[119.61037,23.73765],[119.61033,23.73773],[119.61027,23.73783],[119.61025,23.73789],[119.61026,23.73792],[119.61027,23.73796],[119.61032,23.73798],[119.61037,23.73798],[119.61044,23.73795],[119.6105,23.73788],[119.61054,23.73779],[119.61056,23.73776],[119.61064,23.73775],[119.6107,23.73772],[119.61071,23.73766],[119.61069,23.73761],[119.61066,23.73759],[119.61061,23.73759],[119.61056,23.73759],[119.61053,23.73755],[119.61052,23.73752],[119.61051,23.73748],[119.61044,23.7374],[119.61033,23.7373],[119.61021,23.73719],[119.60981,23.73701],[119.60975,23.73699],[119.60957,23.73692],[119.60945,23.73688],[119.60937,23.73685],[119.60929,23.7368],[119.60925,23.73673],[119.60921,23.73671],[119.60916,23.7367]]],[[[119.61113,23.73514],[119.61104,23.73513],[119.61101,23.73515],[119.61093,23.73521],[119.61092,23.73533],[119.61095,23.73537],[119.61098,23.73539],[119.61103,23.73536],[119.61104,23.73525],[119.61109,23.73522],[119.61116,23.73523],[119.61124,23.73526],[119.61131,23.7353],[119.61144,23.73544],[119.61159,23.73563],[119.61164,23.73571],[119.61168,23.73578],[119.6117,23.73583],[119.61175,23.73594],[119.6118,23.73604],[119.61183,23.73607],[119.61191,23.73612],[119.61194,23.73617],[119.61193,23.73621],[119.61193,23.73626],[119.61188,23.73633],[119.61181,23.73638],[119.61173,23.73642],[119.6116,23.73643],[119.61155,23.73642],[119.61145,23.73638],[119.61138,23.73636],[119.61134,23.73638],[119.61133,23.73642],[119.61135,23.73647],[119.61141,23.7365],[119.61158,23.73654],[119.6117,23.73654],[119.61182,23.73651],[119.61188,23.73648],[119.61191,23.73643],[119.61193,23.73638],[119.61194,23.73635],[119.61197,23.73632],[119.61202,23.7363],[119.61207,23.73629],[119.61212,23.73625],[119.61215,23.73617],[119.61214,23.73611],[119.61209,23.73606],[119.61203,23.73601],[119.61197,23.736],[119.61192,23.73598],[119.61188,23.73593],[119.61179,23.73578],[119.61176,23.7357],[119.61172,23.73565],[119.61159,23.73546],[119.61145,23.73532],[119.61132,23.73521],[119.61123,23.73515],[119.61113,23.73514]]],[[[119.61068,23.7332],[119.61053,23.73321],[119.61045,23.73325],[119.61041,23.73334],[119.6104,23.73337],[119.61037,23.7334],[119.61034,23.7334],[119.6103,23.73342],[119.6103,23.73345],[119.61032,23.73346],[119.61042,23.73343],[119.61049,23.7334],[119.61061,23.73339],[119.61085,23.73341],[119.61106,23.73347],[119.61122,23.73356],[119.61129,23.73363],[119.61139,23.73379],[119.61146,23.73384],[119.61163,23.73389],[119.61175,23.73396],[119.61189,23.73406],[119.61198,23.73419],[119.6121,23.73433],[119.61218,23.73434],[119.61227,23.73431],[119.61231,23.73424],[119.61231,23.7341],[119.61224,23.73399],[119.61215,23.73385],[119.61201,23.7337],[119.61195,23.73366],[119.61188,23.73365],[119.6118,23.73365],[119.61167,23.73371],[119.61155,23.73376],[119.6115,23.73375],[119.61146,23.73374],[119.61141,23.73369],[119.6114,23.73365],[119.6114,23.73361],[119.61142,23.73358],[119.61146,23.73354],[119.61151,23.7335],[119.61154,23.73346],[119.61155,23.73343],[119.61156,23.7334],[119.61154,23.73337],[119.61148,23.73336],[119.61138,23.73339],[119.61129,23.73341],[119.61117,23.73339],[119.61101,23.73335],[119.61087,23.73332],[119.61078,23.73333],[119.61074,23.73333],[119.61073,23.73332],[119.61073,23.73329],[119.61076,23.73329],[119.61075,23.73324],[119.61074,23.73322],[119.61068,23.7332]]],[[[119.61265,23.7325],[119.61254,23.7325],[119.6125,23.73254],[119.61245,23.73256],[119.61238,23.7327],[119.61233,23.73278],[119.6123,23.73284],[119.61231,23.73297],[119.61232,23.73305],[119.61229,23.73313],[119.61223,23.73325],[119.61218,23.73331],[119.61213,23.73336],[119.61209,23.73339],[119.61206,23.73343],[119.61206,23.73347],[119.61207,23.73351],[119.6121,23.73355],[119.61216,23.73367],[119.61231,23.7339],[119.61241,23.73405],[119.61249,23.73409],[119.61261,23.73409],[119.61265,23.73407],[119.61266,23.73404],[119.61269,23.73398],[119.61272,23.73391],[119.61282,23.73381],[119.61295,23.73368],[119.61297,23.73363],[119.61297,23.73353],[119.61301,23.7334],[119.61307,23.73333],[119.61313,23.7333],[119.61321,23.73328],[119.61327,23.73325],[119.61335,23.73313],[119.6134,23.73299],[119.6134,23.73294],[119.61337,23.73288],[119.61329,23.73281],[119.61315,23.7328],[119.61305,23.73281],[119.61296,23.73283],[119.61292,23.73286],[119.61287,23.73289],[119.61278,23.73291],[119.61274,23.73288],[119.61274,23.73282],[119.61277,23.73273],[119.61282,23.73266],[119.61281,23.7326],[119.61276,23.73255],[119.61265,23.7325]]],[[[119.60993,23.73111],[119.60986,23.73111],[119.60981,23.73113],[119.60976,23.73117],[119.60972,23.73123],[119.60967,23.73125],[119.60945,23.73125],[119.6093,23.73123],[119.60914,23.73119],[119.60893,23.7312],[119.60892,23.73125],[119.609,23.73126],[119.60916,23.73126],[119.60928,23.73129],[119.60947,23.73132],[119.60981,23.73132],[119.60983,23.73134],[119.60984,23.73136],[119.6098,23.73139],[119.60979,23.73143],[119.60979,23.73147],[119.60979,23.73155],[119.60983,23.73175],[119.60985,23.73188],[119.60987,23.73208],[119.60991,23.73219],[119.60994,23.73233],[119.60994,23.73239],[119.60994,23.73255],[119.60994,23.73266],[119.60991,23.7328],[119.60983,23.73315],[119.60981,23.73325],[119.60975,23.73344],[119.60971,23.73357],[119.60965,23.73368],[119.60955,23.73379],[119.60948,23.73381],[119.60947,23.73385],[119.60947,23.73388],[119.60949,23.7339],[119.60952,23.7339],[119.60955,23.7339],[119.60961,23.73385],[119.60974,23.73368],[119.60984,23.73343],[119.60989,23.73326],[119.60994,23.73306],[119.61,23.73271],[119.61002,23.73256],[119.61003,23.73239],[119.61003,23.73231],[119.61002,23.73216],[119.60997,23.73183],[119.60995,23.73178],[119.60993,23.73172],[119.60991,23.73163],[119.60989,23.73154],[119.60988,23.73146],[119.60991,23.73143],[119.60994,23.73141],[119.60998,23.73139],[119.61002,23.73135],[119.61005,23.7313],[119.61004,23.73123],[119.61001,23.73117],[119.60997,23.73114],[119.60993,23.73111]]],[[[119.55522,23.70864],[119.55519,23.70885],[119.55526,23.70925],[119.55527,23.70967],[119.55514,23.70985],[119.555,23.70993],[119.5548,23.70993],[119.55472,23.71001],[119.5546,23.71021],[119.55452,23.71025],[119.55442,23.71024],[119.55431,23.7103],[119.55425,23.71041],[119.55424,23.71062],[119.55413,23.71076],[119.55401,23.71084],[119.5539,23.71079],[119.55384,23.71085],[119.55401,23.71099],[119.55408,23.71106],[119.55402,23.71114],[119.55389,23.71113],[119.55376,23.711],[119.55364,23.71097],[119.55351,23.71108],[119.55335,23.71116],[119.55318,23.71148],[119.55322,23.71164],[119.55343,23.71195],[119.55358,23.71205],[119.55378,23.71232],[119.55403,23.7124],[119.55434,23.71237],[119.55444,23.71243],[119.55438,23.71252],[119.55427,23.71268],[119.55444,23.71266],[119.55465,23.71261],[119.55479,23.71265],[119.55486,23.71273],[119.55488,23.71293],[119.55518,23.71335],[119.55544,23.71366],[119.55556,23.71372],[119.55586,23.7138],[119.55604,23.71387],[119.55608,23.71397],[119.55591,23.71405],[119.55572,23.7141],[119.55547,23.71425],[119.55521,23.71442],[119.55501,23.71454],[119.55495,23.71467],[119.55501,23.71478],[119.55513,23.71477],[119.55527,23.7147],[119.55529,23.71479],[119.55519,23.71492],[119.55498,23.71489],[119.55484,23.71493],[119.55479,23.71508],[119.55487,23.71532],[119.55486,23.71552],[119.5549,23.71574],[119.55482,23.71591],[119.5547,23.71597],[119.55456,23.71586],[119.55441,23.7158],[119.55429,23.71593],[119.55418,23.71627],[119.55419,23.71652],[119.55436,23.71656],[119.55473,23.71638],[119.55497,23.7162],[119.55507,23.71624],[119.55515,23.71647],[119.55526,23.71646],[119.55539,23.71641],[119.55556,23.71653],[119.55579,23.71658],[119.55604,23.71674],[119.5562,23.71704],[119.55616,23.71724],[119.55601,23.71744],[119.55566,23.71757],[119.55537,23.71759],[119.555,23.7177],[119.55475,23.71784],[119.55431,23.71809],[119.55393,23.71841],[119.55377,23.71874],[119.55373,23.71892],[119.55364,23.71913],[119.55342,23.71932],[119.5532,23.71945],[119.55301,23.71937],[119.55296,23.71919],[119.55283,23.71907],[119.55252,23.71898],[119.55209,23.71899],[119.55192,23.71889],[119.55175,23.71873],[119.55154,23.71877],[119.55118,23.71892],[119.55095,23.71908],[119.55097,23.71931],[119.5509,23.7195],[119.55077,23.71975],[119.55084,23.71995],[119.55106,23.7204],[119.55139,23.72063],[119.55163,23.72079],[119.5518,23.72083],[119.55182,23.72097],[119.55197,23.72116],[119.55227,23.72137],[119.55243,23.72155],[119.55249,23.72173],[119.55265,23.72195],[119.55283,23.72192],[119.5528,23.72159],[119.55267,23.72132],[119.55233,23.72103],[119.55215,23.72088],[119.55212,23.72076],[119.55223,23.72061],[119.55227,23.72042],[119.5522,23.72025],[119.55206,23.7201],[119.55168,23.71982],[119.55169,23.71971],[119.55181,23.71977],[119.55227,23.72009],[119.55276,23.72024],[119.5532,23.72023],[119.55375,23.72046],[119.55421,23.7207],[119.5548,23.72107],[119.55504,23.72115],[119.55529,23.721],[119.55568,23.7209],[119.55606,23.72086],[119.55656,23.72076],[119.5568,23.72069],[119.5571,23.72062],[119.55715,23.72035],[119.5573,23.71989],[119.55748,23.71955],[119.55747,23.71939],[119.5574,23.71921],[119.5574,23.71902],[119.55751,23.71886],[119.55786,23.71871],[119.55815,23.71865],[119.55841,23.71878],[119.55866,23.71905],[119.55871,23.71923],[119.5587,23.71952],[119.55876,23.71976],[119.55885,23.72],[119.55893,23.72004],[119.55892,23.71985],[119.55893,23.71951],[119.55897,23.71915],[119.5589,23.71873],[119.55881,23.71849],[119.55862,23.71832],[119.55828,23.71819],[119.55795,23.71823],[119.55769,23.71837],[119.55761,23.71832],[119.55766,23.71806],[119.55758,23.71776],[119.55748,23.71767],[119.55745,23.71761],[119.55755,23.71744],[119.55758,23.71733],[119.5577,23.71726],[119.55777,23.71711],[119.55774,23.71695],[119.55781,23.71687],[119.55806,23.71687],[119.55809,23.71679],[119.55789,23.71666],[119.55769,23.7163],[119.5576,23.71606],[119.55736,23.71588],[119.55713,23.71565],[119.55687,23.71546],[119.55675,23.71532],[119.55674,23.71499],[119.55696,23.71449],[119.55708,23.71416],[119.55701,23.71382],[119.55699,23.71362],[119.55709,23.71338],[119.55746,23.71302],[119.55766,23.71278],[119.5578,23.71234],[119.55792,23.7118],[119.55791,23.71159],[119.55799,23.71144],[119.5583,23.71134],[119.5585,23.71117],[119.55861,23.71098],[119.55845,23.71086],[119.55789,23.71046],[119.55737,23.71017],[119.55663,23.70977],[119.55634,23.70966],[119.55623,23.70951],[119.55604,23.70926],[119.55577,23.70906],[119.55547,23.70891],[119.55536,23.70874],[119.55522,23.70864]]],[[[119.61142,23.71546],[119.61138,23.71546],[119.61134,23.71553],[119.61127,23.71555],[119.61124,23.71559],[119.61124,23.71563],[119.6112,23.71569],[119.61114,23.71576],[119.61113,23.7158],[119.61114,23.71583],[119.61116,23.71584],[119.61119,23.71584],[119.61121,23.71581],[119.61124,23.71578],[119.61126,23.71578],[119.61126,23.71579],[119.61121,23.71585],[119.61116,23.7159],[119.6111,23.7159],[119.61109,23.71598],[119.61112,23.71606],[119.6111,23.71614],[119.61107,23.7162],[119.61102,23.71622],[119.61096,23.71623],[119.6109,23.71619],[119.61084,23.71614],[119.61078,23.71614],[119.61075,23.71614],[119.61072,23.71616],[119.61068,23.71619],[119.61063,23.7162],[119.61058,23.71621],[119.61054,23.71624],[119.61054,23.71627],[119.61055,23.71629],[119.61057,23.7163],[119.61064,23.71629],[119.6107,23.71627],[119.61077,23.71627],[119.61083,23.71629],[119.6109,23.71635],[119.61098,23.71642],[119.611,23.71641],[119.61102,23.71639],[119.61106,23.71637],[119.61111,23.71636],[119.61113,23.71633],[119.61116,23.71628],[119.61116,23.71627],[119.61118,23.71625],[119.61122,23.71624],[119.61126,23.71625],[119.61129,23.71625],[119.61134,23.71623],[119.61136,23.71623],[119.61137,23.71621],[119.61137,23.71616],[119.61136,23.71614],[119.61136,23.71612],[119.61139,23.71611],[119.61143,23.7161],[119.61146,23.71606],[119.61149,23.71601],[119.6115,23.716],[119.61154,23.71599],[119.61173,23.71599],[119.61181,23.71598],[119.61186,23.71595],[119.61188,23.71591],[119.61187,23.71586],[119.61176,23.71586],[119.61168,23.71583],[119.6116,23.71582],[119.61159,23.7158],[119.61159,23.71578],[119.61165,23.71572],[119.61168,23.71566],[119.61168,23.71561],[119.61166,23.71559],[119.61164,23.71557],[119.61159,23.71557],[119.61157,23.71559],[119.61153,23.71559],[119.61151,23.71562],[119.61149,23.71562],[119.61147,23.71561],[119.61147,23.71559],[119.61147,23.71551],[119.61145,23.71548],[119.61142,23.71546]]],[[[119.6121,23.71512],[119.61203,23.71513],[119.61199,23.71516],[119.61197,23.71522],[119.61196,23.71532],[119.61194,23.71534],[119.61192,23.71534],[119.61189,23.71532],[119.61186,23.7153],[119.61184,23.71532],[119.61181,23.71535],[119.61179,23.71538],[119.6117,23.71543],[119.61168,23.71546],[119.61169,23.7155],[119.61176,23.71559],[119.61177,23.71564],[119.61178,23.71568],[119.61183,23.71569],[119.61185,23.71567],[119.61188,23.71564],[119.61192,23.71563],[119.61199,23.71564],[119.61208,23.71571],[119.61223,23.71585],[119.61227,23.71585],[119.61236,23.71585],[119.6124,23.71581],[119.61241,23.71578],[119.61243,23.71575],[119.61247,23.71573],[119.61254,23.71573],[119.6126,23.7157],[119.61263,23.71568],[119.61264,23.71563],[119.61262,23.71557],[119.61254,23.71552],[119.6125,23.7155],[119.61248,23.71546],[119.61245,23.71542],[119.61239,23.71535],[119.61235,23.71532],[119.61226,23.71525],[119.61226,23.71524],[119.61226,23.71522],[119.61227,23.71519],[119.61227,23.71516],[119.61225,23.71516],[119.61222,23.71516],[119.61219,23.71515],[119.61217,23.71513],[119.6121,23.71512]]],[[[119.61253,23.71412],[119.61248,23.71415],[119.61248,23.71418],[119.61249,23.71424],[119.61249,23.7143],[119.61252,23.71435],[119.61256,23.7144],[119.61258,23.71442],[119.61259,23.71446],[119.61252,23.71455],[119.61252,23.71466],[119.61247,23.7147],[119.61243,23.71472],[119.61243,23.71483],[119.61246,23.71486],[119.61255,23.71485],[119.61266,23.71492],[119.61267,23.71498],[119.6127,23.71501],[119.61274,23.71503],[119.61276,23.71504],[119.61278,23.71506],[119.6128,23.71509],[119.6128,23.7151],[119.61279,23.71513],[119.61278,23.71516],[119.61278,23.7152],[119.61282,23.7153],[119.61287,23.71536],[119.61289,23.71537],[119.61293,23.71536],[119.61296,23.71536],[119.613,23.71537],[119.61303,23.71539],[119.61306,23.71538],[119.61308,23.71537],[119.61311,23.71538],[119.61315,23.7154],[119.61319,23.71543],[119.61328,23.71544],[119.61334,23.71542],[119.61339,23.71536],[119.61338,23.71527],[119.61337,23.7151],[119.61335,23.71507],[119.6133,23.71506],[119.61327,23.71508],[119.61325,23.7151],[119.61323,23.71514],[119.61321,23.71515],[119.61319,23.71513],[119.61316,23.71509],[119.61312,23.71508],[119.61308,23.71508],[119.61307,23.71507],[119.61307,23.71506],[119.61308,23.71504],[119.61309,23.71502],[119.61311,23.71501],[119.61312,23.71498],[119.61311,23.71495],[119.61309,23.71493],[119.61307,23.71492],[119.61305,23.71489],[119.61304,23.71486],[119.61303,23.71481],[119.61303,23.71471],[119.61304,23.7147],[119.61308,23.71468],[119.6131,23.71468],[119.61312,23.71467],[119.61312,23.71464],[119.61311,23.71462],[119.61306,23.71458],[119.61304,23.71451],[119.61304,23.71443],[119.61303,23.71437],[119.61293,23.71425],[119.61288,23.71417],[119.61281,23.71414],[119.61275,23.71412],[119.61253,23.71412]]],[[[119.60801,23.71057],[119.60795,23.71061],[119.60787,23.71065],[119.60771,23.71068],[119.60752,23.7107],[119.60738,23.71082],[119.60729,23.71093],[119.60708,23.71121],[119.607,23.71135],[119.60696,23.71145],[119.60695,23.71158],[119.60697,23.71164],[119.60704,23.71171],[119.6071,23.71177],[119.60714,23.71186],[119.60719,23.71203],[119.60731,23.71225],[119.60741,23.7124],[119.60758,23.71265],[119.60778,23.71288],[119.6079,23.71305],[119.60798,23.71313],[119.60807,23.71316],[119.60816,23.71322],[119.60824,23.7133],[119.60831,23.71336],[119.60838,23.7135],[119.60842,23.71352],[119.60846,23.71354],[119.6086,23.7136],[119.60871,23.71362],[119.60875,23.71365],[119.60877,23.71369],[119.6088,23.71369],[119.60884,23.71365],[119.60888,23.71354],[119.6089,23.71344],[119.60891,23.71338],[119.60903,23.71324],[119.60911,23.71318],[119.60915,23.71312],[119.60916,23.71306],[119.60917,23.71292],[119.60922,23.71279],[119.60925,23.71275],[119.60932,23.71263],[119.60953,23.71229],[119.60966,23.71212],[119.60972,23.71202],[119.60973,23.71194],[119.60977,23.71187],[119.60982,23.71182],[119.60983,23.71174],[119.60989,23.71162],[119.60992,23.71155],[119.61004,23.71131],[119.61019,23.71117],[119.61019,23.7111],[119.61018,23.71101],[119.61015,23.71097],[119.61008,23.71093],[119.60996,23.71087],[119.6099,23.71081],[119.60985,23.71075],[119.60983,23.71073],[119.60979,23.71071],[119.60973,23.71068],[119.60967,23.71066],[119.60961,23.71065],[119.60937,23.71066],[119.60916,23.71066],[119.60903,23.7106],[119.6089,23.71058],[119.60882,23.7106],[119.60876,23.71061],[119.60863,23.71059],[119.60842,23.71057],[119.60833,23.71054],[119.6082,23.71055],[119.60801,23.71057]]],[[[119.60943,23.71341],[119.60938,23.71341],[119.60936,23.71342],[119.60933,23.71345],[119.60928,23.7135],[119.60926,23.71356],[119.60926,23.7136],[119.60927,23.71363],[119.6093,23.71366],[119.60932,23.71368],[119.60937,23.71368],[119.60945,23.71364],[119.60952,23.71359],[119.60954,23.71357],[119.60955,23.71352],[119.60954,23.71348],[119.60949,23.71343],[119.60943,23.71341]]],[[[119.60992,23.71306],[119.6099,23.71306],[119.60987,23.71309],[119.60981,23.71314],[119.60978,23.71314],[119.60962,23.71314],[119.60958,23.71316],[119.60957,23.71321],[119.60956,23.71326],[119.60957,23.7133],[119.6096,23.71333],[119.60966,23.71336],[119.60972,23.71342],[119.60972,23.71344],[119.60974,23.71351],[119.60976,23.71353],[119.60978,23.71354],[119.60981,23.71354],[119.60987,23.71353],[119.60994,23.71352],[119.60999,23.71353],[119.61007,23.71355],[119.61011,23.71355],[119.6102,23.71353],[119.61021,23.71351],[119.61026,23.71349],[119.61029,23.71346],[119.61031,23.71343],[119.61031,23.71339],[119.61031,23.71333],[119.61031,23.7133],[119.6103,23.71328],[119.61027,23.71326],[119.61021,23.71323],[119.61018,23.71323],[119.61014,23.71322],[119.61005,23.71315],[119.61003,23.71313],[119.60998,23.7131],[119.60996,23.71309],[119.60995,23.71306],[119.60992,23.71306]]],[[[119.61019,23.71254],[119.61016,23.71255],[119.61015,23.71256],[119.61016,23.71258],[119.61021,23.71266],[119.61022,23.71277],[119.6102,23.71284],[119.61017,23.71286],[119.61009,23.71286],[119.61001,23.71285],[119.60994,23.71283],[119.60989,23.71281],[119.60986,23.71281],[119.60981,23.71283],[119.6098,23.71286],[119.60982,23.71289],[119.60985,23.71294],[119.60992,23.71296],[119.60995,23.71296],[119.60997,23.71299],[119.61001,23.71303],[119.61003,23.71305],[119.61012,23.71305],[119.61019,23.71306],[119.61021,23.71307],[119.61022,23.71308],[119.61027,23.71311],[119.61033,23.7131],[119.61035,23.71309],[119.61036,23.71306],[119.61034,23.71301],[119.61029,23.71294],[119.61025,23.71291],[119.61023,23.71289],[119.61023,23.71287],[119.61025,23.71284],[119.61032,23.71274],[119.61032,23.71272],[119.61032,23.7127],[119.61031,23.71267],[119.61027,23.71262],[119.61022,23.71256],[119.61019,23.71254]]],[[[119.56676,23.7105],[119.56665,23.7105],[119.56654,23.71058],[119.56642,23.7107],[119.56633,23.71077],[119.56619,23.71083],[119.56604,23.71092],[119.56591,23.71103],[119.56581,23.71118],[119.56574,23.71128],[119.56569,23.71139],[119.56563,23.71158],[119.56557,23.71185],[119.56547,23.7122],[119.56545,23.71242],[119.56545,23.7126],[119.56549,23.7127],[119.56556,23.71274],[119.56564,23.71271],[119.56569,23.7126],[119.56572,23.7125],[119.56573,23.71244],[119.56581,23.7124],[119.56585,23.71235],[119.5659,23.71232],[119.56594,23.71232],[119.56606,23.7124],[119.5661,23.71239],[119.56617,23.71231],[119.56621,23.71222],[119.56626,23.71217],[119.56631,23.71212],[119.56639,23.71207],[119.56653,23.71204],[119.56664,23.71203],[119.5668,23.71208],[119.56699,23.7122],[119.56724,23.71234],[119.56742,23.71245],[119.5675,23.71249],[119.56759,23.71246],[119.56762,23.71242],[119.56761,23.71237],[119.56753,23.71231],[119.56745,23.71215],[119.56744,23.71209],[119.56743,23.7118],[119.5674,23.71167],[119.56733,23.7115],[119.56727,23.71136],[119.56726,23.71127],[119.56721,23.71115],[119.56714,23.71099],[119.56691,23.7106],[119.56683,23.71052],[119.56676,23.7105]]],[[[119.60954,23.70892],[119.6095,23.70893],[119.60944,23.70903],[119.60938,23.7092],[119.60937,23.70932],[119.60937,23.70934],[119.6094,23.70935],[119.60944,23.70935],[119.60948,23.70937],[119.60955,23.70938],[119.60958,23.70937],[119.60961,23.70936],[119.60968,23.70941],[119.60971,23.70953],[119.6097,23.70956],[119.60969,23.70959],[119.60965,23.7096],[119.6096,23.70961],[119.60956,23.70962],[119.60953,23.70964],[119.6095,23.70969],[119.60953,23.70974],[119.60953,23.70985],[119.60956,23.70991],[119.60959,23.70994],[119.60961,23.70996],[119.60986,23.71024],[119.60991,23.71026],[119.61001,23.71028],[119.61013,23.7103],[119.61023,23.7103],[119.61028,23.71031],[119.61032,23.71035],[119.61035,23.71043],[119.61034,23.71049],[119.61033,23.71055],[119.61034,23.71058],[119.6104,23.7106],[119.61045,23.71064],[119.61046,23.71068],[119.61051,23.71073],[119.61057,23.71077],[119.61059,23.71081],[119.61063,23.71085],[119.61077,23.7109],[119.61081,23.71093],[119.61084,23.71105],[119.61091,23.7111],[119.61096,23.71111],[119.611,23.71107],[119.611,23.711],[119.61096,23.71085],[119.611,23.71081],[119.61103,23.71082],[119.61109,23.71083],[119.61113,23.71084],[119.61119,23.7108],[119.61122,23.7108],[119.61125,23.71082],[119.6113,23.71085],[119.61142,23.71089],[119.6115,23.7109],[119.61151,23.71093],[119.61151,23.71095],[119.6115,23.71102],[119.61152,23.71109],[119.61157,23.71115],[119.61159,23.71122],[119.6116,23.71127],[119.6116,23.71134],[119.61159,23.71143],[119.61155,23.71153],[119.61155,23.71158],[119.61158,23.71162],[119.61164,23.71169],[119.61169,23.71171],[119.61173,23.71168],[119.61174,23.71162],[119.61173,23.71151],[119.61171,23.71141],[119.61168,23.71134],[119.61169,23.71128],[119.61174,23.7112],[119.61178,23.71114],[119.61177,23.71107],[119.61179,23.71106],[119.6118,23.71106],[119.61189,23.71114],[119.61199,23.71128],[119.61211,23.71138],[119.61215,23.71141],[119.61222,23.7114],[119.6123,23.71136],[119.61235,23.71134],[119.61244,23.71135],[119.61247,23.71134],[119.61256,23.71126],[119.61259,23.71121],[119.61261,23.71116],[119.6126,23.71109],[119.61256,23.71104],[119.61249,23.71104],[119.61241,23.71107],[119.61233,23.71112],[119.61228,23.71112],[119.61222,23.71113],[119.6122,23.71111],[119.6122,23.71107],[119.61222,23.71104],[119.61226,23.71101],[119.61229,23.71098],[119.61232,23.71092],[119.61236,23.71087],[119.6124,23.71084],[119.61247,23.71076],[119.61251,23.71067],[119.61257,23.71055],[119.61259,23.71052],[119.61262,23.71044],[119.61264,23.71037],[119.61267,23.71031],[119.6127,23.71022],[119.61272,23.71016],[119.6127,23.71011],[119.61267,23.71009],[119.61265,23.71012],[119.61263,23.71021],[119.61258,23.71037],[119.61255,23.71041],[119.61247,23.71054],[119.61242,23.71065],[119.61234,23.71075],[119.61228,23.71082],[119.61223,23.71088],[119.61218,23.71095],[119.61217,23.71097],[119.61213,23.71097],[119.6121,23.71096],[119.61207,23.71092],[119.61204,23.71089],[119.61201,23.71086],[119.61196,23.71085],[119.61193,23.71084],[119.61189,23.7108],[119.61185,23.71075],[119.61181,23.71071],[119.6118,23.71068],[119.61177,23.71067],[119.61166,23.71067],[119.61162,23.71066],[119.61158,23.71064],[119.6115,23.71063],[119.61138,23.71064],[119.61136,23.7106],[119.61134,23.71058],[119.61127,23.71058],[119.61123,23.71054],[119.61119,23.7105],[119.61114,23.71049],[119.61108,23.7105],[119.61104,23.7105],[119.61095,23.71048],[119.61093,23.71044],[119.61091,23.71036],[119.61088,23.71035],[119.61074,23.71034],[119.61068,23.71032],[119.61063,23.71033],[119.6106,23.71031],[119.61057,23.71031],[119.61054,23.71034],[119.61048,23.7104],[119.61045,23.7104],[119.6104,23.71038],[119.6104,23.71034],[119.6104,23.71031],[119.61038,23.71029],[119.61032,23.71028],[119.61028,23.71026],[119.61028,23.71022],[119.61026,23.71021],[119.61022,23.7102],[119.61018,23.71023],[119.61013,23.71022],[119.6101,23.71021],[119.6101,23.71017],[119.61009,23.71015],[119.61005,23.71014],[119.61,23.71011],[119.60994,23.71004],[119.60987,23.70997],[119.60984,23.70995],[119.6098,23.70993],[119.60975,23.7099],[119.6097,23.70985],[119.60968,23.70975],[119.60964,23.70968],[119.60966,23.70967],[119.60973,23.70964],[119.60977,23.70963],[119.60984,23.70956],[119.60988,23.7095],[119.60988,23.70944],[119.60987,23.70939],[119.60983,23.70931],[119.60982,23.70928],[119.60982,23.70924],[119.60981,23.70918],[119.60976,23.70912],[119.60973,23.70909],[119.60971,23.70906],[119.60963,23.70899],[119.60958,23.70893],[119.60954,23.70892]]],[[[119.60837,23.71018],[119.6083,23.71017],[119.60819,23.71025],[119.60816,23.7103],[119.60816,23.71034],[119.60821,23.71036],[119.60827,23.71038],[119.60834,23.71038],[119.60859,23.71041],[119.60871,23.71042],[119.60881,23.71044],[119.60884,23.71044],[119.60887,23.71043],[119.60892,23.71041],[119.60901,23.71041],[119.60908,23.71039],[119.6092,23.71042],[119.60934,23.71044],[119.60943,23.71048],[119.60953,23.71049],[119.60954,23.71045],[119.60951,23.71043],[119.60942,23.71038],[119.60937,23.71035],[119.6093,23.71034],[119.60921,23.71034],[119.60906,23.71033],[119.60896,23.71031],[119.60885,23.71028],[119.60872,23.71024],[119.60858,23.7102],[119.60845,23.7102],[119.60837,23.71018]]],[[[119.59356,23.69492],[119.59351,23.69494],[119.59344,23.69499],[119.59335,23.69507],[119.59332,23.69514],[119.59333,23.69524],[119.59329,23.6953],[119.59321,23.69537],[119.59317,23.69543],[119.59317,23.69557],[119.59319,23.69566],[119.59317,23.69569],[119.59311,23.69576],[119.59307,23.69579],[119.59292,23.69583],[119.59286,23.69586],[119.59279,23.69591],[119.59271,23.69599],[119.59271,23.69603],[119.59272,23.69606],[119.59275,23.69608],[119.5928,23.6961],[119.59281,23.69612],[119.59281,23.69614],[119.59279,23.69617],[119.59277,23.69622],[119.59277,23.69627],[119.59282,23.6963],[119.59289,23.69632],[119.59293,23.6963],[119.59296,23.69628],[119.59304,23.6962],[119.59317,23.69607],[119.59329,23.69601],[119.59333,23.696],[119.59336,23.69602],[119.59343,23.69605],[119.59346,23.69607],[119.59357,23.69607],[119.5936,23.69605],[119.59361,23.69603],[119.59362,23.696],[119.5936,23.69591],[119.59353,23.69578],[119.59346,23.69565],[119.59343,23.69557],[119.59341,23.6955],[119.59341,23.69548],[119.59341,23.69543],[119.59343,23.69533],[119.59349,23.69526],[119.59355,23.6952],[119.59362,23.69508],[119.59364,23.69501],[119.5936,23.69494],[119.59356,23.69492]]],[[[119.565,23.69361],[119.56492,23.69362],[119.56484,23.69364],[119.56482,23.6937],[119.56486,23.69376],[119.56491,23.69382],[119.56491,23.69386],[119.5649,23.69391],[119.56484,23.69395],[119.56483,23.69399],[119.56485,23.69409],[119.56483,23.69415],[119.56476,23.69419],[119.56467,23.69419],[119.56461,23.69414],[119.56456,23.69406],[119.56448,23.69407],[119.56445,23.6941],[119.56444,23.6942],[119.56443,23.69428],[119.56438,23.69436],[119.56431,23.69444],[119.56421,23.69462],[119.56415,23.69471],[119.56408,23.69481],[119.56394,23.69492],[119.56384,23.69502],[119.56379,23.69506],[119.56366,23.69505],[119.56362,23.69508],[119.56358,23.6951],[119.56338,23.6951],[119.5633,23.69516],[119.56327,23.69522],[119.56328,23.69529],[119.56347,23.69542],[119.56363,23.6956],[119.56371,23.69565],[119.56383,23.69565],[119.56386,23.6956],[119.56385,23.69553],[119.56378,23.69546],[119.56376,23.69543],[119.56378,23.6954],[119.56382,23.69539],[119.56391,23.69544],[119.564,23.69549],[119.5641,23.69547],[119.56416,23.69536],[119.56415,23.6953],[119.5641,23.69527],[119.56403,23.69525],[119.56402,23.69521],[119.56405,23.69517],[119.56414,23.69513],[119.56427,23.69511],[119.56441,23.69511],[119.56449,23.69515],[119.56457,23.69516],[119.56461,23.69521],[119.56461,23.69526],[119.56458,23.69531],[119.56459,23.69535],[119.5648,23.69534],[119.56493,23.69533],[119.56501,23.69529],[119.56511,23.69505],[119.56516,23.69491],[119.56519,23.69484],[119.56519,23.69471],[119.56513,23.69455],[119.56513,23.69439],[119.56517,23.6943],[119.56526,23.69422],[119.5653,23.69419],[119.56536,23.69418],[119.56542,23.69421],[119.56548,23.69427],[119.56555,23.69427],[119.5656,23.69422],[119.56568,23.69405],[119.56567,23.69394],[119.5656,23.69383],[119.5655,23.69375],[119.56541,23.6937],[119.56529,23.69366],[119.56515,23.69366],[119.56508,23.69363],[119.565,23.69361]]],[[[119.5949,23.69118],[119.59485,23.69118],[119.59477,23.69131],[119.59472,23.69152],[119.59471,23.69165],[119.59468,23.69171],[119.59459,23.69175],[119.59451,23.69176],[119.59443,23.69178],[119.59437,23.69186],[119.59433,23.69194],[119.59433,23.69205],[119.59435,23.69212],[119.59442,23.69214],[119.59453,23.69214],[119.5946,23.69217],[119.59464,23.69222],[119.59466,23.69227],[119.59463,23.69234],[119.59464,23.69239],[119.59467,23.69247],[119.5947,23.69252],[119.59473,23.69255],[119.59472,23.69263],[119.59469,23.69271],[119.59466,23.69282],[119.59459,23.693],[119.59453,23.69311],[119.59444,23.69319],[119.59436,23.69324],[119.59431,23.69326],[119.59425,23.69333],[119.5942,23.69348],[119.59415,23.69355],[119.59413,23.6936],[119.59408,23.69363],[119.59394,23.69364],[119.59388,23.69364],[119.5938,23.6937],[119.59371,23.69383],[119.59365,23.6939],[119.59357,23.69411],[119.59349,23.69427],[119.59347,23.69434],[119.59347,23.69443],[119.59347,23.69445],[119.59352,23.69447],[119.59358,23.69443],[119.59362,23.69443],[119.59365,23.69445],[119.59368,23.69451],[119.59367,23.69468],[119.5937,23.69478],[119.59377,23.69486],[119.59389,23.69487],[119.59402,23.69476],[119.59412,23.69464],[119.59418,23.69453],[119.59422,23.69444],[119.59424,23.69433],[119.59427,23.69427],[119.59435,23.69422],[119.59443,23.69419],[119.5946,23.69421],[119.59473,23.69416],[119.5949,23.69412],[119.59504,23.69408],[119.59511,23.69401],[119.59515,23.69391],[119.59517,23.69381],[119.59519,23.69374],[119.59523,23.6937],[119.5953,23.69367],[119.59534,23.69362],[119.59534,23.69356],[119.59532,23.6935],[119.59527,23.69345],[119.59522,23.69343],[119.59517,23.6934],[119.59514,23.69336],[119.59513,23.69332],[119.59517,23.69329],[119.59527,23.69322],[119.59531,23.69319],[119.59534,23.69315],[119.59535,23.6931],[119.59535,23.693],[119.59538,23.6928],[119.59544,23.69267],[119.59544,23.69258],[119.59542,23.69249],[119.59541,23.69239],[119.59544,23.69224],[119.59547,23.69214],[119.59547,23.69204],[119.59542,23.69191],[119.59538,23.69181],[119.5953,23.69174],[119.59526,23.69163],[119.59523,23.69148],[119.59513,23.69137],[119.59501,23.69127],[119.59492,23.69119],[119.5949,23.69118]]],[[[119.67004,23.69278],[119.66997,23.69278],[119.66992,23.69279],[119.66991,23.69285],[119.66987,23.69288],[119.66985,23.69292],[119.66984,23.69295],[119.66981,23.69302],[119.66978,23.69303],[119.66974,23.69299],[119.66975,23.69293],[119.66974,23.69289],[119.66969,23.69288],[119.66966,23.69289],[119.66961,23.69296],[119.66961,23.69307],[119.66963,23.69311],[119.66974,23.69311],[119.66975,23.69314],[119.66979,23.69314],[119.66987,23.69309],[119.66992,23.6931],[119.66997,23.69313],[119.67005,23.69316],[119.67015,23.69322],[119.67021,23.69329],[119.67022,23.69332],[119.6702,23.69335],[119.67017,23.6934],[119.67018,23.69348],[119.67018,23.6935],[119.67024,23.69363],[119.67026,23.69365],[119.67032,23.69364],[119.67035,23.6936],[119.67038,23.69355],[119.67041,23.69353],[119.67043,23.69353],[119.67049,23.6936],[119.67061,23.69375],[119.67066,23.69378],[119.67071,23.69379],[119.67076,23.69378],[119.67078,23.69376],[119.67081,23.69375],[119.67084,23.69378],[119.67091,23.69386],[119.67093,23.69387],[119.67101,23.69385],[119.67102,23.69379],[119.67103,23.69374],[119.67104,23.6937],[119.67097,23.69358],[119.67093,23.69352],[119.67092,23.69345],[119.6709,23.69342],[119.67086,23.69341],[119.67084,23.69341],[119.6708,23.69337],[119.67076,23.69334],[119.67076,23.6933],[119.67078,23.69327],[119.67079,23.69324],[119.67078,23.69321],[119.67077,23.6932],[119.67073,23.6932],[119.6707,23.69319],[119.67068,23.69316],[119.67067,23.6931],[119.67067,23.69306],[119.67063,23.69302],[119.67058,23.69296],[119.67055,23.69293],[119.67051,23.69293],[119.67047,23.69297],[119.67043,23.69296],[119.6704,23.69295],[119.67039,23.69292],[119.67025,23.69292],[119.67021,23.69289],[119.67021,23.69284],[119.67016,23.6928],[119.67009,23.69279],[119.67004,23.69278]]],[[[119.55965,23.69339],[119.55962,23.69339],[119.55952,23.69352],[119.55936,23.69381],[119.55926,23.69398],[119.55926,23.6941],[119.55927,23.69414],[119.5594,23.69424],[119.55945,23.69426],[119.5595,23.69427],[119.5596,23.69428],[119.55968,23.69427],[119.55982,23.69419],[119.55987,23.69411],[119.55989,23.69405],[119.55987,23.69402],[119.55983,23.69396],[119.55975,23.69386],[119.55969,23.69367],[119.55967,23.69347],[119.55965,23.69339]]],[[[119.65244,23.69071],[119.65241,23.69071],[119.65232,23.69073],[119.65225,23.69079],[119.65216,23.69093],[119.6521,23.69097],[119.65202,23.69098],[119.6518,23.69094],[119.65168,23.69099],[119.65167,23.69107],[119.65171,23.69115],[119.65181,23.69124],[119.65183,23.69131],[119.65181,23.69137],[119.65174,23.69144],[119.65159,23.69147],[119.65154,23.69152],[119.65149,23.69159],[119.65152,23.69167],[119.65163,23.69171],[119.65182,23.69175],[119.65185,23.69181],[119.65176,23.69188],[119.65171,23.69191],[119.65168,23.69212],[119.65167,23.69223],[119.65156,23.69229],[119.6515,23.69234],[119.65145,23.69234],[119.65144,23.69229],[119.65146,23.69224],[119.65149,23.69219],[119.65149,23.69213],[119.65146,23.69209],[119.65138,23.69212],[119.65137,23.69209],[119.65137,23.69206],[119.65141,23.69202],[119.65142,23.69195],[119.65138,23.69193],[119.65127,23.69194],[119.65119,23.69193],[119.65106,23.69182],[119.65098,23.69181],[119.65091,23.69174],[119.65091,23.69166],[119.65089,23.69157],[119.65078,23.6915],[119.65072,23.69152],[119.65059,23.69158],[119.65043,23.69168],[119.65042,23.69177],[119.65045,23.6918],[119.6505,23.69182],[119.65059,23.69179],[119.65065,23.69177],[119.65069,23.69177],[119.65071,23.69183],[119.65067,23.69187],[119.65055,23.69196],[119.65053,23.69211],[119.65047,23.69211],[119.65046,23.69217],[119.6505,23.6922],[119.65047,23.69225],[119.65042,23.69228],[119.6504,23.69232],[119.65043,23.69236],[119.65046,23.69242],[119.65042,23.69246],[119.65036,23.69251],[119.65033,23.69258],[119.65035,23.69269],[119.65033,23.69276],[119.65024,23.69277],[119.6502,23.69281],[119.65024,23.69291],[119.65021,23.69295],[119.65012,23.69302],[119.65002,23.69307],[119.64984,23.69303],[119.64963,23.69307],[119.64955,23.69316],[119.64953,23.69325],[119.64956,23.69335],[119.64968,23.69344],[119.6498,23.69343],[119.64997,23.69334],[119.65009,23.69332],[119.65034,23.69332],[119.65045,23.6934],[119.65063,23.69356],[119.65075,23.69362],[119.65088,23.69364],[119.65109,23.69362],[119.65117,23.69364],[119.6513,23.69376],[119.65137,23.69379],[119.65145,23.69376],[119.65151,23.69377],[119.6517,23.69383],[119.65183,23.69381],[119.65192,23.69373],[119.65194,23.69354],[119.65192,23.69342],[119.65193,23.69336],[119.65198,23.69336],[119.6521,23.69341],[119.65221,23.69344],[119.65229,23.6934],[119.65235,23.69333],[119.65235,23.69325],[119.6523,23.69313],[119.65227,23.69305],[119.65231,23.69298],[119.65245,23.69289],[119.6526,23.69281],[119.6527,23.69278],[119.65296,23.69279],[119.653,23.69273],[119.653,23.69266],[119.65296,23.69257],[119.65297,23.6925],[119.65301,23.69248],[119.65311,23.69245],[119.65316,23.69236],[119.65323,23.69227],[119.65327,23.69219],[119.65326,23.69214],[119.65319,23.6921],[119.65316,23.69201],[119.65308,23.69186],[119.65295,23.69179],[119.65287,23.69172],[119.65286,23.69159],[119.65283,23.69145],[119.6529,23.69135],[119.65296,23.6913],[119.65301,23.69118],[119.653,23.6911],[119.6529,23.69104],[119.65272,23.69084],[119.6526,23.69073],[119.65244,23.69071]]],[[[119.55957,23.69305],[119.55955,23.69305],[119.55952,23.69308],[119.55945,23.69311],[119.55942,23.69315],[119.55943,23.69319],[119.55946,23.69321],[119.55951,23.69321],[119.55957,23.69321],[119.55959,23.6932],[119.55962,23.69316],[119.55962,23.69309],[119.55957,23.69305]]],[[[119.5572,23.69086],[119.55697,23.69087],[119.55681,23.69096],[119.55667,23.69107],[119.55661,23.69116],[119.5566,23.69125],[119.55662,23.69137],[119.55669,23.69147],[119.55676,23.69154],[119.55685,23.69155],[119.55701,23.69154],[119.55708,23.69156],[119.55712,23.69158],[119.55713,23.69164],[119.55715,23.69175],[119.55717,23.69189],[119.55727,23.69194],[119.5573,23.69201],[119.55731,23.69209],[119.55734,23.69216],[119.5574,23.69221],[119.55759,23.69239],[119.5577,23.69246],[119.55788,23.69244],[119.55794,23.69242],[119.55798,23.69225],[119.55795,23.69218],[119.55782,23.69203],[119.55775,23.69194],[119.55772,23.69188],[119.55776,23.69182],[119.55786,23.69174],[119.55788,23.69172],[119.55788,23.69167],[119.5579,23.69161],[119.55795,23.69156],[119.55803,23.69153],[119.55811,23.69154],[119.55815,23.69151],[119.55814,23.69146],[119.55812,23.69144],[119.55807,23.6914],[119.55803,23.69131],[119.55801,23.6912],[119.55797,23.6911],[119.55787,23.69095],[119.55779,23.69093],[119.55764,23.69094],[119.55753,23.69099],[119.55746,23.69101],[119.55736,23.691],[119.55728,23.69095],[119.5572,23.69086]]],[[[119.67077,23.69077],[119.67071,23.69077],[119.67066,23.69078],[119.67063,23.69081],[119.6706,23.69085],[119.67057,23.69086],[119.67054,23.69086],[119.67053,23.69084],[119.67051,23.69082],[119.67047,23.69083],[119.67045,23.69087],[119.67043,23.69092],[119.67043,23.69097],[119.67043,23.691],[119.67046,23.69102],[119.67054,23.6911],[119.67059,23.69113],[119.6706,23.69116],[119.67061,23.69119],[119.67059,23.69119],[119.67056,23.69119],[119.67053,23.69117],[119.67051,23.69114],[119.67048,23.69113],[119.67044,23.69115],[119.67042,23.69115],[119.67041,23.69115],[119.67039,23.69114],[119.67035,23.69115],[119.67035,23.69119],[119.67035,23.69122],[119.67036,23.69126],[119.67037,23.69129],[119.67039,23.69131],[119.67039,23.69134],[119.67037,23.69134],[119.67034,23.69132],[119.67032,23.69128],[119.67027,23.69127],[119.67026,23.69128],[119.67027,23.69133],[119.67028,23.69139],[119.67034,23.69143],[119.67038,23.69146],[119.67041,23.6915],[119.67047,23.69156],[119.67053,23.69168],[119.67057,23.6917],[119.6706,23.6917],[119.67061,23.69166],[119.67058,23.69161],[119.67058,23.69154],[119.67061,23.69153],[119.67067,23.69158],[119.67071,23.69163],[119.67077,23.69165],[119.67082,23.69164],[119.67084,23.69161],[119.67082,23.69156],[119.67081,23.69153],[119.67081,23.69151],[119.67083,23.69148],[119.67086,23.69148],[119.67087,23.69146],[119.67087,23.69144],[119.67074,23.69128],[119.67074,23.69125],[119.67074,23.69123],[119.67077,23.69118],[119.67082,23.69111],[119.67082,23.69107],[119.67082,23.69102],[119.67078,23.69099],[119.67076,23.69096],[119.67076,23.69093],[119.67078,23.69091],[119.67082,23.69087],[119.67082,23.69083],[119.67077,23.69077]]],[[[119.59669,23.69015],[119.59659,23.69016],[119.59649,23.69024],[119.5964,23.69029],[119.59631,23.6903],[119.5962,23.69031],[119.59616,23.69027],[119.59612,23.69025],[119.596,23.69019],[119.59591,23.69015],[119.59584,23.69015],[119.59576,23.69016],[119.59567,23.69018],[119.59564,23.69021],[119.59535,23.69021],[119.59529,23.69024],[119.59526,23.69028],[119.5951,23.69051],[119.59501,23.69062],[119.59488,23.69078],[119.59481,23.69092],[119.59479,23.69104],[119.59479,23.69107],[119.59481,23.69109],[119.59487,23.6911],[119.59503,23.6911],[119.5951,23.69106],[119.59522,23.69095],[119.59533,23.6908],[119.59534,23.69073],[119.59535,23.69061],[119.59539,23.69055],[119.59552,23.69048],[119.59564,23.69045],[119.59573,23.69045],[119.59584,23.69048],[119.59588,23.69048],[119.59598,23.69049],[119.59609,23.6905],[119.59613,23.69052],[119.59621,23.69058],[119.59626,23.69062],[119.59632,23.69065],[119.59637,23.69066],[119.59649,23.69066],[119.5967,23.69058],[119.59681,23.6905],[119.59689,23.69036],[119.59688,23.69026],[119.59681,23.69018],[119.59669,23.69015]]],[[[119.67174,23.68247],[119.6717,23.68255],[119.67157,23.68259],[119.67142,23.68266],[119.67129,23.68274],[119.67119,23.68274],[119.67109,23.68272],[119.671,23.6828],[119.67102,23.68291],[119.671,23.68293],[119.67095,23.6829],[119.67087,23.6829],[119.67081,23.68295],[119.67079,23.6829],[119.67074,23.68284],[119.67066,23.68295],[119.67053,23.68312],[119.67062,23.68317],[119.67062,23.68327],[119.67052,23.68344],[119.6703,23.68366],[119.67023,23.68379],[119.67027,23.68386],[119.67032,23.68396],[119.67032,23.68402],[119.67024,23.684],[119.67025,23.68409],[119.67028,23.68431],[119.67023,23.68444],[119.67017,23.68463],[119.67024,23.6847],[119.67038,23.68465],[119.67046,23.68455],[119.67057,23.68459],[119.67067,23.68472],[119.67087,23.68466],[119.67092,23.68472],[119.67078,23.6848],[119.67074,23.6849],[119.67067,23.68498],[119.67069,23.68512],[119.67061,23.68531],[119.6705,23.68544],[119.6705,23.68559],[119.67056,23.68564],[119.6705,23.68579],[119.6704,23.68585],[119.67036,23.68599],[119.6703,23.68606],[119.6703,23.68622],[119.67021,23.68642],[119.67003,23.68652],[119.66999,23.68699],[119.66995,23.68727],[119.66973,23.68735],[119.66958,23.6874],[119.66955,23.68749],[119.66973,23.68748],[119.66993,23.68756],[119.67011,23.68757],[119.67025,23.68755],[119.67033,23.68741],[119.67047,23.68739],[119.67059,23.68737],[119.67074,23.68746],[119.67085,23.68742],[119.67085,23.68749],[119.67082,23.68752],[119.67085,23.68756],[119.67077,23.68754],[119.67056,23.68755],[119.67051,23.68762],[119.6704,23.68775],[119.67041,23.68782],[119.67055,23.68785],[119.67069,23.68788],[119.67071,23.68797],[119.67069,23.68808],[119.67065,23.68823],[119.67065,23.6883],[119.67059,23.68837],[119.67063,23.6885],[119.67076,23.68862],[119.67086,23.68868],[119.67099,23.68861],[119.67107,23.68848],[119.6711,23.68836],[119.6712,23.6884],[119.67134,23.68847],[119.67143,23.6886],[119.67132,23.68863],[119.67116,23.68866],[119.67109,23.68873],[119.67101,23.68879],[119.67101,23.68894],[119.67096,23.689],[119.67102,23.68911],[119.67115,23.68915],[119.67123,23.68919],[119.67131,23.68926],[119.67147,23.68931],[119.67163,23.68937],[119.67161,23.68948],[119.67148,23.68956],[119.67145,23.68946],[119.67137,23.68945],[119.67132,23.68957],[119.67124,23.68961],[119.67128,23.68968],[119.67122,23.68975],[119.67124,23.68981],[119.67125,23.68985],[119.67121,23.6899],[119.67115,23.68995],[119.67114,23.69006],[119.67116,23.69019],[119.67103,23.69026],[119.67096,23.6904],[119.67085,23.69049],[119.67076,23.69051],[119.67059,23.69057],[119.6706,23.69072],[119.6707,23.69065],[119.67086,23.69064],[119.67093,23.69054],[119.67102,23.69064],[119.67117,23.69069],[119.67139,23.6906],[119.6715,23.69058],[119.67148,23.69065],[119.6715,23.69069],[119.67162,23.69063],[119.67176,23.69046],[119.67197,23.69023],[119.67208,23.69003],[119.6721,23.68994],[119.67218,23.68991],[119.67225,23.6899],[119.67228,23.68985],[119.67222,23.68979],[119.67228,23.68972],[119.67223,23.68966],[119.67213,23.68955],[119.672,23.68948],[119.67195,23.68938],[119.67203,23.68919],[119.67212,23.68914],[119.6722,23.68909],[119.67243,23.68898],[119.67258,23.68889],[119.67254,23.68884],[119.67253,23.68875],[119.67257,23.68871],[119.67254,23.6886],[119.67245,23.68857],[119.67244,23.68851],[119.67244,23.6884],[119.67237,23.68831],[119.67234,23.68818],[119.67224,23.68807],[119.67224,23.68798],[119.67226,23.68792],[119.67207,23.68781],[119.67202,23.68774],[119.67196,23.68763],[119.67181,23.68758],[119.6717,23.68759],[119.67163,23.68746],[119.67166,23.68736],[119.67173,23.68727],[119.6718,23.68722],[119.67189,23.68711],[119.67199,23.6872],[119.67206,23.68723],[119.67216,23.68731],[119.67234,23.68726],[119.67238,23.68705],[119.67225,23.687],[119.67216,23.68691],[119.6721,23.68688],[119.67212,23.68681],[119.67217,23.68676],[119.6723,23.68676],[119.67232,23.68665],[119.67242,23.68641],[119.6725,23.68622],[119.67255,23.68612],[119.6725,23.68608],[119.67247,23.68594],[119.67239,23.68589],[119.67235,23.68583],[119.6723,23.6858],[119.67226,23.68574],[119.67231,23.68567],[119.67228,23.68559],[119.67214,23.68552],[119.67207,23.68542],[119.67201,23.68536],[119.67199,23.68528],[119.67201,23.68522],[119.67187,23.68513],[119.67174,23.68508],[119.67171,23.68496],[119.67177,23.68482],[119.67181,23.68463],[119.67174,23.68459],[119.67166,23.68445],[119.67155,23.6844],[119.67137,23.68442],[119.67122,23.68435],[119.67113,23.68432],[119.67106,23.68428],[119.67111,23.68422],[119.6712,23.68415],[119.67124,23.68406],[119.67134,23.684],[119.67151,23.68395],[119.67164,23.68393],[119.67187,23.68374],[119.67206,23.68363],[119.67202,23.68357],[119.67192,23.6836],[119.67183,23.6836],[119.67188,23.6834],[119.67202,23.68334],[119.67209,23.6833],[119.67199,23.68319],[119.67206,23.68296],[119.67212,23.68283],[119.67216,23.68267],[119.67216,23.68254],[119.67195,23.68236],[119.67184,23.68227],[119.6717,23.68205],[119.67158,23.68196],[119.6715,23.68193],[119.67138,23.68198],[119.67137,23.6821],[119.67151,23.68221],[119.67174,23.68247]]],[[[119.5581,23.68811],[119.55794,23.68825],[119.55787,23.6883],[119.55781,23.68833],[119.55771,23.68833],[119.55761,23.68835],[119.55746,23.68838],[119.55732,23.68845],[119.55723,23.68854],[119.55715,23.68868],[119.55709,23.68872],[119.55704,23.6888],[119.55699,23.68897],[119.55695,23.68906],[119.55692,23.68908],[119.55687,23.68913],[119.55684,23.68927],[119.55682,23.68932],[119.5568,23.68935],[119.55672,23.68936],[119.55665,23.68934],[119.5566,23.68939],[119.55657,23.68942],[119.55656,23.68949],[119.55657,23.68953],[119.5566,23.68956],[119.55659,23.6896],[119.55657,23.68965],[119.55659,23.68973],[119.55663,23.68975],[119.55672,23.68975],[119.55678,23.6898],[119.55685,23.68985],[119.55691,23.68984],[119.55702,23.68975],[119.5571,23.68974],[119.55721,23.68976],[119.55729,23.68982],[119.55735,23.68996],[119.55743,23.69015],[119.55748,23.69021],[119.55755,23.69026],[119.55767,23.69026],[119.55774,23.69031],[119.55777,23.69036],[119.55777,23.69045],[119.5578,23.69053],[119.55783,23.69057],[119.55791,23.69058],[119.55796,23.69057],[119.55801,23.69048],[119.55803,23.69038],[119.55808,23.69021],[119.55808,23.69015],[119.55807,23.6901],[119.55808,23.69],[119.55808,23.68992],[119.55808,23.68984],[119.55808,23.68932],[119.55805,23.68924],[119.55799,23.68912],[119.55792,23.68904],[119.5579,23.689],[119.55791,23.68894],[119.55793,23.68886],[119.55799,23.68875],[119.55805,23.68862],[119.55812,23.68855],[119.55816,23.68852],[119.55829,23.6884],[119.55831,23.68832],[119.5583,23.68822],[119.55827,23.68817],[119.55819,23.68812],[119.5581,23.68811]]],[[[119.65168,23.68846],[119.65162,23.68846],[119.65152,23.6885],[119.65143,23.68859],[119.65138,23.68866],[119.65138,23.68871],[119.65143,23.68872],[119.65151,23.68873],[119.65157,23.68874],[119.65156,23.68876],[119.65153,23.68876],[119.65143,23.68875],[119.65137,23.68877],[119.65134,23.6888],[119.65131,23.68885],[119.65128,23.68894],[119.65121,23.68901],[119.65115,23.68909],[119.65105,23.6892],[119.65098,23.68924],[119.65085,23.68925],[119.65082,23.68927],[119.65078,23.68933],[119.65073,23.68937],[119.65063,23.6894],[119.6506,23.68946],[119.6506,23.68954],[119.65062,23.68962],[119.65063,23.68972],[119.65062,23.6898],[119.65063,23.68988],[119.65067,23.68992],[119.65073,23.68994],[119.65098,23.68994],[119.65109,23.6899],[119.65115,23.68984],[119.65121,23.68983],[119.65126,23.68986],[119.6513,23.6899],[119.65134,23.68994],[119.65138,23.68994],[119.65142,23.68992],[119.65143,23.68987],[119.65146,23.68983],[119.65147,23.68983],[119.65148,23.68989],[119.65151,23.68991],[119.65155,23.6899],[119.65157,23.68985],[119.65157,23.6898],[119.65159,23.68979],[119.65162,23.68979],[119.65162,23.68986],[119.65161,23.68993],[119.65162,23.68997],[119.65166,23.68998],[119.65172,23.68991],[119.65177,23.68991],[119.65182,23.6899],[119.65184,23.68988],[119.65189,23.68978],[119.65196,23.68974],[119.65202,23.68972],[119.65211,23.68979],[119.65219,23.68979],[119.65221,23.68985],[119.65228,23.68985],[119.6523,23.68982],[119.65227,23.68975],[119.6522,23.68968],[119.65219,23.68959],[119.65219,23.68949],[119.65218,23.6894],[119.65218,23.68935],[119.65221,23.68933],[119.65226,23.68935],[119.65236,23.6894],[119.6524,23.6894],[119.65242,23.68937],[119.65243,23.68928],[119.6524,23.68923],[119.65234,23.68916],[119.65226,23.68908],[119.65228,23.68905],[119.65237,23.68906],[119.6524,23.68906],[119.65242,23.68902],[119.65239,23.68896],[119.65234,23.68882],[119.65232,23.68874],[119.65228,23.68869],[119.65222,23.68863],[119.65221,23.68857],[119.65214,23.68855],[119.65208,23.68859],[119.65207,23.68865],[119.6521,23.68872],[119.65206,23.68885],[119.65203,23.68894],[119.652,23.68895],[119.65197,23.68894],[119.65199,23.68887],[119.652,23.6888],[119.65199,23.68876],[119.65195,23.68875],[119.6519,23.68878],[119.65187,23.68878],[119.65188,23.68871],[119.65186,23.68868],[119.65182,23.68869],[119.65177,23.68872],[119.65175,23.68872],[119.65173,23.6887],[119.65174,23.68865],[119.65179,23.68862],[119.65179,23.68858],[119.65176,23.68851],[119.65171,23.68846],[119.65168,23.68846]]],[[[119.65486,23.68853],[119.65479,23.68858],[119.65475,23.68861],[119.65469,23.68861],[119.65462,23.6886],[119.65456,23.68861],[119.65453,23.68865],[119.65448,23.68876],[119.65436,23.6888],[119.65436,23.68887],[119.65439,23.68892],[119.65449,23.68896],[119.65458,23.68896],[119.65463,23.68891],[119.65462,23.68888],[119.65459,23.68885],[119.6546,23.68882],[119.65464,23.68882],[119.65469,23.68885],[119.6547,23.68888],[119.65474,23.6889],[119.65485,23.68888],[119.65499,23.68888],[119.65507,23.68883],[119.65507,23.68879],[119.65505,23.68872],[119.65501,23.68871],[119.65496,23.68872],[119.65493,23.6887],[119.65493,23.68866],[119.65494,23.68858],[119.65491,23.68854],[119.65487,23.68854],[119.65486,23.68853]]],[[[119.66996,23.68789],[119.66993,23.68791],[119.66991,23.68794],[119.6699,23.68801],[119.6699,23.6881],[119.66988,23.68815],[119.66981,23.68821],[119.6698,23.68825],[119.66982,23.68828],[119.6699,23.68836],[119.66991,23.68838],[119.66994,23.68839],[119.67001,23.68838],[119.67005,23.68836],[119.67008,23.68835],[119.67011,23.68833],[119.67016,23.68819],[119.67016,23.68811],[119.67013,23.68805],[119.67006,23.68797],[119.66999,23.6879],[119.66996,23.68789]]],[[[119.65525,23.68497],[119.65519,23.68497],[119.65515,23.685],[119.65512,23.68501],[119.6551,23.68502],[119.65502,23.685],[119.65498,23.68499],[119.65492,23.685],[119.65485,23.68504],[119.65485,23.68507],[119.65488,23.68517],[119.65491,23.6852],[119.65494,23.6852],[119.655,23.68517],[119.65506,23.68516],[119.65513,23.68519],[119.65518,23.68524],[119.65521,23.68532],[119.65524,23.68534],[119.65527,23.68532],[119.65527,23.68527],[119.65527,23.68517],[119.6553,23.68516],[119.65533,23.68516],[119.6554,23.6852],[119.65545,23.68523],[119.65548,23.68523],[119.65551,23.68522],[119.65552,23.6852],[119.6555,23.68516],[119.65544,23.6851],[119.65536,23.68503],[119.65528,23.68498],[119.65525,23.68497]]],[[[119.65444,23.68491],[119.65436,23.68492],[119.65432,23.68495],[119.65431,23.68498],[119.65432,23.68501],[119.65434,23.68504],[119.6544,23.68513],[119.65446,23.68523],[119.65453,23.68523],[119.65456,23.68524],[119.65459,23.68525],[119.65462,23.68527],[119.65463,23.68531],[119.65466,23.68532],[119.65468,23.68532],[119.65469,23.68531],[119.65469,23.68526],[119.65467,23.68522],[119.65466,23.68517],[119.6546,23.68508],[119.65444,23.68491]]],[[[119.65411,23.68502],[119.65404,23.68503],[119.65402,23.68507],[119.65403,23.6851],[119.65404,23.68513],[119.65411,23.68524],[119.65414,23.68526],[119.65416,23.68529],[119.65419,23.68531],[119.65421,23.68531],[119.65422,23.68529],[119.65421,23.68524],[119.65418,23.68519],[119.65417,23.6851],[119.65417,23.68505],[119.65416,23.68503],[119.65411,23.68502]]],[[[119.62313,23.68458],[119.62311,23.68459],[119.62304,23.6846],[119.623,23.68461],[119.62299,23.68463],[119.62299,23.68468],[119.62301,23.6847],[119.62302,23.68473],[119.62302,23.68481],[119.62303,23.68484],[119.62304,23.68487],[119.62305,23.68489],[119.62304,23.68492],[119.623,23.68493],[119.62293,23.68492],[119.62274,23.68493],[119.62271,23.68494],[119.6227,23.68496],[119.6227,23.68499],[119.62271,23.68503],[119.62275,23.68506],[119.62288,23.68506],[119.62294,23.68506],[119.62303,23.68512],[119.62312,23.68516],[119.62318,23.68517],[119.62321,23.68518],[119.62331,23.68526],[119.62337,23.68528],[119.62339,23.68528],[119.62353,23.68531],[119.62359,23.68531],[119.62361,23.68532],[119.62366,23.68532],[119.62373,23.68531],[119.62376,23.68529],[119.62376,23.68526],[119.62375,23.68521],[119.62377,23.68519],[119.62381,23.68519],[119.62392,23.68516],[119.62398,23.68512],[119.62399,23.685],[119.62402,23.68499],[119.62406,23.685],[119.6241,23.68503],[119.62418,23.68503],[119.62419,23.68502],[119.62419,23.68497],[119.62418,23.68495],[119.62417,23.68494],[119.62414,23.68492],[119.62411,23.6849],[119.62409,23.68488],[119.62401,23.68486],[119.62396,23.68486],[119.62392,23.68484],[119.62386,23.68479],[119.6238,23.68479],[119.62371,23.68482],[119.62364,23.68485],[119.6236,23.6849],[119.62354,23.6849],[119.62352,23.68485],[119.62348,23.68474],[119.62346,23.68471],[119.62344,23.68469],[119.6234,23.68469],[119.62335,23.68468],[119.62332,23.68468],[119.6233,23.68468],[119.6233,23.6847],[119.62329,23.68471],[119.62327,23.68471],[119.62324,23.68465],[119.6232,23.68461],[119.62316,23.68458],[119.62313,23.68458]]],[[[119.65592,23.68487],[119.65585,23.68487],[119.65582,23.68489],[119.65581,23.68491],[119.65582,23.68496],[119.65585,23.685],[119.65592,23.68505],[119.65594,23.68508],[119.65595,23.68512],[119.65597,23.68513],[119.656,23.68513],[119.65602,23.68511],[119.65604,23.68509],[119.65604,23.68508],[119.65601,23.68504],[119.65596,23.68499],[119.65595,23.68495],[119.65595,23.68488],[119.65592,23.68487]]],[[[119.65517,23.68469],[119.65512,23.6847],[119.65509,23.68472],[119.65509,23.68477],[119.6551,23.68481],[119.65515,23.68486],[119.65518,23.68489],[119.6552,23.68489],[119.65523,23.68489],[119.65525,23.68489],[119.65526,23.68488],[119.65527,23.68486],[119.65527,23.68483],[119.65525,23.68477],[119.65517,23.68469]]],[[[119.65472,23.68464],[119.65471,23.68466],[119.65471,23.68471],[119.65477,23.68479],[119.65479,23.68483],[119.65486,23.68485],[119.65491,23.68485],[119.65495,23.68484],[119.65496,23.68482],[119.65495,23.68478],[119.65483,23.68468],[119.6548,23.68465],[119.65472,23.68464]]],[[[119.65403,23.68452],[119.65401,23.68454],[119.654,23.68456],[119.65404,23.68463],[119.65409,23.6847],[119.65416,23.68474],[119.65418,23.68474],[119.6542,23.68474],[119.65422,23.68472],[119.65422,23.68467],[119.65417,23.6846],[119.65411,23.68454],[119.65403,23.68452]]],[[[119.65433,23.68441],[119.65431,23.68441],[119.65429,23.68443],[119.65428,23.68446],[119.65424,23.6845],[119.65422,23.68452],[119.65424,23.68456],[119.65428,23.68461],[119.65434,23.68467],[119.65435,23.68469],[119.6544,23.6847],[119.65443,23.68469],[119.65444,23.68467],[119.65444,23.68464],[119.65441,23.68455],[119.65439,23.68448],[119.65436,23.68443],[119.65433,23.68441]]],[[[119.6681,23.6828],[119.66806,23.6828],[119.66802,23.68283],[119.668,23.68294],[119.66798,23.68297],[119.66796,23.68298],[119.66794,23.68296],[119.6679,23.68297],[119.66787,23.683],[119.66787,23.68303],[119.66786,23.68306],[119.66784,23.68308],[119.66783,23.6831],[119.66782,23.68315],[119.66782,23.68317],[119.66775,23.68322],[119.66767,23.68336],[119.66765,23.68345],[119.6677,23.68347],[119.66771,23.6835],[119.66771,23.68352],[119.6677,23.68354],[119.66767,23.68355],[119.66761,23.68366],[119.66761,23.6837],[119.66765,23.68374],[119.66773,23.68378],[119.66779,23.68376],[119.66785,23.68371],[119.66789,23.68363],[119.6679,23.68358],[119.6679,23.68357],[119.66792,23.68356],[119.66799,23.68353],[119.66803,23.68353],[119.66805,23.68348],[119.66806,23.68339],[119.66808,23.68334],[119.66808,23.6832],[119.6681,23.68317],[119.6681,23.68307],[119.66811,23.68306],[119.66811,23.68302],[119.6681,23.68301],[119.6681,23.6828]]],[[[119.66802,23.67604],[119.6679,23.67609],[119.66794,23.6762],[119.66789,23.6763],[119.66789,23.67646],[119.66782,23.67659],[119.66785,23.67686],[119.66792,23.67702],[119.66786,23.67717],[119.66768,23.67708],[119.6675,23.67691],[119.66729,23.67675],[119.66718,23.67665],[119.66707,23.67651],[119.66683,23.67634],[119.6667,23.67639],[119.66659,23.67658],[119.66649,23.67672],[119.6664,23.67679],[119.66635,23.6769],[119.66621,23.67701],[119.6661,23.67697],[119.66574,23.67701],[119.66564,23.677],[119.66536,23.67708],[119.66508,23.67711],[119.66485,23.67733],[119.6647,23.67773],[119.66477,23.67781],[119.66499,23.67787],[119.66539,23.67784],[119.66549,23.67782],[119.66564,23.67803],[119.66576,23.67808],[119.66588,23.67827],[119.66589,23.67843],[119.66597,23.67856],[119.6659,23.67882],[119.66575,23.67896],[119.6655,23.6792],[119.66548,23.67938],[119.66559,23.67955],[119.66566,23.67973],[119.66579,23.67977],[119.66575,23.67988],[119.66574,23.67998],[119.66573,23.68008],[119.66566,23.68021],[119.66566,23.68031],[119.66553,23.68044],[119.66543,23.68058],[119.66551,23.68064],[119.66552,23.68071],[119.66543,23.68086],[119.66539,23.681],[119.6653,23.68112],[119.66514,23.68112],[119.66505,23.68108],[119.66496,23.68103],[119.66491,23.68116],[119.66496,23.68129],[119.66504,23.68139],[119.66527,23.6815],[119.66538,23.68161],[119.66549,23.68162],[119.66555,23.68146],[119.66565,23.68135],[119.66572,23.68127],[119.66582,23.68122],[119.66601,23.68115],[119.66626,23.68082],[119.66651,23.68061],[119.66665,23.68047],[119.66679,23.68047],[119.66682,23.6806],[119.66687,23.68074],[119.66666,23.6811],[119.66639,23.68158],[119.66636,23.68181],[119.6664,23.68205],[119.66648,23.68216],[119.66666,23.68213],[119.66682,23.68217],[119.66683,23.68228],[119.6668,23.68239],[119.66689,23.6825],[119.66681,23.6826],[119.66672,23.68278],[119.66665,23.68276],[119.66654,23.68285],[119.66639,23.68283],[119.66629,23.68288],[119.66618,23.68302],[119.6662,23.68308],[119.66614,23.68311],[119.66622,23.68327],[119.66635,23.68324],[119.66652,23.68317],[119.66674,23.68308],[119.66687,23.68299],[119.6668,23.68293],[119.66684,23.68286],[119.6671,23.68263],[119.66715,23.68253],[119.66709,23.68244],[119.66701,23.68235],[119.66704,23.68224],[119.66705,23.68197],[119.66712,23.68193],[119.6673,23.682],[119.66739,23.6823],[119.66731,23.68239],[119.66739,23.68252],[119.6675,23.68262],[119.66769,23.68279],[119.66781,23.68274],[119.66791,23.68277],[119.66799,23.68273],[119.66801,23.68267],[119.66807,23.68262],[119.66805,23.68244],[119.66796,23.68239],[119.66789,23.68222],[119.66783,23.68207],[119.66773,23.68212],[119.66766,23.68217],[119.66754,23.68212],[119.66742,23.68195],[119.66742,23.68182],[119.66739,23.68165],[119.66739,23.68146],[119.66736,23.6813],[119.66749,23.68125],[119.66767,23.68123],[119.66777,23.68117],[119.66785,23.68119],[119.66795,23.68116],[119.66813,23.68122],[119.66825,23.68124],[119.66833,23.68109],[119.66839,23.68095],[119.66835,23.68083],[119.66824,23.68073],[119.66819,23.68058],[119.66807,23.68049],[119.66807,23.68038],[119.66808,23.68029],[119.66799,23.6802],[119.66789,23.68017],[119.66791,23.68007],[119.66798,23.67987],[119.6679,23.67962],[119.66799,23.67926],[119.66803,23.67913],[119.66811,23.67907],[119.66811,23.67886],[119.66807,23.67875],[119.66814,23.67877],[119.66829,23.67866],[119.66833,23.67851],[119.66841,23.6785],[119.6685,23.67842],[119.66857,23.67823],[119.66864,23.67808],[119.66867,23.67798],[119.66879,23.67791],[119.66916,23.67789],[119.6693,23.6778],[119.66938,23.67764],[119.66943,23.67755],[119.6694,23.67742],[119.66917,23.67738],[119.66915,23.67725],[119.66929,23.6773],[119.66943,23.6772],[119.66932,23.67701],[119.66919,23.67699],[119.66905,23.67701],[119.66892,23.67692],[119.66889,23.67682],[119.66879,23.67678],[119.66868,23.67689],[119.66861,23.67684],[119.66855,23.6767],[119.66849,23.67668],[119.66852,23.67664],[119.66848,23.67651],[119.66838,23.67635],[119.66833,23.67625],[119.66827,23.6762],[119.66814,23.67614],[119.66802,23.67604]]],[[[119.6643,23.68157],[119.66424,23.6816],[119.66417,23.68166],[119.66413,23.68166],[119.66411,23.68166],[119.66409,23.68163],[119.66407,23.68158],[119.664,23.68158],[119.66396,23.68161],[119.66396,23.68171],[119.66396,23.68174],[119.66393,23.68177],[119.66392,23.6818],[119.66392,23.68188],[119.66387,23.68197],[119.66377,23.68204],[119.66372,23.68207],[119.66365,23.68208],[119.66362,23.68207],[119.66355,23.68201],[119.6635,23.68201],[119.66346,23.68202],[119.66345,23.68206],[119.66346,23.6821],[119.66346,23.68213],[119.66343,23.68218],[119.66343,23.68222],[119.66347,23.68226],[119.66348,23.68231],[119.66349,23.68238],[119.6635,23.68242],[119.66356,23.68244],[119.6636,23.68244],[119.66362,23.68237],[119.66366,23.68229],[119.66369,23.68225],[119.66374,23.68225],[119.6638,23.6823],[119.66384,23.6824],[119.6639,23.68251],[119.66389,23.68261],[119.66391,23.68269],[119.664,23.68271],[119.66406,23.6827],[119.66408,23.68263],[119.66411,23.6826],[119.66413,23.68244],[119.6641,23.68243],[119.66413,23.68241],[119.66424,23.6824],[119.66432,23.68244],[119.66437,23.68245],[119.66442,23.68245],[119.66446,23.68247],[119.66453,23.68262],[119.66458,23.68267],[119.66467,23.68268],[119.66471,23.68265],[119.66473,23.68257],[119.66474,23.68246],[119.66468,23.68235],[119.66466,23.68219],[119.66466,23.6821],[119.66463,23.68205],[119.66453,23.68202],[119.66451,23.68199],[119.66448,23.68195],[119.66446,23.68191],[119.66443,23.68186],[119.66438,23.68184],[119.66435,23.68178],[119.66433,23.68176],[119.66433,23.68174],[119.66437,23.68168],[119.66437,23.68164],[119.66434,23.68158],[119.6643,23.68157]]],[[[119.65807,23.67619],[119.65801,23.67621],[119.65799,23.67626],[119.65794,23.67629],[119.65787,23.67636],[119.65784,23.67642],[119.65778,23.67656],[119.65769,23.67676],[119.65749,23.67722],[119.65737,23.67754],[119.65722,23.67788],[119.65711,23.67808],[119.65703,23.67821],[119.65695,23.67833],[119.65689,23.67846],[119.65689,23.67853],[119.65687,23.67862],[119.65683,23.67863],[119.65677,23.67857],[119.6567,23.67857],[119.65666,23.67861],[119.65666,23.67868],[119.65668,23.67876],[119.65672,23.67883],[119.6568,23.67887],[119.65688,23.67882],[119.65701,23.67877],[119.65706,23.67873],[119.65706,23.67864],[119.65703,23.67859],[119.65699,23.67854],[119.65695,23.67855],[119.65694,23.67848],[119.65695,23.67845],[119.65702,23.67835],[119.65711,23.67822],[119.65718,23.67811],[119.65727,23.67793],[119.65744,23.67756],[119.65757,23.67724],[119.65771,23.67694],[119.65777,23.67694],[119.65779,23.67684],[119.65776,23.67683],[119.6578,23.6767],[119.65787,23.67654],[119.6579,23.67644],[119.65794,23.67638],[119.65796,23.67635],[119.658,23.67631],[119.65805,23.6763],[119.65808,23.67632],[119.65811,23.67631],[119.65813,23.67625],[119.65812,23.6762],[119.65807,23.67619]]],[[[119.66869,23.67344],[119.66859,23.67346],[119.66856,23.6735],[119.66858,23.67355],[119.66865,23.67358],[119.66876,23.67366],[119.66886,23.67371],[119.66886,23.67378],[119.66882,23.67384],[119.66882,23.6739],[119.66885,23.67396],[119.66891,23.67399],[119.66893,23.67405],[119.66897,23.67409],[119.66899,23.67414],[119.66903,23.6742],[119.6691,23.67421],[119.66915,23.67424],[119.66922,23.67427],[119.66926,23.67432],[119.66926,23.67442],[119.66923,23.67447],[119.66923,23.67453],[119.66924,23.67458],[119.66931,23.67465],[119.66937,23.67475],[119.66945,23.67483],[119.66959,23.67504],[119.66961,23.67509],[119.66966,23.67509],[119.66972,23.67508],[119.66978,23.67504],[119.66987,23.67502],[119.66995,23.67504],[119.67,23.67507],[119.67001,23.67512],[119.67004,23.67519],[119.67004,23.67527],[119.67007,23.6753],[119.67013,23.67537],[119.67018,23.67537],[119.6702,23.67532],[119.67022,23.6753],[119.67026,23.67531],[119.67029,23.67537],[119.67029,23.67542],[119.67029,23.67546],[119.67026,23.67549],[119.67023,23.6755],[119.67024,23.67555],[119.67026,23.6756],[119.67031,23.67569],[119.67036,23.67579],[119.67042,23.67583],[119.67049,23.67583],[119.67052,23.67581],[119.67059,23.67583],[119.67064,23.67587],[119.67065,23.67592],[119.6707,23.67597],[119.67071,23.67601],[119.67071,23.67612],[119.67074,23.67616],[119.67082,23.67615],[119.67085,23.67617],[119.67086,23.67624],[119.67093,23.67629],[119.67097,23.67628],[119.67095,23.67619],[119.67096,23.67617],[119.67099,23.67615],[119.67111,23.67613],[119.67112,23.6761],[119.67112,23.67606],[119.67091,23.67601],[119.67087,23.67598],[119.67088,23.67595],[119.67097,23.67591],[119.67103,23.67588],[119.67106,23.67588],[119.67108,23.67592],[119.67115,23.67598],[119.6712,23.67601],[119.67127,23.67603],[119.67133,23.67607],[119.6714,23.67602],[119.6714,23.67596],[119.67149,23.67596],[119.67152,23.676],[119.67157,23.67598],[119.67164,23.67597],[119.67176,23.67597],[119.67178,23.67592],[119.67184,23.67587],[119.67186,23.67587],[119.6719,23.67589],[119.67194,23.67589],[119.67196,23.67586],[119.672,23.67585],[119.67215,23.67591],[119.6722,23.6759],[119.67221,23.67582],[119.67228,23.67583],[119.67233,23.67587],[119.67244,23.67577],[119.67244,23.6757],[119.6724,23.67564],[119.67241,23.67562],[119.6725,23.67559],[119.67257,23.67564],[119.67264,23.67563],[119.67264,23.67558],[119.67271,23.67549],[119.67275,23.67542],[119.6728,23.67535],[119.6728,23.67526],[119.67278,23.67522],[119.67279,23.67519],[119.67282,23.67516],[119.67284,23.6751],[119.67289,23.67505],[119.67294,23.67501],[119.67294,23.67494],[119.67289,23.67486],[119.6728,23.67483],[119.6727,23.67481],[119.67268,23.67478],[119.67268,23.67475],[119.6727,23.67469],[119.67273,23.67462],[119.67271,23.67456],[119.67271,23.67448],[119.67268,23.67445],[119.6726,23.67438],[119.67247,23.67439],[119.67243,23.67437],[119.67237,23.67436],[119.67236,23.67433],[119.67227,23.67433],[119.67225,23.67436],[119.67222,23.67435],[119.67216,23.67434],[119.67213,23.67431],[119.6721,23.67428],[119.67206,23.67425],[119.67194,23.67425],[119.67187,23.67423],[119.67168,23.67423],[119.67157,23.67424],[119.67154,23.6743],[119.67152,23.67435],[119.67148,23.67439],[119.67148,23.67446],[119.67155,23.67452],[119.6716,23.67461],[119.67158,23.67464],[119.67145,23.67464],[119.67144,23.67468],[119.67132,23.67469],[119.67132,23.67461],[119.67128,23.6746],[119.6712,23.6746],[119.67116,23.6746],[119.67113,23.67456],[119.67108,23.67454],[119.67105,23.67449],[119.67106,23.67442],[119.67109,23.67438],[119.67113,23.67437],[119.67116,23.67439],[119.67118,23.67441],[119.67119,23.67446],[119.67127,23.67446],[119.67132,23.67442],[119.67136,23.67438],[119.67136,23.67433],[119.67129,23.67427],[119.67129,23.67424],[119.67134,23.67418],[119.67134,23.67413],[119.6713,23.67407],[119.67119,23.67406],[119.67117,23.67404],[119.67114,23.674],[119.67105,23.67399],[119.67097,23.67395],[119.67091,23.67394],[119.67079,23.67395],[119.67075,23.67391],[119.67075,23.67385],[119.67072,23.67381],[119.67063,23.67379],[119.67058,23.6738],[119.67058,23.67387],[119.67042,23.67386],[119.67037,23.67384],[119.67033,23.67385],[119.67024,23.67388],[119.67018,23.6739],[119.67009,23.6739],[119.67008,23.67381],[119.67003,23.67379],[119.66997,23.67381],[119.66992,23.67384],[119.66988,23.67399],[119.66985,23.67398],[119.66974,23.67388],[119.66974,23.6738],[119.66969,23.67377],[119.6697,23.67371],[119.66968,23.67369],[119.66958,23.67369],[119.66951,23.67363],[119.66944,23.67359],[119.66936,23.67355],[119.66928,23.67351],[119.66924,23.67346],[119.66918,23.67346],[119.66915,23.67349],[119.66916,23.67359],[119.66913,23.67358],[119.66902,23.67358],[119.66897,23.67357],[119.66889,23.67348],[119.66886,23.67347],[119.66881,23.67348],[119.66877,23.67349],[119.66873,23.67348],[119.66869,23.67344]]],[[[119.5563,23.67343],[119.55597,23.67346],[119.55577,23.67351],[119.55545,23.6736],[119.55522,23.67363],[119.55513,23.67368],[119.55502,23.67381],[119.55497,23.67391],[119.55487,23.67397],[119.55477,23.674],[119.55464,23.6743],[119.55465,23.6744],[119.5546,23.67451],[119.55454,23.67459],[119.55443,23.67467],[119.55435,23.67475],[119.5543,23.67488],[119.55426,23.67504],[119.55424,23.67521],[119.55427,23.67536],[119.55424,23.6754],[119.55411,23.67545],[119.55406,23.67552],[119.5541,23.67561],[119.55414,23.67568],[119.55418,23.67577],[119.55418,23.67588],[119.55408,23.67593],[119.55406,23.67599],[119.55411,23.67607],[119.55417,23.67613],[119.55435,23.6761],[119.55442,23.67611],[119.55447,23.67615],[119.55448,23.67622],[119.55441,23.6763],[119.55436,23.67642],[119.55436,23.67651],[119.55438,23.67658],[119.5545,23.6766],[119.55465,23.67654],[119.55473,23.67644],[119.55476,23.67638],[119.55484,23.67636],[119.55492,23.6764],[119.55493,23.67648],[119.55499,23.67656],[119.55504,23.67661],[119.55511,23.67662],[119.55517,23.67658],[119.55525,23.67657],[119.55535,23.67659],[119.55549,23.67667],[119.55555,23.67675],[119.55571,23.67677],[119.55585,23.67669],[119.55596,23.67667],[119.5561,23.67667],[119.55622,23.67664],[119.5563,23.67657],[119.55652,23.67636],[119.55671,23.67606],[119.55678,23.67594],[119.55681,23.67582],[119.55684,23.67573],[119.55684,23.67566],[119.55681,23.67561],[119.55679,23.67557],[119.55679,23.67553],[119.55682,23.6755],[119.55685,23.67545],[119.55684,23.67529],[119.55681,23.67524],[119.55669,23.6751],[119.55665,23.67498],[119.55663,23.67485],[119.55662,23.6747],[119.55665,23.67457],[119.55671,23.67447],[119.55678,23.67429],[119.5568,23.6741],[119.5568,23.67398],[119.55666,23.67381],[119.55654,23.67361],[119.55639,23.67346],[119.5563,23.67343]]],[[[119.6143,23.66527],[119.61425,23.66527],[119.61421,23.66528],[119.61418,23.66531],[119.61419,23.66536],[119.61439,23.66563],[119.61452,23.66581],[119.61479,23.66619],[119.61499,23.66652],[119.61518,23.66682],[119.61527,23.66697],[119.61547,23.66737],[119.61553,23.66748],[119.61562,23.66757],[119.61571,23.66766],[119.61575,23.6677],[119.6158,23.66775],[119.61583,23.6678],[119.61587,23.6679],[119.61593,23.66795],[119.61596,23.66799],[119.61601,23.66802],[119.61605,23.66807],[119.61609,23.66815],[119.61608,23.66825],[119.61611,23.66833],[119.61615,23.66838],[119.61621,23.6684],[119.61626,23.66841],[119.6163,23.66844],[119.61633,23.66849],[119.61638,23.66854],[119.61641,23.66861],[119.61643,23.66865],[119.61648,23.66867],[119.61648,23.66871],[119.6165,23.66875],[119.61649,23.66877],[119.61646,23.66876],[119.61644,23.66878],[119.61647,23.66882],[119.6165,23.6689],[119.61651,23.669],[119.61655,23.66907],[119.61663,23.66915],[119.61663,23.66929],[119.61664,23.66934],[119.61672,23.66943],[119.61674,23.6695],[119.61673,23.66961],[119.61673,23.66967],[119.61677,23.66973],[119.61678,23.66989],[119.61682,23.67],[119.6169,23.67009],[119.61698,23.67015],[119.61701,23.67022],[119.61701,23.6703],[119.61699,23.67052],[119.617,23.67062],[119.61702,23.67074],[119.61711,23.6709],[119.61725,23.67116],[119.61742,23.6714],[119.6175,23.67148],[119.6176,23.6716],[119.61763,23.67164],[119.61761,23.67181],[119.61761,23.67195],[119.61765,23.67205],[119.61771,23.67223],[119.61777,23.67238],[119.61791,23.67253],[119.61803,23.67265],[119.61808,23.67272],[119.61813,23.67282],[119.61816,23.67292],[119.6182,23.67299],[119.61827,23.67307],[119.61839,23.67318],[119.6184,23.67322],[119.61843,23.6733],[119.61837,23.67333],[119.61809,23.67334],[119.61801,23.67331],[119.61794,23.67317],[119.61784,23.67302],[119.61774,23.67293],[119.6177,23.673],[119.61764,23.67306],[119.61766,23.67315],[119.61763,23.67327],[119.61756,23.67336],[119.61678,23.67337],[119.61656,23.67332],[119.61646,23.67327],[119.6164,23.67316],[119.61636,23.67302],[119.61631,23.67292],[119.61628,23.67273],[119.61626,23.67254],[119.61627,23.67237],[119.61625,23.67219],[119.61621,23.67202],[119.6162,23.67183],[119.6162,23.67163],[119.61624,23.67133],[119.61626,23.6711],[119.61626,23.67075],[119.61624,23.67058],[119.61612,23.6702],[119.61601,23.67002],[119.61595,23.66983],[119.61592,23.66963],[119.61593,23.66936],[119.61598,23.66923],[119.61604,23.66895],[119.61604,23.66873],[119.61603,23.66863],[119.61595,23.66857],[119.61589,23.66856],[119.61581,23.66863],[119.61578,23.66874],[119.61571,23.66901],[119.61567,23.66929],[119.61566,23.66973],[119.61571,23.6701],[119.61577,23.67047],[119.61585,23.67091],[119.61588,23.67109],[119.6159,23.6714],[119.61589,23.6717],[119.6159,23.67188],[119.61593,23.67208],[119.61602,23.67236],[119.61606,23.67253],[119.61604,23.67259],[119.616,23.67272],[119.61598,23.67283],[119.61602,23.67285],[119.61609,23.67279],[119.61613,23.67279],[119.61614,23.67283],[119.61617,23.67298],[119.61621,23.6732],[119.61617,23.67326],[119.61607,23.67332],[119.61605,23.67339],[119.61611,23.6736],[119.61617,23.67379],[119.61623,23.67406],[119.61634,23.67424],[119.61641,23.67439],[119.61652,23.67451],[119.61663,23.67454],[119.61674,23.67467],[119.61674,23.67474],[119.61687,23.67477],[119.61694,23.67486],[119.61707,23.67492],[119.61718,23.67494],[119.61726,23.67496],[119.61736,23.67512],[119.61745,23.6752],[119.61746,23.67526],[119.61749,23.67533],[119.61752,23.67542],[119.61755,23.67548],[119.61759,23.67551],[119.61762,23.67563],[119.61765,23.67573],[119.61768,23.6757],[119.61774,23.6758],[119.6178,23.67584],[119.61789,23.67584],[119.61799,23.67581],[119.61807,23.67577],[119.6181,23.67574],[119.61831,23.67573],[119.6184,23.6757],[119.61845,23.67563],[119.61854,23.6756],[119.61857,23.67557],[119.61868,23.67555],[119.61869,23.67548],[119.61876,23.67541],[119.61886,23.67539],[119.61891,23.67537],[119.61894,23.67536],[119.619,23.67541],[119.61906,23.67542],[119.61912,23.67536],[119.61916,23.67532],[119.61927,23.67532],[119.61937,23.67533],[119.61947,23.67535],[119.61956,23.6753],[119.61955,23.67523],[119.61948,23.67514],[119.61943,23.67504],[119.61936,23.67501],[119.6193,23.67496],[119.61931,23.6749],[119.61938,23.67484],[119.61953,23.67476],[119.61962,23.67472],[119.61962,23.67465],[119.61959,23.67457],[119.61954,23.67451],[119.61948,23.67444],[119.61945,23.67433],[119.61941,23.6743],[119.61936,23.67428],[119.61932,23.67423],[119.61931,23.67418],[119.61931,23.67411],[119.61927,23.67403],[119.61927,23.67398],[119.61929,23.67395],[119.61932,23.67391],[119.61938,23.67384],[119.61941,23.67379],[119.6194,23.67368],[119.61942,23.67364],[119.61945,23.67356],[119.61945,23.67351],[119.6194,23.67348],[119.61934,23.67342],[119.6193,23.67334],[119.6192,23.67328],[119.61911,23.67327],[119.61904,23.67328],[119.61884,23.67321],[119.61873,23.67316],[119.6186,23.67313],[119.61848,23.67309],[119.61841,23.67306],[119.61835,23.673],[119.61832,23.67293],[119.61827,23.67285],[119.6182,23.67266],[119.61816,23.67251],[119.61807,23.6724],[119.61801,23.67232],[119.61797,23.6722],[119.61795,23.67212],[119.61793,23.67193],[119.61789,23.6718],[119.6178,23.67166],[119.61771,23.67156],[119.6176,23.6714],[119.61753,23.67125],[119.61742,23.67105],[119.61733,23.6709],[119.61719,23.67071],[119.61713,23.67057],[119.61711,23.6705],[119.61712,23.67042],[119.61711,23.67017],[119.61711,23.67013],[119.61709,23.67006],[119.61703,23.66986],[119.61696,23.66971],[119.61694,23.6696],[119.61693,23.66951],[119.61688,23.66941],[119.61684,23.66931],[119.61681,23.6692],[119.61678,23.66909],[119.61665,23.66893],[119.61659,23.66882],[119.61656,23.66872],[119.61654,23.66864],[119.6165,23.6686],[119.61645,23.66855],[119.61639,23.66846],[119.61639,23.66839],[119.61636,23.66835],[119.61625,23.66827],[119.6162,23.66822],[119.61618,23.66814],[119.61607,23.66792],[119.61605,23.6679],[119.61603,23.66783],[119.616,23.66776],[119.61592,23.66768],[119.61581,23.66756],[119.6157,23.66742],[119.61563,23.66728],[119.61555,23.66712],[119.61546,23.66695],[119.61534,23.66675],[119.61519,23.66648],[119.61496,23.66611],[119.61467,23.66569],[119.61451,23.66548],[119.6143,23.66527]]],[[[119.61224,23.67061],[119.61219,23.67064],[119.61218,23.6707],[119.61218,23.67073],[119.61218,23.67083],[119.61217,23.67088],[119.61214,23.67094],[119.61206,23.67102],[119.61203,23.67105],[119.61201,23.67109],[119.61201,23.67111],[119.61205,23.67115],[119.61213,23.67115],[119.61221,23.67112],[119.61226,23.67107],[119.61228,23.671],[119.61228,23.67093],[119.61229,23.67087],[119.61231,23.67081],[119.61232,23.67073],[119.61231,23.67066],[119.61229,23.67063],[119.61224,23.67061]]],[[[119.65922,23.65903],[119.65934,23.65927],[119.65952,23.65974],[119.6597,23.66018],[119.65952,23.66024],[119.65921,23.66035],[119.65905,23.66054],[119.65866,23.66086],[119.6582,23.66086],[119.6573,23.6604],[119.65694,23.66007],[119.65639,23.66038],[119.65573,23.66122],[119.65648,23.66197],[119.657,23.66225],[119.65768,23.66239],[119.65807,23.66257],[119.65822,23.6628],[119.65845,23.66272],[119.65899,23.66274],[119.6594,23.66276],[119.66004,23.66275],[119.66043,23.66278],[119.66062,23.6629],[119.66094,23.66322],[119.66131,23.66339],[119.66172,23.66346],[119.66195,23.66385],[119.66216,23.66429],[119.66238,23.66464],[119.66223,23.66489],[119.66228,23.66507],[119.66245,23.66535],[119.66264,23.66542],[119.66289,23.66583],[119.66303,23.66628],[119.66313,23.66662],[119.66334,23.66677],[119.66337,23.66648],[119.66358,23.66645],[119.66374,23.66659],[119.66362,23.66669],[119.66366,23.66695],[119.66352,23.66718],[119.66354,23.66748],[119.66344,23.66778],[119.66327,23.66807],[119.66346,23.66831],[119.66356,23.66849],[119.66346,23.66875],[119.66353,23.6691],[119.66365,23.66931],[119.66363,23.66969],[119.66417,23.67023],[119.66437,23.6703],[119.66422,23.67019],[119.66412,23.66991],[119.66399,23.66976],[119.66424,23.66964],[119.66439,23.66961],[119.66465,23.66962],[119.66489,23.66968],[119.6652,23.66979],[119.66541,23.66986],[119.66529,23.66956],[119.66507,23.66933],[119.66516,23.66915],[119.66531,23.66898],[119.66548,23.66909],[119.66559,23.6693],[119.66586,23.66926],[119.66613,23.66929],[119.66645,23.66891],[119.66674,23.66869],[119.66696,23.66878],[119.66714,23.66871],[119.66734,23.66863],[119.66723,23.66844],[119.66711,23.66829],[119.66679,23.66832],[119.66677,23.66813],[119.66626,23.66802],[119.66621,23.66791],[119.66653,23.66789],[119.66667,23.66772],[119.66642,23.66769],[119.6664,23.66759],[119.66653,23.66753],[119.66679,23.66735],[119.66695,23.66723],[119.66666,23.66715],[119.66636,23.66721],[119.66647,23.66708],[119.66629,23.66689],[119.66604,23.66684],[119.66573,23.66696],[119.66574,23.66674],[119.6658,23.66622],[119.66581,23.66604],[119.66589,23.66577],[119.666,23.6656],[119.66591,23.6654],[119.66546,23.66546],[119.66531,23.66537],[119.66542,23.66518],[119.66549,23.66495],[119.6657,23.66501],[119.66585,23.66493],[119.6659,23.6646],[119.66612,23.66441],[119.66598,23.66402],[119.66569,23.66416],[119.66545,23.66411],[119.66526,23.66377],[119.66536,23.66334],[119.6655,23.66325],[119.66545,23.66314],[119.66566,23.66308],[119.66554,23.66297],[119.66548,23.66272],[119.66573,23.66252],[119.66608,23.66255],[119.66605,23.66244],[119.66612,23.66234],[119.66613,23.66223],[119.66625,23.6621],[119.66636,23.66217],[119.66634,23.66198],[119.66636,23.66186],[119.6663,23.66175],[119.66604,23.66167],[119.66606,23.66158],[119.66585,23.66139],[119.66571,23.66126],[119.66554,23.66103],[119.66559,23.66086],[119.66566,23.6605],[119.66585,23.66046],[119.66607,23.66053],[119.66641,23.66054],[119.66676,23.66057],[119.66696,23.66067],[119.66726,23.66062],[119.66743,23.66056],[119.66765,23.66062],[119.66759,23.66047],[119.66729,23.66028],[119.66711,23.66033],[119.66684,23.66032],[119.66668,23.66027],[119.6668,23.66018],[119.66682,23.65998],[119.66659,23.65982],[119.66604,23.65967],[119.66562,23.65967],[119.6651,23.65981],[119.66469,23.65981],[119.66452,23.65946],[119.66403,23.65928],[119.66393,23.65917],[119.66413,23.65901],[119.66423,23.6588],[119.66387,23.65874],[119.66349,23.6589],[119.66315,23.659],[119.66236,23.65912],[119.66204,23.65923],[119.66171,23.65917],[119.66147,23.65926],[119.66106,23.65939],[119.66084,23.65944],[119.66029,23.65941],[119.66001,23.65961],[119.66001,23.65981],[119.65993,23.65994],[119.65971,23.65992],[119.65932,23.659],[119.65873,23.65908],[119.65755,23.65946],[119.65845,23.65926],[119.65922,23.65903]]],[[[119.55442,23.66909],[119.55437,23.6691],[119.55425,23.66924],[119.55419,23.66927],[119.55418,23.66929],[119.55419,23.66934],[119.55421,23.66939],[119.55423,23.66942],[119.55426,23.66944],[119.55429,23.66944],[119.55431,23.66946],[119.55433,23.66949],[119.55437,23.6696],[119.5544,23.6696],[119.55443,23.66959],[119.55444,23.66957],[119.55445,23.66955],[119.55444,23.66947],[119.55443,23.66942],[119.55442,23.66938],[119.55444,23.66936],[119.55447,23.66936],[119.55449,23.66933],[119.55448,23.6693],[119.55447,23.66928],[119.55447,23.66925],[119.55448,23.66921],[119.55449,23.66918],[119.55449,23.66914],[119.55445,23.6691],[119.55442,23.66909]]],[[[119.55489,23.66871],[119.55484,23.66872],[119.55479,23.66876],[119.55477,23.66877],[119.55469,23.66886],[119.55467,23.66887],[119.55463,23.66887],[119.55461,23.66889],[119.55461,23.66894],[119.5546,23.66897],[119.5546,23.66903],[119.55461,23.66906],[119.55464,23.66909],[119.55481,23.66913],[119.55489,23.66914],[119.55494,23.66911],[119.55496,23.66907],[119.55498,23.66904],[119.55501,23.669],[119.55501,23.66896],[119.55499,23.66892],[119.55492,23.66886],[119.55491,23.66884],[119.5549,23.66882],[119.5549,23.66877],[119.55491,23.66873],[119.55489,23.66871]]],[[[119.54905,23.66296],[119.54901,23.66299],[119.54888,23.66314],[119.54875,23.66331],[119.54871,23.66336],[119.54862,23.66343],[119.5486,23.66345],[119.54859,23.66348],[119.54859,23.66354],[119.54858,23.66357],[119.54857,23.66358],[119.54853,23.66361],[119.54845,23.66365],[119.54833,23.66373],[119.54826,23.66379],[119.54826,23.66387],[119.54835,23.66387],[119.5484,23.66385],[119.54843,23.66383],[119.5485,23.66383],[119.54853,23.66388],[119.5486,23.66387],[119.54866,23.66387],[119.54875,23.66377],[119.54882,23.66373],[119.5489,23.6637],[119.54894,23.66365],[119.54895,23.6635],[119.54903,23.66332],[119.5491,23.66315],[119.54912,23.66302],[119.5491,23.66297],[119.54905,23.66296]]],[[[119.54774,23.65334],[119.54771,23.65335],[119.54768,23.65336],[119.54767,23.65345],[119.54768,23.65353],[119.54773,23.65358],[119.54774,23.65361],[119.54775,23.65364],[119.54773,23.65367],[119.54754,23.65378],[119.54747,23.65386],[119.54746,23.65393],[119.54747,23.65396],[119.54754,23.65404],[119.54759,23.65409],[119.54762,23.65413],[119.54761,23.65425],[119.54765,23.65431],[119.54771,23.65433],[119.54774,23.65436],[119.54775,23.65443],[119.54777,23.65447],[119.54783,23.65447],[119.54787,23.65445],[119.54789,23.65445],[119.54797,23.65447],[119.54805,23.65447],[119.54813,23.6544],[119.54814,23.65437],[119.54823,23.65434],[119.54835,23.6543],[119.54843,23.65422],[119.54846,23.65415],[119.54844,23.65405],[119.54843,23.65396],[119.54844,23.65389],[119.54851,23.65385],[119.54861,23.65386],[119.54871,23.65391],[119.54875,23.65394],[119.54881,23.65393],[119.54883,23.6539],[119.54884,23.65387],[119.54883,23.65381],[119.54881,23.65376],[119.5487,23.65363],[119.54859,23.6535],[119.54847,23.65342],[119.54835,23.65338],[119.54824,23.65336],[119.54812,23.6534],[119.54807,23.65343],[119.548,23.65349],[119.54795,23.65349],[119.54789,23.65345],[119.54784,23.65339],[119.54779,23.65334],[119.54774,23.65334]]],[[[119.54904,23.65384],[119.54895,23.65385],[119.54893,23.65389],[119.54893,23.65394],[119.54894,23.65399],[119.54907,23.65409],[119.54915,23.6541],[119.54927,23.6541],[119.5493,23.65407],[119.5493,23.654],[119.54928,23.65397],[119.54915,23.65391],[119.54904,23.65384]]],[[[119.54919,23.65332],[119.54912,23.65333],[119.54906,23.65336],[119.54904,23.65336],[119.54901,23.65335],[119.54899,23.65332],[119.54894,23.65334],[119.5489,23.65341],[119.54881,23.65349],[119.5488,23.65353],[119.54879,23.65357],[119.54882,23.6536],[119.54887,23.65363],[119.54892,23.65362],[119.54903,23.65352],[119.54907,23.6535],[119.54913,23.6535],[119.54917,23.6535],[119.54922,23.65349],[119.54924,23.65346],[119.54925,23.65341],[119.54924,23.65335],[119.54919,23.65332]]],[[[119.54962,23.65299],[119.54955,23.65301],[119.5495,23.65306],[119.54943,23.6531],[119.54937,23.65312],[119.54935,23.65315],[119.54934,23.6532],[119.54936,23.65323],[119.54939,23.65326],[119.54942,23.65327],[119.54946,23.65327],[119.54951,23.65323],[119.54961,23.65316],[119.54966,23.65314],[119.54969,23.65312],[119.5497,23.65307],[119.54967,23.65302],[119.54962,23.65299]]],[[[119.63395,23.64295],[119.63385,23.643],[119.63363,23.64317],[119.63334,23.64343],[119.63309,23.64366],[119.63311,23.64654],[119.63286,23.64654],[119.63282,23.64657],[119.63279,23.64662],[119.63273,23.64662],[119.63262,23.64651],[119.63245,23.64636],[119.63239,23.64626],[119.63229,23.64616],[119.63227,23.64611],[119.63228,23.64605],[119.63231,23.64601],[119.63231,23.64597],[119.63204,23.64562],[119.63199,23.64559],[119.63192,23.64562],[119.63188,23.64566],[119.6318,23.64566],[119.63174,23.64563],[119.63167,23.64557],[119.63156,23.64544],[119.6315,23.64537],[119.63139,23.64529],[119.63132,23.64523],[119.63102,23.64497],[119.63079,23.64477],[119.63069,23.64469],[119.63062,23.64467],[119.63059,23.64469],[119.63058,23.64477],[119.63066,23.64486],[119.63075,23.64492],[119.63101,23.64513],[119.6312,23.64531],[119.63149,23.64571],[119.63151,23.64576],[119.63148,23.6458],[119.6305,23.64597],[119.62959,23.64618],[119.62963,23.6463],[119.62987,23.64626],[119.62989,23.64619],[119.63016,23.64614],[119.63117,23.64593],[119.63158,23.64586],[119.6316,23.64587],[119.63162,23.64594],[119.6317,23.64593],[119.6317,23.64601],[119.63166,23.64612],[119.63163,23.64622],[119.63158,23.6464],[119.63162,23.64655],[119.63166,23.64675],[119.63168,23.64688],[119.63171,23.64705],[119.6317,23.64714],[119.63173,23.64722],[119.63178,23.64731],[119.6318,23.64734],[119.63179,23.6474],[119.63172,23.64747],[119.63169,23.64758],[119.63179,23.64762],[119.63179,23.64767],[119.63155,23.64762],[119.63151,23.64758],[119.63095,23.64749],[119.63091,23.64741],[119.63064,23.64737],[119.63032,23.64731],[119.63017,23.64729],[119.6301,23.64727],[119.62989,23.64667],[119.62955,23.64678],[119.62959,23.64687],[119.62977,23.64682],[119.63001,23.64744],[119.63027,23.64748],[119.63131,23.6477],[119.63154,23.64773],[119.6317,23.64776],[119.63181,23.64777],[119.63186,23.6478],[119.63196,23.64817],[119.63202,23.64835],[119.63208,23.64858],[119.63218,23.64888],[119.6322,23.64896],[119.63219,23.64899],[119.63216,23.64901],[119.63171,23.649],[119.63168,23.64901],[119.63166,23.64905],[119.63165,23.64939],[119.63161,23.6502],[119.63163,23.65027],[119.63168,23.65033],[119.63176,23.65033],[119.63185,23.65033],[119.63188,23.65035],[119.63189,23.6504],[119.6319,23.65047],[119.63193,23.65053],[119.632,23.65077],[119.63207,23.65103],[119.63211,23.65119],[119.63216,23.65129],[119.63229,23.65142],[119.63247,23.65155],[119.63275,23.65173],[119.63289,23.65178],[119.63303,23.6518],[119.63306,23.65183],[119.63307,23.6519],[119.63312,23.65196],[119.63326,23.65197],[119.63345,23.65197],[119.63375,23.65188],[119.63405,23.6518],[119.63415,23.65176],[119.63426,23.65176],[119.63435,23.65176],[119.63441,23.6517],[119.63443,23.65159],[119.63442,23.6515],[119.63445,23.65149],[119.63453,23.6515],[119.63464,23.65152],[119.63475,23.65153],[119.6349,23.65153],[119.63505,23.65145],[119.63509,23.6514],[119.63508,23.65132],[119.63502,23.65129],[119.63502,23.65126],[119.63512,23.65126],[119.63526,23.65126],[119.63546,23.65126],[119.63561,23.6513],[119.63574,23.65137],[119.63596,23.65136],[119.63612,23.65132],[119.6363,23.65122],[119.63636,23.65119],[119.63649,23.65107],[119.63653,23.65105],[119.63658,23.65107],[119.63663,23.65103],[119.63665,23.65094],[119.63674,23.65086],[119.63678,23.65079],[119.63682,23.65074],[119.63683,23.65066],[119.63685,23.65049],[119.6368,23.65023],[119.63679,23.65015],[119.63672,23.64998],[119.63667,23.64987],[119.63658,23.6498],[119.63655,23.64975],[119.63656,23.64971],[119.63662,23.64969],[119.6367,23.64971],[119.63672,23.64969],[119.63674,23.64964],[119.63671,23.64954],[119.63657,23.64936],[119.63653,23.64935],[119.63642,23.64925],[119.6364,23.64918],[119.63623,23.64901],[119.63611,23.64892],[119.63609,23.64887],[119.63608,23.64872],[119.63608,23.64866],[119.63612,23.64862],[119.63617,23.64857],[119.63622,23.64839],[119.63625,23.64828],[119.63623,23.64793],[119.63608,23.64768],[119.63581,23.64751],[119.63553,23.64751],[119.63536,23.64746],[119.63521,23.64736],[119.63515,23.64731],[119.63512,23.64723],[119.63503,23.64714],[119.63493,23.64709],[119.63465,23.64709],[119.63455,23.64708],[119.63443,23.64703],[119.63434,23.64694],[119.63422,23.6468],[119.63415,23.64669],[119.6341,23.64653],[119.63406,23.64645],[119.634,23.64632],[119.63398,23.6461],[119.63393,23.64579],[119.63392,23.6456],[119.63392,23.64542],[119.6339,23.64509],[119.63389,23.64444],[119.63381,23.6442],[119.63374,23.64402],[119.63373,23.6439],[119.63374,23.6438],[119.63384,23.64365],[119.63396,23.64334],[119.63406,23.6431],[119.63405,23.64302],[119.63401,23.64297],[119.63395,23.64295]]],[[[119.54747,23.65215],[119.54742,23.65216],[119.54737,23.65218],[119.54735,23.65223],[119.54738,23.65229],[119.54742,23.65232],[119.54746,23.65232],[119.5475,23.6523],[119.54753,23.65227],[119.54753,23.65222],[119.54751,23.65218],[119.54747,23.65215]]],[[[119.54547,23.64978],[119.54541,23.64979],[119.54535,23.64981],[119.54531,23.64982],[119.5452,23.64983],[119.54507,23.6498],[119.54502,23.6498],[119.54498,23.64983],[119.54496,23.64988],[119.54495,23.64995],[119.54495,23.64998],[119.545,23.65003],[119.54511,23.65012],[119.54522,23.65021],[119.54527,23.65026],[119.54527,23.65033],[119.54526,23.6504],[119.54525,23.65044],[119.54525,23.65048],[119.54527,23.6505],[119.54531,23.65052],[119.54542,23.65052],[119.54552,23.6505],[119.54559,23.65045],[119.54561,23.65038],[119.54562,23.65027],[119.54561,23.65024],[119.54558,23.65022],[119.54547,23.65022],[119.54543,23.65021],[119.54539,23.65019],[119.54538,23.65014],[119.54538,23.65012],[119.54542,23.65006],[119.54549,23.64998],[119.54552,23.64991],[119.54552,23.64983],[119.5455,23.64979],[119.54547,23.64978]]],[[[119.5444,23.64849],[119.54433,23.64849],[119.54427,23.64852],[119.54423,23.64859],[119.54421,23.64863],[119.54422,23.6487],[119.54428,23.64884],[119.54435,23.64892],[119.5444,23.649],[119.54441,23.64909],[119.54437,23.64915],[119.54429,23.64918],[119.5442,23.6492],[119.54402,23.64927],[119.54389,23.64934],[119.54382,23.64945],[119.54382,23.64952],[119.54387,23.64959],[119.544,23.64962],[119.54418,23.64964],[119.54437,23.64965],[119.54446,23.64969],[119.54454,23.64974],[119.54457,23.6498],[119.54457,23.64992],[119.54455,23.65003],[119.54459,23.6501],[119.54466,23.65013],[119.54475,23.65008],[119.54479,23.65001],[119.54479,23.64988],[119.54478,23.64973],[119.54478,23.64965],[119.54483,23.64958],[119.54491,23.64949],[119.54495,23.64942],[119.54492,23.64934],[119.54486,23.6493],[119.54473,23.64926],[119.5447,23.64919],[119.54469,23.64912],[119.54467,23.64904],[119.54466,23.64896],[119.54464,23.6489],[119.54453,23.64876],[119.54448,23.64859],[119.5444,23.64849]]],[[[119.54512,23.64871],[119.54507,23.64872],[119.54501,23.64876],[119.545,23.64878],[119.545,23.64888],[119.54502,23.64893],[119.54506,23.64906],[119.54513,23.64916],[119.54515,23.64917],[119.54531,23.64918],[119.54534,23.64915],[119.54537,23.64907],[119.54536,23.64896],[119.54528,23.64883],[119.54519,23.64876],[119.54512,23.64871]]],[[[119.58178,23.64837],[119.58164,23.64837],[119.58153,23.64841],[119.58146,23.64847],[119.58132,23.64859],[119.58115,23.64876],[119.58109,23.64886],[119.5811,23.64892],[119.58113,23.64894],[119.58124,23.64892],[119.5813,23.64893],[119.58139,23.64893],[119.58147,23.64897],[119.58152,23.64899],[119.58164,23.64901],[119.58174,23.64902],[119.58184,23.64898],[119.58193,23.64891],[119.58194,23.64886],[119.58193,23.64882],[119.58187,23.64872],[119.58187,23.64867],[119.5819,23.64859],[119.58197,23.64848],[119.58195,23.64841],[119.58191,23.64838],[119.58186,23.64837],[119.58178,23.64837]]],[[[119.58792,23.6395],[119.58787,23.63951],[119.58784,23.63951],[119.58781,23.63954],[119.58778,23.63957],[119.58775,23.63959],[119.58771,23.63959],[119.58766,23.63958],[119.5876,23.63953],[119.58755,23.63952],[119.58752,23.63953],[119.58748,23.63954],[119.58745,23.63957],[119.58743,23.63959],[119.58739,23.6396],[119.58727,23.63959],[119.58724,23.6396],[119.58722,23.63962],[119.58721,23.63964],[119.58722,23.63968],[119.58725,23.63974],[119.5873,23.63978],[119.58731,23.63982],[119.58731,23.63986],[119.58731,23.63991],[119.58728,23.63999],[119.58727,23.64006],[119.58729,23.64011],[119.5873,23.64015],[119.58734,23.64019],[119.58736,23.64021],[119.58736,23.64022],[119.58736,23.64024],[119.58735,23.64026],[119.58731,23.64032],[119.58731,23.64036],[119.58731,23.64044],[119.5873,23.64048],[119.58726,23.64052],[119.58725,23.64057],[119.58727,23.64062],[119.58728,23.64066],[119.58728,23.6407],[119.58728,23.64073],[119.5873,23.64077],[119.58733,23.64081],[119.58738,23.64081],[119.58761,23.64079],[119.58767,23.64079],[119.58776,23.64075],[119.58792,23.64073],[119.58804,23.6407],[119.58811,23.64068],[119.58812,23.64075],[119.58814,23.64083],[119.58817,23.64087],[119.58823,23.64088],[119.58831,23.64088],[119.58839,23.64083],[119.5884,23.64079],[119.58839,23.64074],[119.58832,23.64068],[119.58822,23.64058],[119.58818,23.64052],[119.58814,23.64045],[119.58813,23.64037],[119.58814,23.64026],[119.58819,23.64014],[119.58819,23.64011],[119.58818,23.64007],[119.58813,23.64001],[119.5881,23.63996],[119.5881,23.63991],[119.58809,23.63986],[119.58803,23.63985],[119.58798,23.63983],[119.58796,23.6398],[119.58797,23.63976],[119.58799,23.63971],[119.588,23.63966],[119.58797,23.63959],[119.58795,23.63953],[119.58792,23.6395]]],[[[119.60498,23.63881],[119.60497,23.63881],[119.60493,23.63881],[119.60492,23.63882],[119.60491,23.63885],[119.60489,23.63886],[119.60482,23.63887],[119.6048,23.63888],[119.6048,23.6389],[119.60482,23.63891],[119.60484,23.63892],[119.6049,23.63892],[119.60497,23.63897],[119.60501,23.63899],[119.60506,23.63898],[119.60511,23.63893],[119.60515,23.63892],[119.60519,23.63896],[119.60522,23.63896],[119.60526,23.63895],[119.60526,23.63891],[119.60526,23.6389],[119.60525,23.63889],[119.60523,23.63888],[119.60522,23.63887],[119.60521,23.63886],[119.60519,23.63886],[119.60517,23.63885],[119.60515,23.63884],[119.60512,23.63883],[119.60508,23.63884],[119.60505,23.63884],[119.60502,23.63884],[119.605,23.63883],[119.60498,23.63881]]],[[[119.60833,23.6373],[119.60828,23.63731],[119.6082,23.63737],[119.60812,23.63742],[119.60805,23.63743],[119.60802,23.63745],[119.608,23.63747],[119.60804,23.63749],[119.60804,23.6375],[119.60807,23.6375],[119.60808,23.63751],[119.60808,23.63752],[119.60807,23.63754],[119.60806,23.63755],[119.60804,23.63756],[119.60803,23.63757],[119.60804,23.63759],[119.60806,23.6376],[119.60807,23.6376],[119.60807,23.63762],[119.60807,23.63763],[119.60802,23.63768],[119.60802,23.6377],[119.60803,23.63771],[119.60811,23.63771],[119.60812,23.63769],[119.60813,23.63768],[119.60813,23.63766],[119.60815,23.63763],[119.60817,23.63761],[119.60825,23.63756],[119.60836,23.6375],[119.60838,23.63744],[119.60839,23.63739],[119.60838,23.63735],[119.60836,23.63734],[119.60836,23.63733],[119.60835,23.63732],[119.60833,23.6373]]],[[[119.61744,23.63004],[119.61737,23.63007],[119.61732,23.63012],[119.61731,23.63022],[119.61729,23.6304],[119.61733,23.63044],[119.6174,23.63044],[119.6175,23.63034],[119.61753,23.63029],[119.61754,23.63022],[119.61753,23.63008],[119.6175,23.63003],[119.61744,23.63004]]],[[[119.56988,23.61655],[119.56951,23.61656],[119.56887,23.61658],[119.5687,23.61658],[119.56812,23.61665],[119.56812,23.61675],[119.56882,23.61668],[119.56977,23.61664],[119.56981,23.61739],[119.56869,23.61751],[119.5686,23.61705],[119.56852,23.61706],[119.56861,23.61763],[119.56795,23.61776],[119.56788,23.61716],[119.56811,23.61713],[119.5681,23.61705],[119.56787,23.61708],[119.56783,23.6166],[119.56772,23.61661],[119.56781,23.61752],[119.56739,23.61769],[119.56717,23.61775],[119.56699,23.61782],[119.56671,23.61799],[119.56606,23.61838],[119.56557,23.61869],[119.56535,23.6189],[119.56523,23.61906],[119.56515,23.61916],[119.56515,23.61924],[119.56523,23.61935],[119.56535,23.61941],[119.5655,23.61943],[119.56577,23.61943],[119.566,23.61942],[119.5661,23.61943],[119.56625,23.61949],[119.56655,23.61958],[119.56686,23.61969],[119.56718,23.61983],[119.56739,23.61996],[119.56756,23.62007],[119.56776,23.62023],[119.5679,23.62039],[119.56798,23.62053],[119.56801,23.62066],[119.568,23.62079],[119.56793,23.62093],[119.56776,23.62115],[119.56765,23.62128],[119.56758,23.62145],[119.56758,23.62156],[119.56766,23.62167],[119.56772,23.62178],[119.56772,23.62186],[119.56769,23.62197],[119.56767,23.62204],[119.56767,23.62221],[119.56772,23.62238],[119.56778,23.6225],[119.5679,23.62257],[119.56807,23.62261],[119.56818,23.62261],[119.56829,23.62265],[119.5684,23.62266],[119.56847,23.62266],[119.56858,23.62266],[119.56861,23.62263],[119.56872,23.62261],[119.56874,23.62258],[119.56879,23.62258],[119.56887,23.62256],[119.56895,23.62252],[119.56905,23.62246],[119.5691,23.62236],[119.56914,23.62227],[119.56916,23.62221],[119.56919,23.62217],[119.56928,23.62211],[119.56938,23.62206],[119.56947,23.62199],[119.56953,23.62189],[119.56956,23.62179],[119.56958,23.62168],[119.56961,23.62164],[119.56967,23.62158],[119.56974,23.62152],[119.56979,23.62147],[119.56982,23.62141],[119.56983,23.62134],[119.56983,23.62116],[119.56986,23.62111],[119.56988,23.62106],[119.56986,23.62099],[119.56982,23.62086],[119.56979,23.62076],[119.56978,23.62069],[119.5698,23.62062],[119.56985,23.6205],[119.56991,23.62044],[119.56995,23.62041],[119.57003,23.62037],[119.57012,23.62032],[119.57021,23.62027],[119.57024,23.62023],[119.57024,23.62011],[119.57025,23.62],[119.57028,23.61993],[119.57034,23.61983],[119.57038,23.61978],[119.57037,23.6197],[119.57031,23.61961],[119.57024,23.61951],[119.57021,23.61937],[119.57015,23.61926],[119.57005,23.61908],[119.57003,23.61904],[119.57002,23.61897],[119.57006,23.61891],[119.57013,23.6188],[119.57026,23.61868],[119.57049,23.61845],[119.57068,23.61829],[119.57078,23.61817],[119.57079,23.6181],[119.57078,23.61804],[119.57072,23.61799],[119.57069,23.61794],[119.57066,23.61789],[119.57065,23.6178],[119.57061,23.61776],[119.57049,23.61769],[119.57035,23.61759],[119.57022,23.6175],[119.57014,23.61745],[119.56992,23.61736],[119.5699,23.61707],[119.56988,23.61655]]],[[[119.59864,23.60772],[119.59855,23.60778],[119.59845,23.60787],[119.59839,23.60797],[119.59831,23.60806],[119.59831,23.6081],[119.59834,23.60813],[119.59858,23.6081],[119.59864,23.60812],[119.5987,23.60812],[119.59876,23.60817],[119.59907,23.60816],[119.59909,23.60814],[119.59908,23.608],[119.59899,23.60797],[119.5989,23.60794],[119.59882,23.60789],[119.59875,23.60781],[119.5987,23.60773],[119.59864,23.60772]]],[[[119.61395,23.6069],[119.61385,23.60693],[119.61385,23.60697],[119.61385,23.60711],[119.61388,23.60728],[119.61391,23.60734],[119.61399,23.6074],[119.61408,23.60743],[119.61414,23.60745],[119.61417,23.60751],[119.61417,23.60756],[119.61417,23.60762],[119.61422,23.6077],[119.61428,23.60774],[119.61433,23.60775],[119.61443,23.60771],[119.61453,23.60762],[119.61462,23.60758],[119.61473,23.60758],[119.6148,23.60756],[119.61483,23.60746],[119.61485,23.60737],[119.61483,23.6073],[119.6148,23.60725],[119.61473,23.60717],[119.61468,23.60711],[119.61461,23.60706],[119.61452,23.60704],[119.61441,23.60703],[119.61436,23.60706],[119.6143,23.60706],[119.61426,23.60704],[119.61416,23.60696],[119.61408,23.60692],[119.614,23.6069],[119.61395,23.6069]]],[[[119.50845,23.27273],[119.50831,23.27273],[119.50823,23.27274],[119.50816,23.27283],[119.50812,23.27285],[119.50804,23.27286],[119.50798,23.27285],[119.50791,23.2728],[119.50788,23.27278],[119.50781,23.27277],[119.50776,23.2728],[119.50775,23.27287],[119.50778,23.27295],[119.5078,23.27304],[119.5078,23.2731],[119.50784,23.27317],[119.50791,23.27323],[119.50798,23.27325],[119.50809,23.27326],[119.50815,23.27324],[119.50818,23.27321],[119.5082,23.27321],[119.50832,23.27317],[119.50842,23.27316],[119.50851,23.27312],[119.50859,23.27306],[119.50862,23.27294],[119.50861,23.27284],[119.50854,23.27276],[119.50845,23.27273]]],[[[119.50907,23.25565],[119.50916,23.25567],[119.50943,23.25569],[119.5097,23.25567],[119.50985,23.25567],[119.50989,23.25569],[119.5099,23.25572],[119.50996,23.25572],[119.51006,23.2558],[119.51012,23.25581],[119.51027,23.25591],[119.51045,23.25603],[119.51052,23.25604],[119.51064,23.25613],[119.51091,23.25634],[119.51094,23.2564],[119.51094,23.25644],[119.51091,23.25647],[119.51084,23.25648],[119.51077,23.25645],[119.51065,23.25643],[119.51057,23.25644],[119.5105,23.25645],[119.51041,23.25653],[119.51034,23.25663],[119.51032,23.25671],[119.5103,23.25681],[119.51029,23.25688],[119.51029,23.25692],[119.51032,23.25702],[119.51035,23.25706],[119.51038,23.2571],[119.5106,23.25722],[119.51075,23.25728],[119.51091,23.25734],[119.51102,23.25734],[119.51114,23.25732],[119.51121,23.25727],[119.51125,23.25724],[119.51132,23.25723],[119.51145,23.25724],[119.51168,23.25724],[119.51187,23.25716],[119.51202,23.25709],[119.5121,23.25705],[119.51213,23.25701],[119.51224,23.25701],[119.51237,23.2571],[119.5125,23.25722],[119.51264,23.25737],[119.51276,23.25746],[119.51283,23.25756],[119.51287,23.25767],[119.51293,23.25781],[119.51297,23.25796],[119.51303,23.25807],[119.51309,23.25819],[119.51323,23.25839],[119.51348,23.25868],[119.51372,23.25903],[119.51381,23.25916],[119.51395,23.25932],[119.51404,23.25948],[119.51416,23.25973],[119.51417,23.2598],[119.5142,23.25993],[119.51426,23.26011],[119.5143,23.26024],[119.51434,23.26041],[119.51437,23.26051],[119.51439,23.2606],[119.51439,23.26073],[119.51444,23.26099],[119.51448,23.26115],[119.5145,23.26131],[119.5145,23.26143],[119.51449,23.26152],[119.51446,23.26157],[119.51436,23.26172],[119.51432,23.2618],[119.51416,23.26202],[119.51407,23.26212],[119.51402,23.26218],[119.51401,23.26226],[119.51406,23.26234],[119.51414,23.26238],[119.51423,23.26242],[119.51431,23.26246],[119.51443,23.26258],[119.51456,23.26267],[119.51468,23.26278],[119.51482,23.26294],[119.51492,23.263],[119.51501,23.26304],[119.51516,23.26314],[119.51528,23.26324],[119.51539,23.26332],[119.51545,23.26339],[119.51573,23.26361],[119.51592,23.26374],[119.51611,23.26384],[119.51632,23.26392],[119.51657,23.26401],[119.51669,23.26413],[119.51681,23.26426],[119.51695,23.26433],[119.51709,23.26439],[119.51719,23.26439],[119.5173,23.26438],[119.51743,23.26438],[119.5175,23.2644],[119.51764,23.26454],[119.51767,23.26459],[119.51768,23.26473],[119.51771,23.26481],[119.51779,23.26491],[119.5179,23.26496],[119.51802,23.26499],[119.51817,23.265],[119.5183,23.26507],[119.51839,23.26515],[119.51847,23.26523],[119.51855,23.26527],[119.51865,23.26531],[119.51883,23.26533],[119.51905,23.26535],[119.51925,23.26533],[119.51938,23.2653],[119.51951,23.26524],[119.51959,23.26515],[119.51961,23.26508],[119.51961,23.26492],[119.51963,23.26481],[119.51963,23.26473],[119.51968,23.26467],[119.51974,23.26463],[119.51982,23.26463],[119.52001,23.26465],[119.52024,23.26465],[119.52051,23.26461],[119.52073,23.26453],[119.52103,23.26436],[119.52118,23.26428],[119.52125,23.26426],[119.52134,23.26427],[119.52143,23.26432],[119.5215,23.26439],[119.52161,23.26447],[119.52169,23.2645],[119.52178,23.26447],[119.52181,23.26443],[119.52184,23.26434],[119.52185,23.26425],[119.52188,23.26407],[119.5219,23.26388],[119.52193,23.26374],[119.52196,23.26366],[119.52202,23.26357],[119.52206,23.2635],[119.52209,23.26338],[119.52216,23.2631],[119.52217,23.26284],[119.52217,23.26261],[119.52212,23.26233],[119.52206,23.26209],[119.522,23.26199],[119.52134,23.26124],[119.52128,23.26118],[119.52123,23.26117],[119.52112,23.26119],[119.52102,23.26121],[119.52093,23.26121],[119.52087,23.26116],[119.52074,23.261],[119.52068,23.26092],[119.5206,23.26089],[119.52038,23.26089],[119.5203,23.26087],[119.52018,23.26084],[119.51999,23.26076],[119.51985,23.26075],[119.5197,23.26081],[119.51964,23.26079],[119.51956,23.26078],[119.5195,23.26071],[119.51938,23.26057],[119.51933,23.26049],[119.5192,23.26036],[119.51912,23.26031],[119.519,23.26022],[119.51893,23.26014],[119.5189,23.26008],[119.51891,23.26001],[119.51894,23.25994],[119.51898,23.25986],[119.51907,23.25971],[119.51913,23.25956],[119.51914,23.25936],[119.51912,23.2593],[119.51906,23.25921],[119.519,23.25916],[119.51894,23.25914],[119.51886,23.25915],[119.51873,23.25925],[119.51861,23.25935],[119.51855,23.25937],[119.51851,23.25936],[119.51847,23.25933],[119.5184,23.25925],[119.5183,23.25912],[119.51814,23.25893],[119.51804,23.25877],[119.518,23.25873],[119.51799,23.25869],[119.51798,23.25865],[119.51795,23.25857],[119.51797,23.25849],[119.51802,23.25843],[119.51805,23.25833],[119.51805,23.2582],[119.51801,23.25809],[119.51797,23.25801],[119.51791,23.25796],[119.51775,23.25782],[119.51753,23.25768],[119.51727,23.25755],[119.5171,23.25749],[119.51691,23.25741],[119.51682,23.25737],[119.5167,23.25731],[119.51665,23.25726],[119.51658,23.25718],[119.51651,23.25709],[119.51644,23.257],[119.51637,23.25685],[119.51634,23.25673],[119.51629,23.25656],[119.51628,23.25646],[119.51628,23.25633],[119.51628,23.25625],[119.51627,23.25607],[119.51627,23.25596],[119.51627,23.25585],[119.5163,23.25571],[119.51638,23.25548],[119.51648,23.25525],[119.5165,23.25517],[119.51651,23.25508],[119.5165,23.25497],[119.51648,23.25491],[119.51643,23.25483],[119.51638,23.25479],[119.51629,23.25475],[119.51619,23.25475],[119.51608,23.25472],[119.51595,23.25475],[119.51581,23.25486],[119.51573,23.25497],[119.51563,23.25514],[119.51552,23.25526],[119.51538,23.25536],[119.51518,23.25546],[119.51491,23.25558],[119.51467,23.25568],[119.51449,23.25574],[119.51431,23.25579],[119.51411,23.25586],[119.51392,23.25591],[119.51373,23.25591],[119.51348,23.25593],[119.5134,23.25591],[119.51332,23.25589],[119.51315,23.25586],[119.51289,23.25579],[119.51271,23.25575],[119.51255,23.25571],[119.51242,23.25565],[119.51233,23.25561],[119.51224,23.25554],[119.51212,23.25538],[119.51203,23.2553],[119.51195,23.25518],[119.51194,23.255],[119.51195,23.25483],[119.51198,23.25472],[119.51202,23.25462],[119.51204,23.25457],[119.51205,23.25448],[119.51204,23.25436],[119.51201,23.2543],[119.51197,23.25423],[119.51198,23.25416],[119.51198,23.25408],[119.512,23.25399],[119.51199,23.25391],[119.51197,23.25386],[119.51193,23.25382],[119.51183,23.25377],[119.51166,23.25367],[119.51157,23.25359],[119.5115,23.25355],[119.51143,23.25353],[119.51133,23.25355],[119.51125,23.25358],[119.51119,23.25365],[119.51109,23.25366],[119.51102,23.2536],[119.51091,23.25355],[119.51082,23.25356],[119.51072,23.25359],[119.51064,23.25367],[119.51056,23.2538],[119.51048,23.25388],[119.51039,23.25392],[119.5103,23.25392],[119.51015,23.25399],[119.50988,23.25413],[119.50983,23.2542],[119.50983,23.25426],[119.50985,23.25438],[119.50987,23.25448],[119.50985,23.25457],[119.50979,23.25461],[119.5097,23.25467],[119.50955,23.25469],[119.50947,23.25469],[119.50942,23.25464],[119.5094,23.25458],[119.50938,23.2545],[119.5093,23.25434],[119.5092,23.25422],[119.50912,23.25415],[119.50903,23.25407],[119.50895,23.25399],[119.50886,23.25398],[119.50879,23.25401],[119.50871,23.2541],[119.50866,23.2542],[119.50863,23.25429],[119.50864,23.25435],[119.50867,23.25444],[119.50867,23.25452],[119.50866,23.25459],[119.50864,23.2547],[119.50858,23.25482],[119.50851,23.25496],[119.50847,23.25512],[119.50847,23.25521],[119.50851,23.25529],[119.50858,23.25537],[119.5087,23.25547],[119.5088,23.25555],[119.50885,23.25555],[119.50889,23.25559],[119.50892,23.2556],[119.50898,23.2556],[119.509,23.25563],[119.50907,23.25565]]],[[[119.66541,23.25861],[119.66567,23.25887],[119.6658,23.25952],[119.66615,23.25975],[119.66597,23.26007],[119.66627,23.26057],[119.66618,23.26085],[119.66649,23.26106],[119.6666,23.26134],[119.66697,23.26149],[119.66724,23.2617],[119.66742,23.26194],[119.66739,23.26167],[119.66778,23.26186],[119.66855,23.26199],[119.66907,23.26213],[119.6695,23.26253],[119.66996,23.26263],[119.6707,23.26294],[119.671,23.26315],[119.67072,23.26325],[119.67075,23.26334],[119.671,23.26328],[119.67125,23.26328],[119.67158,23.26323],[119.67218,23.26307],[119.67276,23.26291],[119.67322,23.26271],[119.67337,23.26266],[119.67355,23.26269],[119.67378,23.26268],[119.67405,23.26263],[119.67422,23.26279],[119.67439,23.26285],[119.67453,23.26287],[119.67482,23.26287],[119.67528,23.26295],[119.67536,23.26314],[119.67523,23.26331],[119.67537,23.26325],[119.67562,23.26329],[119.67577,23.2633],[119.67572,23.26341],[119.67588,23.26338],[119.67596,23.26363],[119.6763,23.26374],[119.67649,23.26389],[119.67655,23.26387],[119.67649,23.2642],[119.67659,23.2641],[119.67682,23.26429],[119.67686,23.26388],[119.67702,23.26405],[119.67716,23.26438],[119.67733,23.26424],[119.67738,23.26411],[119.67752,23.26413],[119.67728,23.26395],[119.67728,23.26373],[119.67751,23.26359],[119.67767,23.26366],[119.67794,23.26373],[119.67786,23.26346],[119.67817,23.26356],[119.6783,23.26339],[119.67866,23.26354],[119.67885,23.26351],[119.67911,23.2636],[119.67921,23.2634],[119.67931,23.26308],[119.67931,23.26289],[119.67938,23.26271],[119.67928,23.26223],[119.67918,23.26185],[119.67914,23.26162],[119.67918,23.26146],[119.67929,23.26132],[119.67949,23.26135],[119.67974,23.2613],[119.6795,23.26104],[119.67933,23.26078],[119.67969,23.26069],[119.68005,23.26027],[119.67969,23.26005],[119.67926,23.26038],[119.67861,23.2604],[119.67834,23.26003],[119.67827,23.25971],[119.67814,23.25954],[119.67801,23.259],[119.67803,23.25861],[119.67798,23.25809],[119.67796,23.25776],[119.67818,23.25763],[119.67811,23.25739],[119.67834,23.25721],[119.67814,23.25721],[119.67808,23.25702],[119.67814,23.25674],[119.67803,23.25638],[119.67789,23.25616],[119.67777,23.25595],[119.67754,23.25585],[119.67732,23.25556],[119.6771,23.25527],[119.67687,23.25485],[119.67661,23.25469],[119.67647,23.25453],[119.67632,23.25466],[119.67581,23.25434],[119.67497,23.25407],[119.67445,23.25358],[119.67428,23.25315],[119.67398,23.25307],[119.67383,23.25278],[119.67379,23.25236],[119.67435,23.25216],[119.67428,23.2519],[119.67389,23.252],[119.67347,23.25199],[119.67305,23.25178],[119.67244,23.25063],[119.67268,23.25029],[119.67308,23.25],[119.67332,23.2497],[119.67302,23.24962],[119.67295,23.24925],[119.67296,23.24876],[119.67357,23.24857],[119.67356,23.24846],[119.67377,23.2483],[119.67401,23.24805],[119.67338,23.2482],[119.67304,23.24806],[119.67337,23.24771],[119.67411,23.24732],[119.67399,23.24704],[119.67421,23.24675],[119.67369,23.2467],[119.67327,23.2466],[119.67283,23.24625],[119.67249,23.24605],[119.67224,23.24575],[119.67225,23.2455],[119.67205,23.245],[119.6721,23.24448],[119.67227,23.24421],[119.67182,23.24425],[119.67138,23.24415],[119.67117,23.24393],[119.67111,23.24404],[119.67096,23.2443],[119.67105,23.24458],[119.67107,23.24483],[119.67109,23.24514],[119.67079,23.24542],[119.67077,23.24581],[119.67056,23.24564],[119.67038,23.24579],[119.6703,23.24558],[119.6701,23.24576],[119.66998,23.24603],[119.66961,23.24622],[119.66978,23.24654],[119.66969,23.24676],[119.66947,23.24692],[119.66938,23.24725],[119.66946,23.24758],[119.66897,23.24781],[119.66892,23.248],[119.6685,23.24843],[119.66793,23.24901],[119.66712,23.24941],[119.66647,23.249],[119.66615,23.24863],[119.666,23.24838],[119.6659,23.2486],[119.6661,23.24909],[119.66627,23.2495],[119.66647,23.25003],[119.6658,23.25066],[119.66531,23.25057],[119.66528,23.25017],[119.66519,23.25021],[119.6651,23.25043],[119.66504,23.25068],[119.66484,23.25043],[119.66466,23.25045],[119.66466,23.25069],[119.66491,23.25087],[119.66523,23.251],[119.66602,23.25194],[119.66675,23.25238],[119.66691,23.25277],[119.66658,23.25405],[119.66661,23.25348],[119.66706,23.25285],[119.66755,23.25305],[119.66777,23.25353],[119.66778,23.25387],[119.66778,23.2543],[119.6679,23.25468],[119.66789,23.25535],[119.66738,23.25589],[119.66702,23.25597],[119.66678,23.25665],[119.66627,23.25684],[119.66605,23.25691],[119.66587,23.25708],[119.66615,23.25727],[119.66588,23.25734],[119.66559,23.25775],[119.66551,23.25825],[119.66544,23.25833],[119.66541,23.25861]]],[[[119.65997,23.25995],[119.65992,23.25996],[119.65991,23.26002],[119.65989,23.26009],[119.65987,23.26017],[119.65987,23.26026],[119.65982,23.2603],[119.6598,23.26028],[119.65975,23.26027],[119.65972,23.26027],[119.65973,23.26035],[119.65973,23.26041],[119.65969,23.26043],[119.65965,23.26043],[119.6596,23.2604],[119.65956,23.26033],[119.65951,23.26016],[119.6595,23.26009],[119.65943,23.26009],[119.65938,23.26012],[119.65937,23.26018],[119.65942,23.26032],[119.65949,23.26041],[119.65953,23.26047],[119.65951,23.26053],[119.65943,23.26058],[119.65934,23.26059],[119.65927,23.26053],[119.65912,23.26046],[119.65907,23.26044],[119.65903,23.26046],[119.65896,23.26053],[119.65888,23.26064],[119.65881,23.26071],[119.6588,23.26076],[119.65882,23.26087],[119.65877,23.26087],[119.65873,23.26086],[119.65865,23.26062],[119.65862,23.26059],[119.65855,23.26058],[119.65849,23.26054],[119.65842,23.26051],[119.65832,23.26052],[119.65816,23.26063],[119.65802,23.26075],[119.65788,23.26083],[119.65783,23.26085],[119.65778,23.26085],[119.65771,23.2608],[119.65762,23.26073],[119.65739,23.26065],[119.65728,23.26063],[119.65724,23.26064],[119.65721,23.26069],[119.65717,23.26072],[119.6571,23.26078],[119.65702,23.2608],[119.65693,23.26081],[119.65689,23.26086],[119.65688,23.26091],[119.65688,23.26095],[119.65684,23.26096],[119.65677,23.26096],[119.65672,23.26098],[119.6567,23.26103],[119.6567,23.2611],[119.65674,23.26118],[119.65675,23.26123],[119.65677,23.2613],[119.65686,23.26137],[119.65691,23.26138],[119.65699,23.26143],[119.65709,23.26155],[119.65713,23.26155],[119.65735,23.26156],[119.6574,23.26162],[119.65739,23.26171],[119.65735,23.26179],[119.65735,23.26183],[119.65738,23.26185],[119.6574,23.26187],[119.65741,23.26192],[119.65745,23.26193],[119.65753,23.26192],[119.65759,23.26197],[119.65764,23.26201],[119.65765,23.26214],[119.65767,23.26223],[119.65771,23.26236],[119.65772,23.26252],[119.65771,23.26257],[119.65767,23.26263],[119.65756,23.26269],[119.65741,23.26274],[119.65726,23.26279],[119.6572,23.26283],[119.65715,23.26289],[119.65716,23.26293],[119.65721,23.26299],[119.65724,23.26305],[119.65734,23.26312],[119.65739,23.26319],[119.65746,23.26328],[119.6576,23.26332],[119.65772,23.26334],[119.65781,23.26331],[119.65781,23.26326],[119.65778,23.2632],[119.65779,23.26316],[119.65795,23.26309],[119.65804,23.26308],[119.6581,23.26313],[119.65819,23.26317],[119.65823,23.26323],[119.65823,23.26346],[119.65823,23.26377],[119.65826,23.26388],[119.65835,23.26397],[119.65852,23.26403],[119.65872,23.26409],[119.65878,23.26414],[119.65885,23.26422],[119.65892,23.26422],[119.659,23.26418],[119.65906,23.26411],[119.65913,23.26404],[119.65922,23.264],[119.65928,23.264],[119.65933,23.26402],[119.65938,23.26404],[119.6594,23.26407],[119.65941,23.26411],[119.65941,23.26416],[119.65943,23.26417],[119.65946,23.26416],[119.65948,23.26407],[119.65955,23.26402],[119.65969,23.26395],[119.65979,23.26395],[119.65986,23.26399],[119.66,23.26403],[119.66018,23.2642],[119.66039,23.26428],[119.66055,23.26433],[119.66066,23.26437],[119.66078,23.26443],[119.66086,23.26443],[119.66089,23.2644],[119.6609,23.26438],[119.66102,23.26438],[119.66107,23.26442],[119.66117,23.26441],[119.66126,23.26438],[119.66131,23.26432],[119.66131,23.26425],[119.66135,23.26419],[119.66146,23.26412],[119.66155,23.26403],[119.66163,23.26392],[119.66164,23.26384],[119.66161,23.26375],[119.66154,23.26361],[119.66152,23.26351],[119.66153,23.26346],[119.66158,23.26344],[119.66161,23.26335],[119.66165,23.26328],[119.66164,23.26323],[119.6616,23.26317],[119.66157,23.26313],[119.66156,23.26309],[119.66161,23.26303],[119.66161,23.26295],[119.66159,23.26288],[119.66149,23.26279],[119.6614,23.26267],[119.66132,23.26255],[119.6613,23.26239],[119.66126,23.26222],[119.6612,23.26207],[119.66115,23.26194],[119.66109,23.26184],[119.66102,23.26175],[119.66098,23.26171],[119.66087,23.2616],[119.66079,23.26149],[119.66076,23.26142],[119.6607,23.26134],[119.66062,23.26129],[119.66052,23.26122],[119.66048,23.26111],[119.66044,23.26107],[119.66045,23.261],[119.66049,23.26097],[119.66049,23.26092],[119.66045,23.26087],[119.66041,23.26084],[119.66038,23.2608],[119.66038,23.26074],[119.6604,23.26071],[119.66042,23.26064],[119.66042,23.26052],[119.66039,23.26047],[119.66034,23.26042],[119.66023,23.26034],[119.66012,23.26025],[119.66007,23.26016],[119.66005,23.26007],[119.66003,23.25998],[119.65997,23.25995]]],[[[119.50259,23.25772],[119.50252,23.2578],[119.50249,23.25786],[119.50246,23.25788],[119.50239,23.25791],[119.50235,23.25796],[119.50225,23.25795],[119.5021,23.25783],[119.50203,23.2578],[119.50198,23.25781],[119.50192,23.25787],[119.50188,23.25794],[119.50183,23.25799],[119.50173,23.25802],[119.50167,23.25808],[119.50168,23.2583],[119.50165,23.25839],[119.50164,23.25846],[119.5017,23.25852],[119.5018,23.25852],[119.50183,23.25857],[119.50178,23.25862],[119.50181,23.25868],[119.50186,23.25874],[119.50197,23.25875],[119.50205,23.25878],[119.5021,23.25878],[119.50223,23.25878],[119.50234,23.25888],[119.50238,23.25888],[119.5025,23.25887],[119.50251,23.25884],[119.50262,23.25877],[119.50265,23.25871],[119.50262,23.25861],[119.50264,23.25854],[119.50268,23.25847],[119.50278,23.25839],[119.50294,23.25826],[119.50298,23.2582],[119.50299,23.25811],[119.50298,23.25802],[119.50291,23.25793],[119.50284,23.25781],[119.50278,23.25778],[119.5027,23.25777],[119.50265,23.25774],[119.50259,23.25772]]],[[[119.6183,23.25501],[119.61823,23.25506],[119.61806,23.25509],[119.61793,23.25509],[119.61778,23.25508],[119.61776,23.25506],[119.61765,23.25506],[119.61759,23.2551],[119.61752,23.25514],[119.61745,23.25513],[119.61743,23.25513],[119.61739,23.25516],[119.61734,23.25521],[119.61733,23.25524],[119.61735,23.25529],[119.61735,23.25533],[119.61733,23.25537],[119.61735,23.2554],[119.61739,23.25544],[119.61746,23.25547],[119.61752,23.25546],[119.61761,23.25539],[119.6177,23.25531],[119.61775,23.25524],[119.61779,23.25522],[119.61782,23.25521],[119.61786,23.25524],[119.61788,23.25528],[119.61788,23.25535],[119.61793,23.25546],[119.61799,23.25554],[119.61804,23.25557],[119.61806,23.25558],[119.61811,23.25556],[119.61821,23.25554],[119.61823,23.25551],[119.61826,23.25547],[119.61829,23.25547],[119.61836,23.2555],[119.6184,23.25547],[119.61848,23.25548],[119.6185,23.25542],[119.61854,23.25542],[119.61857,23.25538],[119.61857,23.25534],[119.61858,23.2553],[119.61862,23.25529],[119.61862,23.25525],[119.6186,23.2552],[119.61856,23.25517],[119.61855,23.25513],[119.61855,23.25509],[119.61855,23.25505],[119.61843,23.25505],[119.61837,23.25502],[119.6183,23.25501]]],[[[119.61008,23.24725],[119.60979,23.24731],[119.60982,23.24744],[119.60992,23.24773],[119.61008,23.24805],[119.60965,23.24843],[119.60909,23.24872],[119.60898,23.24879],[119.60869,23.24888],[119.60852,23.24961],[119.60881,23.24983],[119.60886,23.24994],[119.60901,23.25037],[119.60901,23.25049],[119.60878,23.25093],[119.60871,23.25114],[119.60883,23.25148],[119.60936,23.25152],[119.60965,23.2517],[119.6099,23.25185],[119.61011,23.25187],[119.61071,23.25196],[119.61094,23.25191],[119.61098,23.252],[119.61129,23.25212],[119.61146,23.25202],[119.61184,23.25213],[119.61239,23.25243],[119.61252,23.25258],[119.61251,23.25277],[119.61251,23.2529],[119.6127,23.25306],[119.61291,23.2532],[119.61303,23.25316],[119.61319,23.25318],[119.61338,23.25319],[119.61346,23.25323],[119.61344,23.25342],[119.61345,23.25366],[119.61375,23.25357],[119.61404,23.25344],[119.6141,23.25328],[119.61429,23.25349],[119.61449,23.25354],[119.61463,23.25342],[119.61477,23.2531],[119.61499,23.25316],[119.61519,23.25339],[119.61545,23.25352],[119.61562,23.25368],[119.61586,23.25357],[119.61612,23.25372],[119.61631,23.25359],[119.61651,23.2536],[119.61692,23.25354],[119.61733,23.25333],[119.61788,23.25335],[119.61815,23.25314],[119.61849,23.2532],[119.61887,23.25328],[119.61906,23.25307],[119.61928,23.25309],[119.61964,23.25308],[119.61999,23.2531],[119.62019,23.2531],[119.62067,23.25335],[119.6207,23.25319],[119.62107,23.25311],[119.62134,23.25299],[119.6214,23.25279],[119.62148,23.25267],[119.62151,23.2526],[119.62154,23.25242],[119.62144,23.25232],[119.62137,23.25206],[119.62119,23.25195],[119.62126,23.25183],[119.6214,23.25166],[119.6213,23.25162],[119.62133,23.25143],[119.62116,23.2514],[119.62067,23.25149],[119.62082,23.25132],[119.62086,23.25119],[119.62078,23.2511],[119.62087,23.25104],[119.62079,23.25096],[119.62064,23.25093],[119.62063,23.2508],[119.62075,23.25066],[119.62061,23.25057],[119.6209,23.25038],[119.62105,23.25009],[119.62071,23.25011],[119.62078,23.25002],[119.62066,23.24969],[119.62046,23.24972],[119.62028,23.24964],[119.62015,23.24955],[119.62001,23.24956],[119.61994,23.24929],[119.61987,23.24917],[119.61969,23.24901],[119.61961,23.24863],[119.61983,23.2484],[119.61997,23.24814],[119.62011,23.2479],[119.62026,23.24776],[119.62055,23.24774],[119.6207,23.2477],[119.62086,23.2475],[119.62093,23.24733],[119.62107,23.24722],[119.6212,23.24709],[119.6213,23.24696],[119.62159,23.24666],[119.62152,23.24651],[119.62188,23.24655],[119.6218,23.24635],[119.62163,23.24641],[119.62143,23.24638],[119.6216,23.24628],[119.62148,23.24617],[119.62159,23.24599],[119.62182,23.24599],[119.62194,23.24597],[119.62209,23.24581],[119.62177,23.24567],[119.62146,23.24561],[119.62169,23.24544],[119.62207,23.24529],[119.62236,23.24527],[119.62195,23.24492],[119.6214,23.2446],[119.6212,23.24486],[119.62068,23.24503],[119.62011,23.24513],[119.61949,23.24544],[119.61892,23.24523],[119.61865,23.24506],[119.61891,23.24512],[119.61907,23.24505],[119.61861,23.24482],[119.61865,23.2447],[119.61827,23.24464],[119.618,23.24461],[119.61768,23.24449],[119.61784,23.24445],[119.61803,23.24431],[119.61802,23.2442],[119.61757,23.24431],[119.61756,23.24415],[119.6178,23.24411],[119.61747,23.24395],[119.61712,23.24387],[119.61683,23.24381],[119.6166,23.24375],[119.61638,23.24384],[119.61615,23.24409],[119.61591,23.24394],[119.61569,23.24411],[119.61567,23.2443],[119.61552,23.24415],[119.61534,23.24413],[119.61521,23.24427],[119.61496,23.24436],[119.61481,23.24453],[119.61456,23.24479],[119.61443,23.24491],[119.61418,23.24524],[119.61377,23.24538],[119.61355,23.24542],[119.61324,23.24537],[119.61296,23.24557],[119.6125,23.24553],[119.61206,23.24562],[119.61168,23.24579],[119.61134,23.24604],[119.61129,23.24595],[119.61109,23.24619],[119.61085,23.24632],[119.6107,23.24658],[119.61057,23.24673],[119.6104,23.24673],[119.61039,23.24702],[119.61021,23.24715],[119.61008,23.24725]]],[[[119.51872,23.25232],[119.51863,23.25234],[119.51859,23.25239],[119.51857,23.25251],[119.51851,23.25266],[119.51846,23.25273],[119.51839,23.25279],[119.51829,23.25281],[119.51816,23.25285],[119.51808,23.25287],[119.518,23.25292],[119.51796,23.25299],[119.51794,23.2531],[119.5179,23.25324],[119.51785,23.25335],[119.5178,23.25346],[119.5178,23.25353],[119.51779,23.25372],[119.51781,23.25375],[119.51789,23.25383],[119.51804,23.25388],[119.51814,23.25389],[119.51829,23.2539],[119.51846,23.25388],[119.51851,23.25383],[119.51855,23.25378],[119.5186,23.25375],[119.5187,23.25375],[119.51875,23.25379],[119.51884,23.25384],[119.51897,23.25388],[119.5191,23.25395],[119.51924,23.25395],[119.51945,23.25392],[119.51953,23.25388],[119.51965,23.25379],[119.51975,23.25367],[119.51979,23.25358],[119.5198,23.25349],[119.51981,23.25337],[119.51981,23.25326],[119.51976,23.25311],[119.51972,23.25299],[119.51966,23.2529],[119.51959,23.2528],[119.51954,23.25273],[119.51948,23.25268],[119.51939,23.25266],[119.51929,23.25258],[119.51918,23.25257],[119.51904,23.25255],[119.51899,23.25253],[119.51894,23.25249],[119.51887,23.2524],[119.5188,23.25234],[119.51872,23.25232]]],[[[119.55118,23.24382],[119.5511,23.24384],[119.55107,23.24388],[119.55108,23.24394],[119.55113,23.24402],[119.55113,23.2441],[119.55118,23.24414],[119.55121,23.24418],[119.55126,23.24415],[119.55127,23.24406],[119.55131,23.24399],[119.55138,23.24394],[119.55138,23.2439],[119.55129,23.24382],[119.55118,23.24382]]],[[[119.55021,23.24228],[119.55015,23.24228],[119.55011,23.24229],[119.55006,23.24233],[119.55003,23.24244],[119.54998,23.24248],[119.54996,23.24255],[119.54991,23.24257],[119.54986,23.24257],[119.54983,23.2425],[119.54975,23.24247],[119.54969,23.24248],[119.54965,23.24251],[119.54965,23.24259],[119.54959,23.24266],[119.54949,23.24266],[119.5494,23.24262],[119.54935,23.24254],[119.54928,23.24251],[119.54923,23.24254],[119.54922,23.2426],[119.54929,23.24268],[119.54929,23.24274],[119.54929,23.24291],[119.54932,23.24297],[119.54945,23.24307],[119.54958,23.24316],[119.54965,23.24318],[119.54972,23.24317],[119.54976,23.24313],[119.54988,23.24308],[119.54991,23.24306],[119.55003,23.24306],[119.55001,23.24298],[119.55003,23.24296],[119.55009,23.24297],[119.55013,23.243],[119.55015,23.24306],[119.55015,23.2431],[119.5502,23.24311],[119.55022,23.24314],[119.5502,23.24318],[119.55009,23.24318],[119.55002,23.24322],[119.55001,23.24327],[119.55007,23.24339],[119.55016,23.2434],[119.55024,23.24337],[119.55036,23.2433],[119.55042,23.24329],[119.55046,23.24331],[119.55048,23.2434],[119.55058,23.24344],[119.55063,23.24344],[119.55065,23.2434],[119.55062,23.24334],[119.55063,23.24326],[119.55066,23.24318],[119.55072,23.24312],[119.55071,23.24305],[119.55065,23.24304],[119.5506,23.24304],[119.55056,23.24308],[119.5505,23.24309],[119.55044,23.24305],[119.55041,23.24301],[119.55043,23.24296],[119.55051,23.24297],[119.55063,23.24291],[119.55068,23.24281],[119.55065,23.24278],[119.55065,23.24275],[119.55067,23.24272],[119.55068,23.24268],[119.55063,23.24267],[119.55057,23.24266],[119.55044,23.2425],[119.55044,23.24242],[119.55043,23.24238],[119.55036,23.24234],[119.55028,23.24233],[119.55021,23.24228]]],[[[119.55068,23.24187],[119.55062,23.24194],[119.55061,23.24201],[119.55065,23.24209],[119.55067,23.24215],[119.55071,23.24222],[119.5508,23.24227],[119.55085,23.24234],[119.55092,23.24239],[119.55097,23.2424],[119.55101,23.2424],[119.55102,23.24237],[119.5511,23.24234],[119.55112,23.24229],[119.55116,23.24222],[119.55122,23.24216],[119.55123,23.24209],[119.5512,23.24205],[119.55112,23.24205],[119.55107,23.24209],[119.55102,23.24212],[119.55097,23.2421],[119.55093,23.24208],[119.55093,23.242],[119.55087,23.24192],[119.55082,23.24189],[119.55074,23.24187],[119.5507,23.24187],[119.55068,23.24187]]],[[[119.52002,23.23371],[119.51997,23.23373],[119.51992,23.23378],[119.51991,23.23386],[119.51987,23.23399],[119.51982,23.23412],[119.51976,23.23419],[119.51973,23.23424],[119.51974,23.23429],[119.51982,23.23442],[119.51982,23.23449],[119.51979,23.23453],[119.51979,23.23458],[119.51981,23.23462],[119.51987,23.23466],[119.51996,23.23467],[119.52003,23.2347],[119.52008,23.23474],[119.52005,23.23478],[119.52,23.23479],[119.51989,23.23479],[119.51985,23.23476],[119.51979,23.23474],[119.51975,23.23475],[119.51972,23.23477],[119.51972,23.23482],[119.51974,23.23492],[119.51973,23.23499],[119.51971,23.23506],[119.51969,23.23513],[119.51971,23.23518],[119.51978,23.23521],[119.51986,23.23521],[119.51992,23.23515],[119.51998,23.23515],[119.52002,23.23512],[119.52004,23.23506],[119.5201,23.23497],[119.52017,23.23491],[119.52023,23.23488],[119.5203,23.23489],[119.52035,23.23496],[119.52039,23.23498],[119.52043,23.23496],[119.52045,23.23492],[119.52044,23.23484],[119.52047,23.23481],[119.52054,23.2348],[119.52065,23.23483],[119.5207,23.23482],[119.52078,23.23479],[119.52084,23.23468],[119.52087,23.2346],[119.52098,23.2345],[119.521,23.23444],[119.521,23.23439],[119.52095,23.23438],[119.5209,23.23436],[119.52087,23.23431],[119.52085,23.23423],[119.52086,23.23404],[119.52084,23.23397],[119.52077,23.23391],[119.52073,23.23385],[119.5207,23.23377],[119.52065,23.23374],[119.52056,23.23374],[119.52048,23.23378],[119.5204,23.23377],[119.52036,23.23375],[119.52031,23.23373],[119.52026,23.23374],[119.52023,23.23377],[119.52012,23.23378],[119.52009,23.23372],[119.52002,23.23371]]],[[[119.49235,23.38139],[119.49275,23.38182],[119.49208,23.38179],[119.49214,23.38225],[119.49279,23.38267],[119.49321,23.38337],[119.49354,23.38393],[119.49405,23.38396],[119.49465,23.38445],[119.49508,23.38485],[119.49522,23.3854],[119.49555,23.38592],[119.49563,23.38708],[119.49587,23.38784],[119.49529,23.38843],[119.49409,23.38863],[119.49342,23.38884],[119.49311,23.38973],[119.49321,23.39094],[119.49289,23.39208],[119.49231,23.39278],[119.49135,23.39344],[119.49068,23.39359],[119.49019,23.39414],[119.48964,23.39455],[119.48979,23.39502],[119.49033,23.39525],[119.49028,23.39563],[119.49058,23.39608],[119.49072,23.39647],[119.49106,23.39699],[119.49177,23.39711],[119.492,23.39679],[119.49229,23.39718],[119.49315,23.39724],[119.49397,23.39708],[119.49475,23.39699],[119.49477,23.39657],[119.49498,23.39598],[119.49503,23.395],[119.49597,23.39443],[119.49674,23.39483],[119.49728,23.39413],[119.49747,23.39326],[119.498,23.39246],[119.4978,23.39168],[119.49818,23.39091],[119.49875,23.3915],[119.49993,23.39153],[119.50045,23.39145],[119.50073,23.39072],[119.50125,23.38988],[119.50081,23.3896],[119.50171,23.38937],[119.50211,23.38993],[119.50159,23.39009],[119.50235,23.3907],[119.50215,23.39134],[119.50242,23.39167],[119.50314,23.39192],[119.50367,23.39173],[119.50421,23.39203],[119.50406,23.393],[119.50422,23.39361],[119.50408,23.39402],[119.50447,23.39431],[119.50423,23.39462],[119.50481,23.39489],[119.50544,23.39441],[119.50608,23.39429],[119.50615,23.39371],[119.50553,23.39344],[119.50592,23.39268],[119.50671,23.39261],[119.50645,23.39226],[119.50714,23.39205],[119.50756,23.39164],[119.508,23.39038],[119.50768,23.38957],[119.50735,23.38846],[119.50732,23.38667],[119.50738,23.38611],[119.50731,23.38561],[119.50772,23.38533],[119.50692,23.38449],[119.50709,23.38377],[119.50695,23.38291],[119.50756,23.38228],[119.50847,23.38229],[119.50856,23.38098],[119.50873,23.37972],[119.50859,23.37769],[119.50982,23.37585],[119.5113,23.37609],[119.51203,23.37614],[119.51311,23.37717],[119.51302,23.37658],[119.51222,23.3758],[119.51168,23.37463],[119.51074,23.37473],[119.50997,23.37356],[119.50866,23.37293],[119.50797,23.37196],[119.50892,23.37095],[119.51008,23.37037],[119.51089,23.37117],[119.51188,23.37093],[119.51266,23.37078],[119.51391,23.37103],[119.51387,23.37169],[119.51381,23.37273],[119.51431,23.37277],[119.51431,23.37415],[119.51514,23.37476],[119.51569,23.37421],[119.51613,23.37392],[119.51658,23.37296],[119.51633,23.37224],[119.51528,23.37175],[119.51471,23.3706],[119.51529,23.37037],[119.51599,23.37011],[119.51582,23.36938],[119.51585,23.3685],[119.51639,23.36807],[119.51461,23.36719],[119.51394,23.36675],[119.5128,23.3667],[119.51187,23.36575],[119.51105,23.36582],[119.51031,23.36636],[119.50845,23.36528],[119.50726,23.36408],[119.50756,23.36206],[119.50946,23.36137],[119.50774,23.36181],[119.5082,23.36051],[119.50925,23.3607],[119.50818,23.35934],[119.50908,23.35712],[119.51168,23.35489],[119.51312,23.35397],[119.51363,23.3534],[119.51322,23.35278],[119.51236,23.35275],[119.5114,23.35339],[119.50991,23.35389],[119.50788,23.35404],[119.50695,23.35341],[119.50613,23.35334],[119.50555,23.35502],[119.50173,23.35547],[119.49876,23.35437],[119.49579,23.35433],[119.49331,23.35391],[119.49096,23.35312],[119.48912,23.35455],[119.48742,23.35551],[119.48646,23.35625],[119.48783,23.35784],[119.4894,23.35906],[119.48969,23.35975],[119.48983,23.36038],[119.49019,23.36149],[119.49137,23.36199],[119.49313,23.36406],[119.49459,23.36593],[119.49402,23.36721],[119.49343,23.36921],[119.49409,23.37144],[119.49472,23.37328],[119.49377,23.37385],[119.49346,23.37508],[119.49209,23.37532],[119.49246,23.37599],[119.49298,23.37643],[119.49363,23.37698],[119.49346,23.37838],[119.49248,23.37865],[119.49166,23.37952],[119.4919,23.38028],[119.49212,23.38109],[119.49235,23.38139]]],[[[119.31516,23.40042],[119.31515,23.4008],[119.31491,23.40087],[119.3146,23.40089],[119.31456,23.40125],[119.31453,23.40153],[119.31429,23.40187],[119.31433,23.40214],[119.31455,23.40257],[119.31443,23.40273],[119.31453,23.40277],[119.31465,23.40277],[119.31452,23.40298],[119.31473,23.40304],[119.31497,23.40291],[119.31519,23.40286],[119.31534,23.40299],[119.31542,23.40323],[119.31539,23.40337],[119.31549,23.40349],[119.31547,23.40373],[119.31564,23.40379],[119.31592,23.40379],[119.31577,23.40389],[119.31566,23.40405],[119.31573,23.40418],[119.31583,23.40416],[119.31593,23.40431],[119.31604,23.40441],[119.31623,23.40431],[119.31643,23.4043],[119.3168,23.40419],[119.3171,23.40424],[119.31743,23.4045],[119.31759,23.40501],[119.31752,23.4052],[119.31719,23.40539],[119.31705,23.40579],[119.3172,23.40615],[119.31768,23.40615],[119.31805,23.40624],[119.31843,23.40688],[119.31833,23.40731],[119.31837,23.40744],[119.31864,23.40757],[119.31869,23.40788],[119.31851,23.40807],[119.31839,23.40818],[119.31861,23.40834],[119.31878,23.40867],[119.31881,23.40916],[119.31867,23.4098],[119.31858,23.41026],[119.31875,23.41058],[119.31865,23.41097],[119.31868,23.41113],[119.31893,23.4112],[119.31901,23.41118],[119.31904,23.41153],[119.31936,23.4117],[119.31951,23.41167],[119.31954,23.4118],[119.31988,23.41163],[119.32013,23.41167],[119.32033,23.41144],[119.32038,23.41129],[119.32041,23.41111],[119.32063,23.41092],[119.32057,23.41086],[119.32066,23.41083],[119.3208,23.41069],[119.32093,23.41079],[119.32091,23.41093],[119.32105,23.41111],[119.32137,23.41116],[119.32199,23.41051],[119.3224,23.40992],[119.32263,23.40982],[119.3227,23.40997],[119.32301,23.40968],[119.32334,23.40939],[119.32396,23.40879],[119.32412,23.40871],[119.32422,23.40884],[119.32455,23.40855],[119.32467,23.40845],[119.32482,23.40843],[119.3251,23.40827],[119.3252,23.40794],[119.32511,23.40779],[119.32496,23.40773],[119.32492,23.40756],[119.3248,23.40719],[119.32497,23.4069],[119.32588,23.40697],[119.32603,23.40696],[119.32588,23.40685],[119.32596,23.40676],[119.32662,23.40674],[119.3268,23.40676],[119.32674,23.40691],[119.32694,23.40689],[119.32713,23.40699],[119.32716,23.40717],[119.32726,23.40732],[119.32749,23.4074],[119.32779,23.40743],[119.32802,23.40723],[119.32812,23.4072],[119.32835,23.4072],[119.3286,23.40721],[119.32905,23.40703],[119.32936,23.40658],[119.32981,23.40634],[119.33027,23.40585],[119.33022,23.4057],[119.33029,23.40554],[119.33054,23.40528],[119.33061,23.40506],[119.33058,23.40482],[119.33035,23.40474],[119.33025,23.40455],[119.33,23.40428],[119.32983,23.40433],[119.32947,23.40408],[119.32932,23.40427],[119.3291,23.40424],[119.32902,23.40414],[119.3293,23.40404],[119.3295,23.40368],[119.32939,23.40337],[119.32856,23.40336],[119.32838,23.40333],[119.3286,23.40313],[119.32846,23.40312],[119.32832,23.40317],[119.32835,23.40305],[119.32815,23.40313],[119.32801,23.4031],[119.32784,23.40306],[119.32764,23.40301],[119.32751,23.40281],[119.32761,23.40256],[119.3273,23.40253],[119.32725,23.40226],[119.32712,23.402],[119.32727,23.40171],[119.32731,23.40153],[119.32768,23.40154],[119.3277,23.40124],[119.32757,23.40116],[119.3277,23.4009],[119.32759,23.40077],[119.3273,23.40053],[119.32721,23.40035],[119.32676,23.40019],[119.32644,23.40016],[119.32621,23.40001],[119.3259,23.39983],[119.32522,23.39951],[119.32464,23.39931],[119.32441,23.39919],[119.32414,23.399],[119.32377,23.39886],[119.32332,23.39915],[119.32336,23.39928],[119.3233,23.39942],[119.32301,23.39951],[119.32261,23.39939],[119.32244,23.39905],[119.32242,23.3991],[119.32251,23.39941],[119.3222,23.39953],[119.32187,23.39948],[119.32165,23.39928],[119.32175,23.39914],[119.32196,23.39919],[119.32203,23.39908],[119.32186,23.39902],[119.32136,23.39911],[119.32103,23.39917],[119.32064,23.39887],[119.32035,23.39867],[119.32014,23.39849],[119.31996,23.39827],[119.31966,23.39798],[119.31949,23.39798],[119.31913,23.39806],[119.31868,23.39824],[119.31831,23.39862],[119.31787,23.3977],[119.31814,23.3986],[119.31812,23.39879],[119.31734,23.39913],[119.31678,23.39918],[119.31634,23.3989],[119.31594,23.3987],[119.31557,23.39895],[119.31529,23.39909],[119.31471,23.39973],[119.31478,23.39981],[119.31468,23.39994],[119.3149,23.39992],[119.31504,23.40001],[119.31513,23.4003],[119.31516,23.40042]]],[[[119.5137,23.39539],[119.51361,23.39541],[119.51355,23.39545],[119.51345,23.39547],[119.51335,23.39547],[119.51318,23.39546],[119.51307,23.39547],[119.51273,23.39549],[119.5126,23.39548],[119.51243,23.39546],[119.51236,23.39548],[119.51233,23.39552],[119.51234,23.39557],[119.5124,23.39566],[119.51244,23.39574],[119.51244,23.39584],[119.51246,23.39591],[119.5125,23.396],[119.51252,23.39612],[119.5126,23.39619],[119.51267,23.39621],[119.51274,23.39618],[119.51289,23.39609],[119.51302,23.39599],[119.51314,23.39593],[119.51321,23.39591],[119.5133,23.39592],[119.51335,23.39593],[119.51347,23.39595],[119.51353,23.39596],[119.51367,23.39598],[119.51377,23.396],[119.51381,23.39603],[119.51391,23.39611],[119.51401,23.39612],[119.51404,23.3961],[119.51404,23.39604],[119.51403,23.396],[119.51406,23.39597],[119.51406,23.39592],[119.51404,23.39584],[119.51394,23.39575],[119.5139,23.3957],[119.51388,23.39562],[119.51387,23.3955],[119.51384,23.39543],[119.5138,23.3954],[119.5137,23.39539]]],[[[119.51431,23.38068],[119.51382,23.38068],[119.51366,23.38073],[119.51356,23.38078],[119.51342,23.38085],[119.51328,23.3809],[119.51305,23.38091],[119.51285,23.38097],[119.51271,23.38102],[119.51256,23.38112],[119.51248,23.38122],[119.51237,23.38139],[119.51224,23.38153],[119.51216,23.38162],[119.51213,23.38171],[119.51211,23.38185],[119.51207,23.38205],[119.51208,23.38216],[119.51215,23.38229],[119.5122,23.38238],[119.51226,23.38254],[119.51236,23.38263],[119.5125,23.38274],[119.51258,23.3828],[119.51261,23.38289],[119.51268,23.38297],[119.51274,23.38298],[119.51279,23.38294],[119.51281,23.38289],[119.51282,23.38275],[119.51289,23.38267],[119.51295,23.38263],[119.51303,23.38262],[119.51309,23.38262],[119.51318,23.38268],[119.51324,23.38275],[119.51329,23.38292],[119.51331,23.38331],[119.51336,23.38338],[119.51345,23.3835],[119.51358,23.38366],[119.5137,23.38374],[119.51385,23.38375],[119.51391,23.38382],[119.51393,23.3839],[119.51393,23.38394],[119.5139,23.38399],[119.51383,23.38401],[119.51374,23.38398],[119.51364,23.38391],[119.51358,23.3839],[119.5135,23.38394],[119.5134,23.38393],[119.5133,23.38386],[119.5132,23.38382],[119.51313,23.38375],[119.51301,23.38375],[119.51294,23.38379],[119.5129,23.38393],[119.51277,23.38402],[119.5127,23.38408],[119.51268,23.38416],[119.51267,23.38424],[119.51271,23.38438],[119.51277,23.38448],[119.51278,23.38461],[119.51283,23.38478],[119.51295,23.38491],[119.51308,23.38495],[119.5132,23.385],[119.51335,23.38509],[119.51341,23.38512],[119.5135,23.38511],[119.51356,23.38505],[119.51354,23.38498],[119.51357,23.38494],[119.51363,23.38491],[119.51373,23.38489],[119.51385,23.38482],[119.51394,23.38477],[119.51399,23.38476],[119.51427,23.38475],[119.51436,23.3847],[119.51437,23.38458],[119.51438,23.3845],[119.51432,23.38442],[119.51429,23.38435],[119.51429,23.38427],[119.51434,23.38419],[119.51444,23.38409],[119.51447,23.38401],[119.51444,23.38394],[119.51438,23.38388],[119.51432,23.38385],[119.51413,23.38384],[119.51405,23.38381],[119.51402,23.38376],[119.51403,23.38372],[119.5141,23.38368],[119.51418,23.38364],[119.51427,23.38356],[119.51435,23.38353],[119.51453,23.38351],[119.51463,23.38346],[119.51466,23.38337],[119.51459,23.38325],[119.51457,23.38321],[119.51458,23.38317],[119.51464,23.38309],[119.51474,23.38299],[119.51476,23.3829],[119.51482,23.38284],[119.5149,23.3828],[119.51501,23.38273],[119.51508,23.38264],[119.51509,23.38257],[119.5151,23.38248],[119.51514,23.38239],[119.51522,23.38233],[119.51532,23.38222],[119.51535,23.38214],[119.51534,23.38206],[119.5153,23.38198],[119.51526,23.3819],[119.51523,23.38171],[119.5152,23.38164],[119.5149,23.38122],[119.51471,23.38099],[119.51461,23.38085],[119.51449,23.38078],[119.51442,23.38074],[119.51431,23.38068]]],[[[119.52896,23.37622],[119.52883,23.37623],[119.52873,23.37633],[119.52868,23.3764],[119.52862,23.37651],[119.52854,23.37657],[119.52851,23.37662],[119.52851,23.37677],[119.52837,23.37701],[119.52833,23.3771],[119.52827,23.37721],[119.52819,23.37732],[119.52816,23.3774],[119.52814,23.37751],[119.52804,23.37759],[119.52796,23.37763],[119.52782,23.37765],[119.52768,23.3777],[119.52756,23.37783],[119.52753,23.37788],[119.52746,23.37796],[119.52724,23.37812],[119.52708,23.37823],[119.5269,23.37832],[119.52657,23.3785],[119.52645,23.37862],[119.52637,23.37876],[119.52634,23.37888],[119.52636,23.37894],[119.5264,23.37897],[119.52646,23.37901],[119.52649,23.37906],[119.52649,23.3791],[119.52643,23.37919],[119.52637,23.37929],[119.52635,23.37937],[119.52637,23.37944],[119.52643,23.37951],[119.5265,23.37951],[119.52673,23.37932],[119.52695,23.37918],[119.52708,23.37905],[119.52717,23.37902],[119.52734,23.379],[119.52735,23.37897],[119.52735,23.37888],[119.5274,23.37882],[119.52764,23.37884],[119.52773,23.37888],[119.52782,23.37898],[119.52786,23.37904],[119.52785,23.37912],[119.52785,23.37916],[119.52781,23.37926],[119.5278,23.3794],[119.52784,23.37947],[119.52791,23.37947],[119.52798,23.3794],[119.528,23.3793],[119.52801,23.3792],[119.52806,23.37913],[119.5281,23.37906],[119.52812,23.37898],[119.52809,23.3789],[119.52801,23.37884],[119.52791,23.37879],[119.52785,23.37874],[119.52781,23.37867],[119.5278,23.37861],[119.52782,23.37854],[119.52792,23.37844],[119.52807,23.37835],[119.52815,23.37825],[119.52818,23.37819],[119.52818,23.378],[119.52824,23.37785],[119.52827,23.37777],[119.52836,23.37774],[119.52843,23.37773],[119.52849,23.37785],[119.52854,23.37789],[119.52863,23.37788],[119.52872,23.37784],[119.52878,23.37778],[119.52887,23.37776],[119.52898,23.3778],[119.52906,23.37787],[119.52908,23.37796],[119.52913,23.37806],[119.52918,23.37807],[119.52926,23.37802],[119.52927,23.37791],[119.5293,23.37786],[119.52934,23.37781],[119.5294,23.37777],[119.52941,23.37773],[119.52939,23.37764],[119.52938,23.37756],[119.5294,23.37747],[119.52948,23.37737],[119.52951,23.37728],[119.52951,23.37723],[119.52947,23.37716],[119.52948,23.37711],[119.52954,23.37706],[119.52967,23.37704],[119.52971,23.377],[119.52973,23.37694],[119.52979,23.37691],[119.52985,23.37689],[119.52987,23.37684],[119.52986,23.37676],[119.52982,23.37674],[119.52974,23.37671],[119.5297,23.37665],[119.52968,23.37659],[119.52962,23.3765],[119.52955,23.37648],[119.52945,23.37647],[119.52928,23.37648],[119.52917,23.37645],[119.52909,23.37639],[119.52906,23.37631],[119.52902,23.37623],[119.52896,23.37622]]],[[[119.48746,23.37807],[119.48742,23.37809],[119.48737,23.37813],[119.48734,23.37821],[119.48734,23.37827],[119.48733,23.37832],[119.48727,23.37839],[119.48723,23.37845],[119.48722,23.37855],[119.48724,23.37867],[119.48731,23.3788],[119.48737,23.37886],[119.4874,23.37891],[119.48752,23.37895],[119.48766,23.37895],[119.48776,23.37892],[119.48784,23.37886],[119.48795,23.3788],[119.48804,23.37874],[119.48809,23.37865],[119.48814,23.37856],[119.48825,23.37846],[119.48826,23.37837],[119.48824,23.37831],[119.4882,23.37829],[119.48812,23.37831],[119.48796,23.37838],[119.48787,23.37853],[119.48774,23.37865],[119.4877,23.37866],[119.48755,23.37866],[119.48752,23.37862],[119.48752,23.37857],[119.48752,23.37853],[119.48766,23.37841],[119.48767,23.37836],[119.48766,23.37828],[119.48763,23.37825],[119.48761,23.37823],[119.48757,23.37813],[119.48754,23.37807],[119.48746,23.37807]]],[[[119.52357,23.36598],[119.52455,23.3663],[119.52509,23.36657],[119.52618,23.36738],[119.52646,23.36767],[119.52546,23.36968],[119.52555,23.3697],[119.52646,23.36786],[119.52705,23.36806],[119.52761,23.36872],[119.52757,23.36924],[119.52734,23.3701],[119.52716,23.37061],[119.52681,23.37102],[119.52547,23.37],[119.52601,23.3706],[119.52675,23.37149],[119.52688,23.37209],[119.52721,23.37249],[119.52805,23.37291],[119.52804,23.37264],[119.52803,23.3724],[119.52837,23.37261],[119.52855,23.37234],[119.52894,23.37217],[119.52915,23.37174],[119.52979,23.37165],[119.53021,23.37193],[119.53066,23.3718],[119.53084,23.37242],[119.53104,23.37282],[119.53097,23.37329],[119.53074,23.37367],[119.53124,23.37384],[119.53159,23.37349],[119.53168,23.37302],[119.5322,23.37291],[119.53261,23.3724],[119.533,23.37244],[119.53336,23.37273],[119.5334,23.37321],[119.53387,23.37301],[119.5346,23.37316],[119.53502,23.3733],[119.53529,23.37353],[119.53569,23.37362],[119.53612,23.37387],[119.53623,23.37437],[119.53586,23.37514],[119.5362,23.37552],[119.53643,23.37534],[119.5366,23.37574],[119.53694,23.37554],[119.53727,23.3749],[119.53755,23.37435],[119.53786,23.37405],[119.53831,23.37387],[119.53869,23.37384],[119.53916,23.37338],[119.53997,23.37323],[119.54027,23.37296],[119.54012,23.37276],[119.53997,23.37262],[119.5403,23.37251],[119.54062,23.37264],[119.5408,23.37267],[119.54087,23.37202],[119.54103,23.37189],[119.54112,23.37159],[119.54131,23.37125],[119.5414,23.37107],[119.54137,23.37084],[119.54155,23.37061],[119.54168,23.37042],[119.54176,23.37014],[119.54192,23.37],[119.54192,23.36973],[119.54192,23.36939],[119.54208,23.36871],[119.54163,23.36796],[119.5416,23.36743],[119.54208,23.36741],[119.54244,23.36759],[119.54259,23.36731],[119.54217,23.36706],[119.54258,23.36711],[119.54239,23.36697],[119.54262,23.36681],[119.54305,23.36703],[119.54319,23.3668],[119.54299,23.3665],[119.5427,23.36666],[119.54292,23.36637],[119.54352,23.36627],[119.54338,23.36585],[119.54375,23.36576],[119.54389,23.3654],[119.54381,23.36499],[119.54328,23.36501],[119.54283,23.36508],[119.54222,23.36509],[119.54157,23.36509],[119.54084,23.36539],[119.54046,23.3659],[119.54028,23.36623],[119.53941,23.36618],[119.5387,23.36575],[119.53822,23.36564],[119.53772,23.36547],[119.53742,23.36529],[119.53711,23.36554],[119.53653,23.36569],[119.53558,23.36591],[119.53458,23.36614],[119.53359,23.36666],[119.53325,23.36698],[119.53247,23.36692],[119.53201,23.36647],[119.53151,23.36583],[119.53067,23.36563],[119.52977,23.36527],[119.52907,23.36463],[119.52857,23.36451],[119.52809,23.36465],[119.52773,23.36409],[119.52714,23.36377],[119.52704,23.36339],[119.52705,23.363],[119.52701,23.36273],[119.52638,23.36307],[119.52591,23.36283],[119.52573,23.36238],[119.52562,23.36184],[119.52574,23.3613],[119.52631,23.36071],[119.52662,23.36027],[119.52648,23.35994],[119.52661,23.35963],[119.52618,23.35936],[119.52633,23.35882],[119.52598,23.35844],[119.5257,23.35802],[119.52555,23.35767],[119.52527,23.35733],[119.52481,23.35727],[119.52423,23.35724],[119.52398,23.3575],[119.52379,23.35784],[119.52415,23.35811],[119.52458,23.35867],[119.5247,23.35932],[119.52461,23.35994],[119.52413,23.36044],[119.52348,23.36086],[119.52287,23.36095],[119.52253,23.36125],[119.52194,23.36144],[119.5214,23.36139],[119.52113,23.36107],[119.52116,23.36054],[119.52091,23.36017],[119.52063,23.35985],[119.52033,23.36016],[119.52059,23.3607],[119.52054,23.3611],[119.5199,23.36175],[119.51984,23.36216],[119.5206,23.36122],[119.52106,23.36178],[119.52126,23.3624],[119.52099,23.36292],[119.52052,23.36333],[119.52,23.36357],[119.51957,23.36335],[119.5199,23.3627],[119.5194,23.3633],[119.51899,23.36349],[119.51855,23.36409],[119.5186,23.36456],[119.51893,23.36514],[119.51912,23.36551],[119.51925,23.36604],[119.51955,23.36683],[119.52049,23.3671],[119.5215,23.36685],[119.52253,23.36619],[119.52306,23.36592],[119.52357,23.36598]]],[[[119.52692,23.37332],[119.52681,23.37337],[119.52665,23.37342],[119.52657,23.37343],[119.52639,23.3734],[119.52634,23.37338],[119.52619,23.37334],[119.52611,23.37336],[119.526,23.37345],[119.52592,23.3735],[119.52578,23.3735],[119.52575,23.37347],[119.52564,23.37346],[119.52546,23.37347],[119.52525,23.37348],[119.52515,23.37346],[119.52502,23.37344],[119.52482,23.37335],[119.52468,23.37333],[119.52452,23.37338],[119.52432,23.37346],[119.52424,23.37352],[119.52412,23.37363],[119.52399,23.37378],[119.52386,23.3739],[119.52384,23.37394],[119.52378,23.37406],[119.52373,23.37413],[119.52366,23.37418],[119.52359,23.37419],[119.52352,23.37421],[119.52337,23.3743],[119.52315,23.37432],[119.52308,23.37436],[119.52301,23.37445],[119.52297,23.37456],[119.52295,23.37468],[119.52297,23.37483],[119.52295,23.37488],[119.52288,23.3751],[119.52288,23.37524],[119.52291,23.37536],[119.52298,23.37546],[119.52313,23.37558],[119.52329,23.37559],[119.52337,23.37557],[119.52341,23.37551],[119.52342,23.37543],[119.52345,23.37538],[119.52356,23.3753],[119.52363,23.37523],[119.52364,23.37517],[119.52363,23.37513],[119.5236,23.37509],[119.52358,23.37501],[119.52357,23.37492],[119.52361,23.37488],[119.52367,23.37485],[119.5237,23.37488],[119.52372,23.37492],[119.52376,23.37498],[119.52381,23.375],[119.52389,23.37498],[119.52392,23.37491],[119.52403,23.3749],[119.52409,23.37487],[119.5241,23.37482],[119.52409,23.37471],[119.52408,23.37464],[119.52416,23.37455],[119.52418,23.37451],[119.52417,23.37443],[119.5242,23.3744],[119.52425,23.37438],[119.52431,23.37437],[119.52438,23.3744],[119.52443,23.37447],[119.52444,23.37455],[119.52442,23.37467],[119.5244,23.37472],[119.5244,23.37483],[119.52444,23.37488],[119.52452,23.37488],[119.52457,23.37487],[119.52468,23.37472],[119.52478,23.37462],[119.52491,23.3746],[119.52506,23.37461],[119.52522,23.37471],[119.52532,23.37471],[119.5254,23.37475],[119.52544,23.3748],[119.52546,23.37488],[119.52546,23.37497],[119.52549,23.37502],[119.52556,23.37505],[119.52564,23.37506],[119.52571,23.375],[119.52575,23.3749],[119.52577,23.37481],[119.52582,23.37476],[119.52589,23.37471],[119.52597,23.37469],[119.52602,23.37459],[119.52601,23.37452],[119.52592,23.37441],[119.52591,23.37434],[119.52598,23.3742],[119.52605,23.37403],[119.5261,23.37396],[119.5262,23.37389],[119.52631,23.37384],[119.52646,23.37378],[119.52654,23.37368],[119.52659,23.37364],[119.52668,23.3736],[119.52678,23.37358],[119.52693,23.37351],[119.52699,23.37342],[119.52702,23.37337],[119.52699,23.37333],[119.52692,23.37332]]],[[[119.53143,23.374],[119.53137,23.374],[119.53131,23.37403],[119.53127,23.37411],[119.53121,23.37419],[119.53117,23.37424],[119.53117,23.3743],[119.53121,23.37436],[119.5313,23.37439],[119.53144,23.37439],[119.53152,23.37441],[119.53157,23.37448],[119.53164,23.37449],[119.53169,23.37446],[119.5317,23.3744],[119.53168,23.37431],[119.53159,23.37418],[119.53154,23.37408],[119.53151,23.37402],[119.53143,23.374]]],[[[119.55203,23.36567],[119.55195,23.36567],[119.55194,23.36571],[119.55196,23.36575],[119.55208,23.36581],[119.55217,23.36584],[119.55227,23.36592],[119.55234,23.36598],[119.55236,23.36608],[119.55237,23.36616],[119.5524,23.36623],[119.55242,23.3663],[119.55244,23.36652],[119.55248,23.36666],[119.55254,23.36675],[119.55261,23.3668],[119.55273,23.36682],[119.55296,23.36686],[119.55304,23.36685],[119.5531,23.36682],[119.55323,23.36683],[119.5533,23.36681],[119.55336,23.36676],[119.55337,23.36673],[119.55337,23.36671],[119.5533,23.36664],[119.5532,23.36657],[119.55311,23.36651],[119.55305,23.36645],[119.55271,23.36615],[119.55254,23.366],[119.55235,23.36585],[119.55223,23.36578],[119.55213,23.36572],[119.55203,23.36567]]],[[[119.55308,23.3635],[119.55299,23.36355],[119.55295,23.36359],[119.55278,23.36359],[119.55273,23.3636],[119.55272,23.36366],[119.55264,23.36371],[119.55258,23.36375],[119.55252,23.36377],[119.55241,23.36378],[119.55235,23.36378],[119.55227,23.36378],[119.55222,23.3638],[119.55219,23.36383],[119.55218,23.36394],[119.55221,23.36406],[119.55222,23.36411],[119.5522,23.36416],[119.55216,23.3642],[119.55214,23.36426],[119.55209,23.36434],[119.55205,23.36441],[119.55205,23.36448],[119.55215,23.36459],[119.55224,23.36468],[119.55227,23.36474],[119.55228,23.36481],[119.55224,23.36487],[119.55224,23.36494],[119.55226,23.36498],[119.5523,23.36503],[119.55232,23.36507],[119.55231,23.3652],[119.55235,23.36526],[119.5524,23.36529],[119.55254,23.36528],[119.5526,23.36525],[119.55263,23.36519],[119.55263,23.36512],[119.55261,23.36509],[119.55262,23.36505],[119.55265,23.36498],[119.55272,23.3649],[119.55282,23.36478],[119.55284,23.36471],[119.55284,23.36462],[119.5528,23.36454],[119.55275,23.36447],[119.55272,23.36445],[119.55267,23.3644],[119.55261,23.36436],[119.55258,23.36432],[119.55258,23.36427],[119.5526,23.36424],[119.55262,23.36423],[119.55268,23.36423],[119.55271,23.36419],[119.55274,23.36414],[119.55276,23.36409],[119.5528,23.36405],[119.55293,23.36404],[119.55302,23.36397],[119.55307,23.36392],[119.55316,23.3639],[119.55318,23.36387],[119.55324,23.36385],[119.55327,23.3638],[119.55327,23.36373],[119.55324,23.3637],[119.55321,23.36367],[119.5532,23.36359],[119.55319,23.36355],[119.55315,23.36351],[119.55308,23.3635]]],[[[119.53765,23.35996],[119.53755,23.35996],[119.53748,23.36001],[119.53737,23.36012],[119.53733,23.36014],[119.53728,23.36013],[119.53724,23.36012],[119.53715,23.36004],[119.53709,23.36],[119.53695,23.36002],[119.53689,23.36008],[119.53688,23.36015],[119.53688,23.36023],[119.53693,23.36028],[119.53694,23.36033],[119.53691,23.36033],[119.53688,23.36032],[119.53682,23.36025],[119.53674,23.36023],[119.53663,23.36024],[119.53651,23.36027],[119.53644,23.36033],[119.5364,23.36043],[119.53638,23.36053],[119.53631,23.3606],[119.5362,23.36067],[119.53612,23.36068],[119.53605,23.36071],[119.53601,23.36077],[119.53602,23.36086],[119.53601,23.36092],[119.53595,23.36096],[119.5359,23.36097],[119.53583,23.36101],[119.53569,23.36111],[119.53562,23.3612],[119.53555,23.3613],[119.53555,23.3614],[119.53558,23.3615],[119.53578,23.36171],[119.53594,23.36189],[119.53615,23.3621],[119.53619,23.36219],[119.53622,23.36226],[119.53624,23.36235],[119.53631,23.36243],[119.53633,23.36253],[119.53633,23.36262],[119.53632,23.36271],[119.53635,23.36286],[119.53634,23.3629],[119.5363,23.36299],[119.53631,23.36305],[119.53637,23.36315],[119.53638,23.36325],[119.53643,23.36337],[119.53648,23.36337],[119.53649,23.36334],[119.53654,23.36332],[119.5367,23.36331],[119.53678,23.36329],[119.53682,23.3632],[119.53684,23.36312],[119.53687,23.36305],[119.53694,23.36297],[119.53702,23.36293],[119.53714,23.36288],[119.53729,23.36286],[119.53743,23.36283],[119.53755,23.36277],[119.53764,23.36269],[119.53765,23.36265],[119.53758,23.36261],[119.53754,23.36257],[119.53753,23.36252],[119.53754,23.36244],[119.53757,23.36239],[119.53766,23.36238],[119.53771,23.36235],[119.53772,23.36229],[119.53767,23.36225],[119.53761,23.36219],[119.53755,23.36213],[119.5375,23.36205],[119.53749,23.36201],[119.53753,23.36198],[119.53758,23.36197],[119.53767,23.36203],[119.53773,23.36204],[119.53778,23.36208],[119.53783,23.3622],[119.53786,23.36224],[119.53791,23.36226],[119.53802,23.36221],[119.5381,23.36214],[119.53819,23.3621],[119.5383,23.36203],[119.5384,23.3619],[119.53845,23.36182],[119.53843,23.36168],[119.53841,23.36161],[119.53835,23.36156],[119.53825,23.36156],[119.53817,23.36159],[119.5381,23.36161],[119.53804,23.36161],[119.53801,23.36165],[119.53799,23.36167],[119.53799,23.36172],[119.53805,23.36176],[119.53806,23.36181],[119.53803,23.36185],[119.53793,23.36191],[119.53784,23.36196],[119.5378,23.36192],[119.5378,23.36184],[119.53782,23.3618],[119.53789,23.36165],[119.5379,23.36145],[119.53796,23.3613],[119.53797,23.36123],[119.53801,23.3612],[119.53812,23.36109],[119.53815,23.36104],[119.53815,23.361],[119.53812,23.36095],[119.53804,23.36089],[119.53799,23.36086],[119.53793,23.36079],[119.53791,23.36077],[119.53782,23.3607],[119.53778,23.36062],[119.53776,23.36056],[119.5378,23.36048],[119.53783,23.3604],[119.53782,23.36033],[119.53779,23.36024],[119.53776,23.36016],[119.53776,23.36007],[119.53771,23.35999],[119.53765,23.35996]]],[[[119.48117,23.35604],[119.4811,23.35607],[119.48105,23.35613],[119.48102,23.35621],[119.48096,23.35625],[119.48087,23.35629],[119.48081,23.35634],[119.48077,23.35642],[119.48073,23.35649],[119.48065,23.35654],[119.48044,23.35664],[119.48031,23.35673],[119.48015,23.35699],[119.48,23.35724],[119.47998,23.35735],[119.47994,23.35744],[119.47983,23.35755],[119.4798,23.35761],[119.47977,23.3577],[119.47972,23.35777],[119.47958,23.35791],[119.47954,23.35802],[119.47951,23.3581],[119.47938,23.35814],[119.47923,23.35826],[119.47912,23.35836],[119.47899,23.35844],[119.47895,23.35853],[119.47893,23.35865],[119.47891,23.35874],[119.47888,23.3588],[119.47886,23.35887],[119.47887,23.35895],[119.47893,23.35899],[119.47894,23.35904],[119.47892,23.35908],[119.47885,23.35911],[119.47879,23.35913],[119.47877,23.35917],[119.47878,23.35921],[119.47882,23.35923],[119.47889,23.35922],[119.47893,23.35923],[119.47898,23.35928],[119.47904,23.35927],[119.47909,23.35924],[119.47909,23.35916],[119.47913,23.35912],[119.47921,23.35905],[119.47929,23.359],[119.47935,23.35902],[119.47948,23.35904],[119.47968,23.35907],[119.47976,23.35906],[119.47981,23.35902],[119.47984,23.35898],[119.47987,23.35888],[119.47989,23.35872],[119.4799,23.35866],[119.47995,23.35862],[119.48006,23.35858],[119.48011,23.35855],[119.48017,23.35849],[119.48025,23.35846],[119.48033,23.35838],[119.48032,23.35828],[119.48031,23.35813],[119.48031,23.3579],[119.48036,23.35778],[119.48043,23.35767],[119.48057,23.35759],[119.48073,23.35754],[119.48094,23.35744],[119.4811,23.35735],[119.48131,23.35715],[119.48141,23.357],[119.48151,23.35691],[119.4816,23.35681],[119.48166,23.35672],[119.48171,23.3567],[119.48175,23.35663],[119.48174,23.35657],[119.48169,23.35652],[119.48165,23.35645],[119.48164,23.35635],[119.48163,23.35625],[119.48158,23.35619],[119.48156,23.35619],[119.48152,23.35619],[119.48145,23.35625],[119.4814,23.35624],[119.48136,23.35623],[119.4813,23.35615],[119.48124,23.35606],[119.48117,23.35604]]],[[[119.51776,23.35633],[119.51769,23.35634],[119.51766,23.35637],[119.51759,23.35642],[119.51756,23.35643],[119.51747,23.35646],[119.51743,23.3565],[119.51741,23.35655],[119.51742,23.35657],[119.51743,23.3566],[119.51748,23.35663],[119.51766,23.35664],[119.51769,23.35664],[119.51775,23.35665],[119.51788,23.35671],[119.51795,23.35672],[119.51801,23.35672],[119.51805,23.35671],[119.51808,23.35668],[119.51809,23.35665],[119.51808,23.35662],[119.518,23.35656],[119.51792,23.3565],[119.51787,23.35644],[119.51783,23.35636],[119.5178,23.35634],[119.51776,23.35633]]],[[[119.46069,23.35388],[119.46063,23.35389],[119.46063,23.35394],[119.46071,23.35403],[119.46078,23.3541],[119.46081,23.35417],[119.46086,23.35423],[119.46105,23.35431],[119.46114,23.35438],[119.46115,23.35444],[119.46111,23.35447],[119.4611,23.35453],[119.46104,23.35464],[119.46097,23.35469],[119.46092,23.35469],[119.46086,23.35466],[119.46075,23.35456],[119.46068,23.35453],[119.46048,23.35454],[119.46041,23.35448],[119.46035,23.35445],[119.46029,23.3544],[119.46015,23.35437],[119.4601,23.3544],[119.46008,23.35444],[119.4601,23.3545],[119.46016,23.35458],[119.46019,23.35466],[119.46024,23.3547],[119.46031,23.35473],[119.46047,23.35477],[119.46059,23.35481],[119.46071,23.35486],[119.46093,23.35498],[119.46103,23.35501],[119.46117,23.35509],[119.46124,23.35515],[119.4613,23.35517],[119.46141,23.35522],[119.46146,23.35528],[119.46149,23.35535],[119.46151,23.35547],[119.46153,23.35554],[119.4616,23.35568],[119.46161,23.35578],[119.46166,23.35595],[119.46169,23.35605],[119.46175,23.35611],[119.46183,23.35616],[119.46188,23.35617],[119.46194,23.35616],[119.462,23.35608],[119.46208,23.35599],[119.46222,23.35594],[119.46237,23.35595],[119.46258,23.35596],[119.46264,23.35593],[119.46265,23.35587],[119.46263,23.3558],[119.46262,23.35576],[119.46264,23.35569],[119.46278,23.3556],[119.46283,23.35552],[119.46286,23.3554],[119.46289,23.35534],[119.46293,23.35526],[119.46298,23.35517],[119.46298,23.35507],[119.46295,23.35498],[119.46286,23.35495],[119.46269,23.35494],[119.46259,23.35493],[119.46253,23.35491],[119.46243,23.3548],[119.46238,23.35472],[119.46236,23.35465],[119.46228,23.35457],[119.46218,23.35452],[119.46207,23.35448],[119.46183,23.35447],[119.46168,23.35447],[119.46162,23.35444],[119.46151,23.35444],[119.46142,23.35449],[119.46137,23.3545],[119.46132,23.35448],[119.46129,23.35442],[119.4613,23.35433],[119.46127,23.35428],[119.46109,23.35409],[119.461,23.35404],[119.46096,23.35401],[119.46096,23.35397],[119.46095,23.35392],[119.46093,23.35389],[119.46087,23.35388],[119.46077,23.35389],[119.46069,23.35388]]],[[[119.52752,23.3552],[119.52748,23.3552],[119.52746,23.35522],[119.52741,23.35531],[119.52736,23.35536],[119.52729,23.35537],[119.52721,23.35544],[119.5272,23.35549],[119.52722,23.35552],[119.52725,23.35554],[119.52731,23.35555],[119.52738,23.35554],[119.52743,23.3555],[119.52758,23.35546],[119.52761,23.35544],[119.52762,23.35541],[119.5276,23.35533],[119.52759,23.35525],[119.52756,23.35522],[119.52752,23.3552]]],[[[119.4635,23.35447],[119.46347,23.35448],[119.46345,23.3545],[119.46344,23.35463],[119.46345,23.3547],[119.46344,23.35475],[119.46342,23.35483],[119.46338,23.35491],[119.46334,23.35505],[119.46334,23.3552],[119.46336,23.35526],[119.46343,23.35533],[119.46348,23.35541],[119.46348,23.35548],[119.46353,23.35556],[119.46356,23.35557],[119.4636,23.35556],[119.4636,23.35548],[119.46359,23.35539],[119.46355,23.35529],[119.46349,23.3552],[119.46348,23.35516],[119.46348,23.3551],[119.46349,23.35503],[119.46352,23.355],[119.46358,23.35498],[119.46364,23.35499],[119.46367,23.35497],[119.46369,23.35491],[119.46369,23.35485],[119.46364,23.35474],[119.46362,23.35471],[119.4636,23.3547],[119.4636,23.35465],[119.46359,23.35455],[119.46356,23.35448],[119.4635,23.35447]]],[[[119.46771,23.35081],[119.46765,23.35082],[119.4676,23.35092],[119.46752,23.35102],[119.46752,23.35107],[119.46754,23.3512],[119.46754,23.35128],[119.4675,23.35134],[119.46732,23.35133],[119.46729,23.35133],[119.46728,23.35136],[119.46729,23.35139],[119.46732,23.35141],[119.46736,23.35142],[119.46745,23.35147],[119.4675,23.35156],[119.46753,23.35162],[119.46759,23.35169],[119.46765,23.35178],[119.46772,23.35191],[119.46771,23.35197],[119.46767,23.35199],[119.46761,23.352],[119.46755,23.35198],[119.46744,23.3519],[119.46736,23.35181],[119.4673,23.35179],[119.46726,23.35181],[119.46723,23.35185],[119.46714,23.35186],[119.46711,23.3519],[119.46712,23.35195],[119.46717,23.352],[119.46721,23.35202],[119.46735,23.35203],[119.46745,23.35208],[119.4675,23.35214],[119.46749,23.35221],[119.46744,23.35229],[119.46742,23.35235],[119.46746,23.35238],[119.46749,23.35239],[119.46753,23.35238],[119.46758,23.35232],[119.46767,23.35224],[119.46771,23.35225],[119.46774,23.35231],[119.46775,23.35245],[119.46775,23.35253],[119.46772,23.35256],[119.4676,23.35255],[119.46756,23.35258],[119.46756,23.35261],[119.46761,23.35264],[119.46767,23.35265],[119.46775,23.35264],[119.46779,23.35265],[119.46784,23.35272],[119.46787,23.35281],[119.46784,23.35286],[119.46774,23.35295],[119.46771,23.35301],[119.46772,23.35305],[119.46786,23.35315],[119.46788,23.35322],[119.46787,23.35335],[119.46789,23.3534],[119.46793,23.35341],[119.468,23.35337],[119.46803,23.35331],[119.46807,23.35326],[119.46812,23.35325],[119.46819,23.35322],[119.46823,23.35316],[119.46834,23.35314],[119.4684,23.35309],[119.46848,23.35308],[119.46857,23.35308],[119.46871,23.35308],[119.46877,23.3531],[119.46881,23.35309],[119.46886,23.35305],[119.46886,23.35299],[119.46891,23.35295],[119.46899,23.35293],[119.46903,23.3529],[119.46907,23.35291],[119.46914,23.35301],[119.46919,23.35302],[119.46927,23.35303],[119.46932,23.35305],[119.46932,23.35315],[119.46935,23.3532],[119.46941,23.3532],[119.4695,23.35314],[119.46952,23.35308],[119.46956,23.35305],[119.46964,23.35301],[119.46968,23.35299],[119.46969,23.35295],[119.46964,23.35289],[119.46963,23.35282],[119.46964,23.35274],[119.46963,23.35268],[119.46958,23.35263],[119.46954,23.35257],[119.46948,23.35256],[119.46943,23.35259],[119.46939,23.35269],[119.46935,23.35271],[119.46931,23.35269],[119.46928,23.35261],[119.46927,23.35257],[119.46927,23.35251],[119.46924,23.35244],[119.46921,23.35241],[119.46915,23.35239],[119.46912,23.35237],[119.46911,23.35235],[119.46908,23.35231],[119.46905,23.35228],[119.469,23.35229],[119.46893,23.35233],[119.46886,23.35234],[119.4688,23.35233],[119.46875,23.35226],[119.46876,23.35215],[119.46872,23.35209],[119.46866,23.35205],[119.46854,23.35196],[119.4685,23.35188],[119.46851,23.3518],[119.46852,23.35175],[119.46849,23.35174],[119.46845,23.35174],[119.46839,23.35178],[119.46833,23.35182],[119.46823,23.35182],[119.46814,23.35178],[119.46807,23.35171],[119.46799,23.35163],[119.46795,23.35157],[119.46789,23.35146],[119.46788,23.35138],[119.4679,23.35128],[119.46786,23.35122],[119.46779,23.35116],[119.46779,23.35109],[119.4678,23.35106],[119.4678,23.35103],[119.4678,23.35094],[119.46778,23.35085],[119.46771,23.35081]]],[[[119.5197,23.35163],[119.51967,23.35163],[119.51964,23.35163],[119.51963,23.35166],[119.51962,23.35172],[119.5196,23.35175],[119.5196,23.3518],[119.51961,23.35185],[119.51969,23.35189],[119.5198,23.35196],[119.51984,23.35199],[119.51988,23.35199],[119.51994,23.35199],[119.51996,23.35196],[119.52,23.3519],[119.52,23.35184],[119.51994,23.35176],[119.5199,23.35176],[119.51981,23.35175],[119.51977,23.35175],[119.51975,23.35171],[119.51971,23.35165],[119.5197,23.35163]]],[[[119.51977,23.3513],[119.51974,23.35131],[119.51973,23.35133],[119.51973,23.35134],[119.51973,23.35137],[119.51976,23.3514],[119.51978,23.35147],[119.51981,23.35154],[119.51985,23.35155],[119.5199,23.35154],[119.51996,23.3515],[119.51996,23.35145],[119.51994,23.35141],[119.5199,23.35137],[119.51985,23.35131],[119.51984,23.3513],[119.51977,23.3513]]],[[[119.53877,23.34917],[119.53875,23.34917],[119.53869,23.34919],[119.53862,23.3492],[119.53857,23.34924],[119.53852,23.34922],[119.53844,23.3492],[119.53829,23.34921],[119.5381,23.34926],[119.53798,23.34928],[119.53787,23.34934],[119.5378,23.34933],[119.53768,23.34933],[119.53758,23.34939],[119.53754,23.34944],[119.53754,23.3495],[119.53757,23.34958],[119.53763,23.34962],[119.5377,23.34965],[119.53778,23.34973],[119.53785,23.34991],[119.53796,23.34998],[119.53803,23.35],[119.53819,23.34998],[119.53831,23.34994],[119.53839,23.34988],[119.53852,23.34988],[119.53857,23.34991],[119.53857,23.35001],[119.53857,23.35008],[119.53859,23.35014],[119.53863,23.35018],[119.53868,23.3502],[119.53876,23.35019],[119.5388,23.35021],[119.53883,23.35024],[119.53883,23.3503],[119.53888,23.35036],[119.53894,23.35038],[119.53902,23.35038],[119.53909,23.35041],[119.53921,23.35049],[119.53928,23.3505],[119.53935,23.35048],[119.53938,23.35048],[119.53941,23.3505],[119.53949,23.35048],[119.53954,23.35046],[119.53958,23.35044],[119.53964,23.35044],[119.5397,23.35046],[119.53984,23.35045],[119.53993,23.35043],[119.53997,23.35036],[119.53995,23.35029],[119.53991,23.35023],[119.5398,23.35017],[119.53977,23.35012],[119.53975,23.35002],[119.53972,23.34992],[119.53967,23.34985],[119.53962,23.34979],[119.5395,23.34968],[119.53941,23.34961],[119.53923,23.34949],[119.53914,23.34946],[119.53906,23.34944],[119.53899,23.34943],[119.53895,23.3494],[119.53891,23.34932],[119.53887,23.34922],[119.53883,23.34917],[119.53877,23.34917]]],[[[119.4649,23.34694],[119.46483,23.34696],[119.46482,23.347],[119.46483,23.34707],[119.4648,23.3471],[119.46477,23.34709],[119.46473,23.34706],[119.46469,23.34705],[119.46465,23.34704],[119.46464,23.34708],[119.46464,23.34711],[119.46463,23.34715],[119.46462,23.34723],[119.46467,23.34738],[119.46473,23.3475],[119.46482,23.34761],[119.46494,23.34777],[119.46502,23.34789],[119.46512,23.348],[119.46523,23.34813],[119.46533,23.34839],[119.46541,23.34856],[119.46551,23.34872],[119.46561,23.34879],[119.46566,23.34885],[119.46572,23.34893],[119.46581,23.34897],[119.46589,23.34893],[119.46593,23.34889],[119.46594,23.34878],[119.4659,23.34865],[119.46591,23.34855],[119.46595,23.34846],[119.46594,23.3484],[119.46589,23.34828],[119.46587,23.34824],[119.46586,23.34817],[119.46581,23.34811],[119.4658,23.34806],[119.46584,23.34801],[119.46588,23.34797],[119.46589,23.34793],[119.46586,23.34785],[119.46575,23.34776],[119.46566,23.34769],[119.46549,23.34759],[119.46541,23.34742],[119.46517,23.34732],[119.46503,23.34723],[119.46498,23.34717],[119.46498,23.34707],[119.465,23.34702],[119.46496,23.34697],[119.4649,23.34694]]],[[[119.32109,23.32335],[119.32102,23.32341],[119.32084,23.32354],[119.32081,23.32357],[119.3208,23.32362],[119.32086,23.32367],[119.32085,23.3237],[119.32082,23.32372],[119.32073,23.32373],[119.32067,23.32371],[119.32063,23.3237],[119.32055,23.32375],[119.32054,23.3238],[119.32058,23.32384],[119.32068,23.32387],[119.32077,23.32388],[119.32081,23.32391],[119.32091,23.32404],[119.32091,23.32411],[119.32095,23.32415],[119.32096,23.32416],[119.32096,23.3242],[119.32092,23.32422],[119.3209,23.32426],[119.32091,23.32431],[119.32094,23.32436],[119.32094,23.32441],[119.3209,23.32442],[119.32091,23.32457],[119.32091,23.32463],[119.32089,23.3247],[119.32082,23.3247],[119.32073,23.32466],[119.32065,23.3246],[119.32057,23.32447],[119.3205,23.32429],[119.32046,23.32425],[119.32028,23.32424],[119.32021,23.32428],[119.32017,23.3243],[119.32012,23.32428],[119.32008,23.32423],[119.32001,23.32419],[119.31994,23.32413],[119.31993,23.32403],[119.31985,23.32398],[119.31982,23.32394],[119.31983,23.3239],[119.31986,23.32389],[119.31986,23.32384],[119.31983,23.32381],[119.31975,23.32381],[119.31966,23.3238],[119.31956,23.32379],[119.31952,23.32382],[119.31951,23.32386],[119.31952,23.32389],[119.31948,23.3239],[119.3194,23.32388],[119.31934,23.32385],[119.31928,23.32384],[119.31921,23.32388],[119.31917,23.32394],[119.31916,23.324],[119.31917,23.32404],[119.31923,23.32403],[119.31936,23.32403],[119.31936,23.32406],[119.31923,23.32411],[119.3192,23.32417],[119.31911,23.32418],[119.31906,23.32424],[119.31905,23.32432],[119.31897,23.32438],[119.31896,23.3244],[119.31897,23.32447],[119.31897,23.32449],[119.31893,23.32449],[119.31889,23.3245],[119.3188,23.32454],[119.31869,23.32452],[119.31862,23.32453],[119.31859,23.32457],[119.31855,23.32461],[119.31847,23.32461],[119.31839,23.32461],[119.31836,23.32465],[119.31835,23.32472],[119.31837,23.3248],[119.31835,23.32485],[119.31831,23.3249],[119.3183,23.32495],[119.31834,23.32497],[119.31842,23.32494],[119.31847,23.32488],[119.31853,23.32489],[119.31855,23.32493],[119.31854,23.325],[119.31847,23.32507],[119.31838,23.32508],[119.31834,23.32511],[119.31828,23.32521],[119.31829,23.32526],[119.31835,23.32529],[119.31843,23.32524],[119.31854,23.3251],[119.31861,23.32505],[119.31867,23.32502],[119.31867,23.32496],[119.31863,23.32494],[119.3186,23.3249],[119.31859,23.32482],[119.31859,23.32481],[119.31865,23.32481],[119.31867,23.3249],[119.31871,23.32497],[119.31874,23.32506],[119.31874,23.32513],[119.31865,23.3252],[119.31859,23.32534],[119.3186,23.32542],[119.31863,23.32545],[119.31869,23.32548],[119.31877,23.32544],[119.31883,23.32544],[119.31889,23.32548],[119.31898,23.32555],[119.31909,23.32564],[119.31917,23.32575],[119.31928,23.32584],[119.31938,23.32586],[119.31945,23.32588],[119.31951,23.32588],[119.31954,23.32591],[119.31954,23.32605],[119.31956,23.32608],[119.31963,23.32613],[119.31964,23.32617],[119.31963,23.32624],[119.31962,23.32632],[119.31963,23.3265],[119.31963,23.32653],[119.31961,23.32656],[119.31961,23.32659],[119.31964,23.32664],[119.31969,23.32665],[119.3197,23.3267],[119.3197,23.32681],[119.3197,23.3269],[119.31966,23.32692],[119.31965,23.327],[119.31966,23.32707],[119.31971,23.32714],[119.3197,23.32718],[119.31967,23.32723],[119.31967,23.3273],[119.31966,23.32742],[119.31968,23.32749],[119.31977,23.32755],[119.31985,23.32764],[119.31994,23.32766],[119.32005,23.32765],[119.32009,23.32763],[119.3201,23.32758],[119.3201,23.32752],[119.32008,23.32745],[119.32006,23.32739],[119.32007,23.32736],[119.3201,23.32734],[119.32016,23.32733],[119.32016,23.32724],[119.32014,23.32722],[119.32014,23.32716],[119.32016,23.32709],[119.3202,23.32695],[119.32024,23.32679],[119.32026,23.32666],[119.32023,23.3266],[119.32023,23.32656],[119.32027,23.3265],[119.32027,23.32647],[119.32026,23.32642],[119.32025,23.32637],[119.32028,23.32629],[119.32028,23.32623],[119.32026,23.32615],[119.32024,23.32611],[119.32025,23.32605],[119.32026,23.32605],[119.32029,23.32605],[119.32031,23.32611],[119.32031,23.32614],[119.3204,23.32621],[119.32046,23.3263],[119.32049,23.3263],[119.32059,23.32629],[119.32063,23.32626],[119.32083,23.32609],[119.32088,23.32601],[119.32093,23.32596],[119.321,23.32593],[119.32116,23.32583],[119.32116,23.32578],[119.32116,23.32572],[119.32111,23.32566],[119.3211,23.32562],[119.32112,23.32559],[119.32114,23.32553],[119.32121,23.32549],[119.32127,23.32548],[119.32131,23.32544],[119.32135,23.32543],[119.3214,23.32544],[119.32144,23.32546],[119.32149,23.32545],[119.32155,23.32541],[119.32159,23.32534],[119.32165,23.32526],[119.32165,23.32521],[119.32169,23.32517],[119.32175,23.32514],[119.32178,23.32507],[119.32195,23.32483],[119.32197,23.32478],[119.32199,23.32459],[119.32196,23.32451],[119.32193,23.32447],[119.32192,23.32443],[119.32187,23.32443],[119.32183,23.32442],[119.32183,23.32439],[119.32189,23.32428],[119.32193,23.32421],[119.32199,23.32416],[119.32214,23.32414],[119.32221,23.32412],[119.32235,23.32411],[119.32243,23.32411],[119.32255,23.32411],[119.32261,23.32408],[119.32266,23.32406],[119.32272,23.32402],[119.32278,23.32403],[119.32285,23.32398],[119.32293,23.32396],[119.32295,23.32392],[119.32295,23.32385],[119.32292,23.32382],[119.32286,23.32381],[119.32282,23.32381],[119.3228,23.32384],[119.32279,23.32383],[119.32278,23.3238],[119.32274,23.32376],[119.32268,23.32377],[119.32266,23.32381],[119.32263,23.32384],[119.32262,23.32382],[119.32262,23.32375],[119.32262,23.32371],[119.3226,23.32369],[119.32255,23.32368],[119.32247,23.32366],[119.32242,23.32364],[119.32237,23.32361],[119.32229,23.32361],[119.32226,23.32363],[119.32221,23.32362],[119.32218,23.32359],[119.32219,23.32355],[119.32218,23.32352],[119.32211,23.32347],[119.32198,23.32345],[119.32196,23.32348],[119.32192,23.32351],[119.32177,23.3235],[119.32158,23.3235],[119.32147,23.3235],[119.3214,23.32351],[119.32138,23.32348],[119.32133,23.32346],[119.32131,23.32343],[119.32129,23.32339],[119.32126,23.32336],[119.3212,23.32335],[119.32109,23.32335]]],[[[119.32282,23.3241],[119.32278,23.32411],[119.32274,23.32413],[119.32271,23.32413],[119.32269,23.32415],[119.32269,23.32417],[119.32269,23.32418],[119.32265,23.3242],[119.32265,23.32422],[119.32263,23.32424],[119.32262,23.32427],[119.32262,23.32431],[119.32263,23.32433],[119.32262,23.32434],[119.32259,23.32433],[119.32257,23.32433],[119.32255,23.32435],[119.32255,23.32439],[119.32253,23.32441],[119.32253,23.32442],[119.32251,23.32442],[119.3225,23.3244],[119.32248,23.32434],[119.32243,23.32431],[119.3224,23.32432],[119.32239,23.32434],[119.32239,23.32439],[119.3225,23.32455],[119.32253,23.32457],[119.32256,23.32457],[119.3226,23.32459],[119.32261,23.32461],[119.32264,23.32462],[119.32268,23.32462],[119.3227,23.32464],[119.32273,23.32465],[119.32279,23.32465],[119.3228,23.32463],[119.3228,23.3246],[119.32279,23.32458],[119.32278,23.32457],[119.32277,23.32456],[119.32274,23.32455],[119.32272,23.32454],[119.32272,23.32452],[119.32273,23.3245],[119.32276,23.3245],[119.32278,23.32451],[119.3228,23.32453],[119.32283,23.32456],[119.32285,23.32458],[119.32289,23.32459],[119.32295,23.32459],[119.32296,23.32458],[119.32296,23.32456],[119.32292,23.32453],[119.32291,23.32448],[119.3229,23.32444],[119.3229,23.32442],[119.32292,23.32438],[119.32295,23.32436],[119.323,23.32433],[119.32305,23.32431],[119.32312,23.32431],[119.32314,23.32429],[119.32313,23.32426],[119.32311,23.32425],[119.32302,23.32427],[119.32293,23.32427],[119.32292,23.32427],[119.32291,23.32422],[119.32293,23.3242],[119.32295,23.32418],[119.32295,23.32416],[119.32294,23.32412],[119.32292,23.3241],[119.32288,23.3241],[119.32282,23.3241]]],[[[119.32447,23.32362],[119.32443,23.32364],[119.32434,23.3237],[119.32425,23.32373],[119.32421,23.32377],[119.32421,23.32383],[119.32424,23.32387],[119.32427,23.32391],[119.32432,23.32391],[119.32433,23.32393],[119.3243,23.32398],[119.32424,23.32403],[119.32415,23.32403],[119.32408,23.32402],[119.32403,23.32399],[119.32399,23.32396],[119.32397,23.32394],[119.32387,23.32394],[119.32381,23.32396],[119.32372,23.32397],[119.32366,23.32401],[119.32366,23.32404],[119.32367,23.32407],[119.32366,23.32412],[119.32365,23.32418],[119.32363,23.32423],[119.32359,23.32426],[119.32356,23.32425],[119.32353,23.32423],[119.32348,23.32421],[119.32347,23.32412],[119.32344,23.32404],[119.32339,23.32401],[119.32333,23.32401],[119.32328,23.32405],[119.32328,23.32408],[119.3233,23.32413],[119.3233,23.32418],[119.32328,23.32425],[119.32325,23.32428],[119.32324,23.32434],[119.32326,23.32436],[119.3233,23.3244],[119.32336,23.32441],[119.32344,23.32444],[119.32349,23.32445],[119.32354,23.32446],[119.32359,23.32452],[119.32369,23.32452],[119.32374,23.32454],[119.32382,23.32455],[119.32386,23.32459],[119.32392,23.32459],[119.32393,23.32461],[119.32402,23.32461],[119.32403,23.32459],[119.32403,23.32455],[119.32405,23.32454],[119.32414,23.32454],[119.32421,23.32449],[119.32426,23.32446],[119.32457,23.32446],[119.32466,23.32446],[119.3248,23.32446],[119.32484,23.32448],[119.32489,23.32448],[119.32491,23.32445],[119.32489,23.32441],[119.32491,23.32439],[119.32497,23.32441],[119.32503,23.32443],[119.32522,23.32443],[119.32527,23.32439],[119.32532,23.32434],[119.32533,23.32428],[119.32537,23.32425],[119.32544,23.32421],[119.32548,23.32417],[119.32551,23.32411],[119.32555,23.32406],[119.32558,23.32401],[119.32556,23.32389],[119.32552,23.32387],[119.32548,23.32385],[119.32538,23.32379],[119.32528,23.32376],[119.32522,23.32377],[119.32517,23.3238],[119.32511,23.32385],[119.32504,23.32386],[119.32501,23.32387],[119.32495,23.32386],[119.3249,23.3238],[119.32485,23.32375],[119.32481,23.32374],[119.32475,23.32368],[119.32465,23.32367],[119.32456,23.32362],[119.32447,23.32362]]],[[[119.33688,23.31711],[119.33676,23.31714],[119.33663,23.31723],[119.33656,23.31731],[119.33647,23.31741],[119.33642,23.31747],[119.33637,23.3175],[119.33609,23.3175],[119.33602,23.31753],[119.33586,23.31763],[119.33579,23.31767],[119.33572,23.31767],[119.33568,23.31763],[119.33563,23.31758],[119.33553,23.31757],[119.33545,23.31764],[119.3354,23.31766],[119.33534,23.31766],[119.33524,23.31765],[119.3352,23.31767],[119.33519,23.31772],[119.33522,23.3178],[119.33527,23.31784],[119.33533,23.31786],[119.33533,23.3179],[119.33524,23.31794],[119.33522,23.31798],[119.33523,23.31805],[119.33515,23.31816],[119.33512,23.31823],[119.33513,23.31828],[119.33518,23.31828],[119.33523,23.31829],[119.33522,23.31833],[119.33517,23.31839],[119.33514,23.31845],[119.33515,23.3185],[119.3352,23.31851],[119.33519,23.31854],[119.33517,23.31858],[119.33512,23.3186],[119.33505,23.3186],[119.33504,23.31864],[119.33505,23.31866],[119.3351,23.3187],[119.33518,23.31871],[119.33517,23.31877],[119.3351,23.31888],[119.335,23.31896],[119.33494,23.31901],[119.33495,23.31911],[119.33502,23.31917],[119.33507,23.31928],[119.33507,23.31935],[119.33501,23.31944],[119.33501,23.3195],[119.33506,23.31955],[119.3351,23.3196],[119.33512,23.31965],[119.33515,23.31967],[119.33519,23.31968],[119.33524,23.31972],[119.33529,23.31979],[119.33529,23.31989],[119.33522,23.31992],[119.33513,23.31994],[119.33512,23.31997],[119.33515,23.32003],[119.33516,23.32009],[119.33511,23.32008],[119.33503,23.32002],[119.33495,23.32002],[119.33489,23.32005],[119.33488,23.32011],[119.33493,23.32017],[119.335,23.32019],[119.33506,23.32019],[119.33505,23.32022],[119.33502,23.32024],[119.33503,23.3203],[119.33506,23.32032],[119.33514,23.32034],[119.33513,23.32039],[119.33511,23.32044],[119.33504,23.32049],[119.33489,23.3205],[119.33484,23.32056],[119.33488,23.32065],[119.33494,23.32065],[119.33496,23.32068],[119.33495,23.32071],[119.3349,23.32075],[119.33488,23.32079],[119.33493,23.32085],[119.33504,23.3209],[119.33518,23.32091],[119.3352,23.32092],[119.33519,23.32095],[119.33505,23.32096],[119.33502,23.32102],[119.335,23.32106],[119.33485,23.32105],[119.33482,23.32107],[119.33484,23.32111],[119.33495,23.3212],[119.33508,23.32132],[119.33517,23.32139],[119.33517,23.32142],[119.33505,23.32142],[119.33503,23.32146],[119.33501,23.3215],[119.33509,23.32154],[119.33516,23.32159],[119.33516,23.32164],[119.33511,23.32169],[119.33509,23.32173],[119.33511,23.32178],[119.33511,23.32186],[119.33516,23.32191],[119.33525,23.32196],[119.33534,23.32208],[119.33542,23.32212],[119.33552,23.32227],[119.33559,23.3223],[119.33562,23.32235],[119.33556,23.32239],[119.33554,23.32246],[119.33556,23.3225],[119.33561,23.32254],[119.33574,23.32261],[119.33592,23.32273],[119.33597,23.32272],[119.33605,23.32264],[119.33618,23.32257],[119.33635,23.3225],[119.3365,23.32245],[119.33667,23.32236],[119.33679,23.32234],[119.33683,23.32234],[119.33697,23.32236],[119.33704,23.32234],[119.33703,23.32228],[119.33701,23.32221],[119.33704,23.32216],[119.33704,23.32207],[119.33708,23.32203],[119.33708,23.32196],[119.33707,23.32191],[119.33708,23.32184],[119.33716,23.32175],[119.3372,23.32165],[119.33731,23.32156],[119.33743,23.32152],[119.3375,23.32149],[119.33751,23.32146],[119.33749,23.32137],[119.33748,23.32129],[119.33751,23.32121],[119.33753,23.3211],[119.33752,23.32102],[119.33749,23.32097],[119.33743,23.32092],[119.33739,23.32089],[119.33739,23.32085],[119.33743,23.32068],[119.33742,23.32062],[119.33737,23.32058],[119.33734,23.32053],[119.33724,23.3205],[119.33718,23.32048],[119.33714,23.32044],[119.33713,23.3204],[119.33714,23.32031],[119.33716,23.32021],[119.33713,23.32013],[119.33709,23.32007],[119.33708,23.32001],[119.33711,23.31996],[119.3371,23.31988],[119.3371,23.31977],[119.33712,23.31969],[119.33712,23.31964],[119.3371,23.31958],[119.33716,23.31951],[119.33726,23.31941],[119.33734,23.31935],[119.33736,23.3193],[119.33736,23.31921],[119.33744,23.3191],[119.33748,23.31905],[119.33755,23.31902],[119.33778,23.319],[119.33794,23.31902],[119.33799,23.31896],[119.33804,23.31887],[119.3382,23.31867],[119.33821,23.3186],[119.33822,23.31848],[119.33827,23.31837],[119.33832,23.31829],[119.33834,23.31821],[119.33837,23.31814],[119.33841,23.31804],[119.33837,23.31785],[119.33833,23.3178],[119.33826,23.31783],[119.33821,23.31782],[119.33818,23.31778],[119.33815,23.31769],[119.33812,23.31763],[119.33805,23.31762],[119.33794,23.31762],[119.33788,23.3176],[119.33784,23.31755],[119.33776,23.31751],[119.33768,23.31752],[119.33761,23.3175],[119.33757,23.31746],[119.33746,23.31744],[119.33739,23.31743],[119.33733,23.3174],[119.33729,23.31735],[119.33729,23.31728],[119.33724,23.31723],[119.33718,23.31722],[119.33714,23.31714],[119.3371,23.31713],[119.33696,23.31713],[119.33688,23.31711]]],[[[119.34219,23.30717],[119.34215,23.30719],[119.34211,23.30721],[119.34202,23.3073],[119.34198,23.3074],[119.34194,23.30754],[119.34189,23.30763],[119.34179,23.30777],[119.34165,23.308],[119.34161,23.30812],[119.34161,23.30821],[119.34165,23.30832],[119.34172,23.30843],[119.34175,23.30851],[119.34179,23.30857],[119.34179,23.30867],[119.34182,23.30872],[119.34188,23.30872],[119.34192,23.30869],[119.34193,23.30859],[119.34191,23.3085],[119.34192,23.30841],[119.34196,23.30834],[119.34201,23.30828],[119.34218,23.30809],[119.34223,23.30797],[119.34231,23.30784],[119.3424,23.30768],[119.34242,23.30764],[119.34242,23.30756],[119.34238,23.30744],[119.34233,23.30732],[119.34223,23.30721],[119.34221,23.30717],[119.34219,23.30717]]],[[[119.50094,23.29057],[119.50088,23.29059],[119.50085,23.29062],[119.50082,23.29063],[119.50073,23.29063],[119.5007,23.29064],[119.50068,23.29066],[119.50062,23.29068],[119.50055,23.29074],[119.5005,23.29075],[119.50045,23.29076],[119.50041,23.2908],[119.5004,23.29084],[119.50042,23.29089],[119.5005,23.29089],[119.50052,23.29091],[119.50051,23.29095],[119.50049,23.29099],[119.50048,23.29102],[119.50048,23.29106],[119.5005,23.29107],[119.50055,23.29107],[119.50055,23.29108],[119.50056,23.29124],[119.50059,23.29128],[119.50064,23.2913],[119.50068,23.29128],[119.5007,23.29125],[119.50072,23.29117],[119.50071,23.29113],[119.50071,23.29112],[119.50071,23.2911],[119.50074,23.29104],[119.50076,23.29099],[119.50077,23.29097],[119.50074,23.29093],[119.50072,23.29087],[119.50072,23.29084],[119.50074,23.29081],[119.50075,23.29081],[119.50076,23.29084],[119.50078,23.29089],[119.50081,23.29093],[119.50088,23.29093],[119.50094,23.29092],[119.50096,23.29089],[119.50096,23.29086],[119.50096,23.29083],[119.50094,23.29077],[119.50095,23.29074],[119.50099,23.2907],[119.50104,23.29065],[119.50104,23.29062],[119.501,23.29058],[119.50094,23.29057]]],[[[119.50114,23.28891],[119.5011,23.28892],[119.50107,23.28893],[119.50099,23.28899],[119.50094,23.289],[119.50091,23.28904],[119.50091,23.28908],[119.50095,23.2891],[119.50096,23.28912],[119.50103,23.28913],[119.50108,23.28916],[119.50111,23.2892],[119.50111,23.28925],[119.50106,23.28931],[119.50096,23.2893],[119.50083,23.28936],[119.50075,23.28939],[119.50071,23.28944],[119.50072,23.28959],[119.50079,23.28969],[119.50082,23.2897],[119.50083,23.28974],[119.50072,23.28977],[119.5007,23.28982],[119.50067,23.28983],[119.50064,23.28999],[119.50062,23.29005],[119.50057,23.29008],[119.50055,23.29012],[119.50056,23.29015],[119.5006,23.29016],[119.50066,23.29016],[119.50076,23.29009],[119.50082,23.29008],[119.50092,23.2901],[119.501,23.29007],[119.50107,23.29002],[119.50112,23.29003],[119.50124,23.2901],[119.50137,23.29012],[119.50148,23.29013],[119.50153,23.29016],[119.50153,23.29019],[119.50146,23.29019],[119.50142,23.29025],[119.50142,23.29028],[119.50145,23.2903],[119.50152,23.29031],[119.50152,23.29033],[119.50147,23.29035],[119.50141,23.29037],[119.50135,23.29044],[119.5012,23.29044],[119.50116,23.2905],[119.50117,23.29055],[119.50121,23.29059],[119.50121,23.29066],[119.5012,23.29074],[119.50123,23.29076],[119.5013,23.29075],[119.50137,23.29079],[119.50141,23.29078],[119.50143,23.29075],[119.50148,23.29073],[119.50151,23.29071],[119.50161,23.29069],[119.50169,23.29072],[119.50181,23.29078],[119.50185,23.29078],[119.5019,23.29073],[119.50191,23.2907],[119.50195,23.29065],[119.502,23.29064],[119.50204,23.29064],[119.50207,23.29058],[119.50212,23.29053],[119.50216,23.29051],[119.50222,23.29054],[119.5023,23.2906],[119.50236,23.29059],[119.50247,23.29056],[119.50258,23.2905],[119.50262,23.2904],[119.5026,23.29033],[119.50256,23.2903],[119.50254,23.29029],[119.50254,23.29026],[119.50264,23.29024],[119.50269,23.29022],[119.50269,23.29019],[119.5026,23.29016],[119.50252,23.29013],[119.5025,23.29012],[119.5025,23.2901],[119.50268,23.29012],[119.50278,23.29011],[119.50285,23.29],[119.50288,23.28992],[119.50284,23.2899],[119.50281,23.28989],[119.50275,23.28983],[119.50251,23.28982],[119.50242,23.28987],[119.50233,23.28993],[119.50223,23.28996],[119.50218,23.28995],[119.50214,23.28992],[119.50209,23.28986],[119.50205,23.28984],[119.50189,23.28983],[119.50184,23.2898],[119.5018,23.28975],[119.50178,23.28969],[119.50179,23.28962],[119.50185,23.28956],[119.50187,23.28951],[119.50192,23.28951],[119.50195,23.28945],[119.50199,23.28939],[119.50213,23.28929],[119.50225,23.28925],[119.50233,23.28921],[119.50243,23.28914],[119.50244,23.2891],[119.50242,23.28907],[119.50237,23.28908],[119.50231,23.28913],[119.50215,23.28921],[119.50206,23.2892],[119.50201,23.2892],[119.50199,23.28925],[119.50195,23.2893],[119.50192,23.28932],[119.50178,23.28941],[119.50172,23.28941],[119.50169,23.28941],[119.50165,23.28936],[119.50163,23.28933],[119.5016,23.28931],[119.50156,23.28933],[119.50153,23.28937],[119.50147,23.28937],[119.50142,23.28935],[119.50137,23.28931],[119.50135,23.28921],[119.50132,23.28916],[119.5013,23.28913],[119.50129,23.28906],[119.50121,23.28901],[119.50121,23.28895],[119.50114,23.28891]]],[[[119.50033,23.28663],[119.50026,23.28666],[119.50024,23.28671],[119.50021,23.28675],[119.5002,23.28679],[119.50019,23.28682],[119.50017,23.28683],[119.50011,23.28683],[119.50007,23.28688],[119.50004,23.28694],[119.50004,23.287],[119.50008,23.28705],[119.50014,23.28708],[119.5002,23.28711],[119.50025,23.28711],[119.50034,23.28711],[119.50037,23.28708],[119.50038,23.28704],[119.5004,23.28701],[119.50043,23.287],[119.50046,23.287],[119.50051,23.28698],[119.50053,23.28695],[119.50053,23.28689],[119.50057,23.28686],[119.50062,23.28683],[119.50063,23.28678],[119.50063,23.28674],[119.50062,23.28673],[119.50062,23.28671],[119.50063,23.2867],[119.50063,23.28668],[119.50062,23.28667],[119.50055,23.28667],[119.50048,23.28665],[119.50044,23.28664],[119.50039,23.28665],[119.50035,23.28665],[119.50033,23.28663]]],[[[119.50121,23.27637],[119.50118,23.27639],[119.50116,23.27641],[119.50117,23.2765],[119.50118,23.27654],[119.50117,23.27658],[119.50116,23.27661],[119.50115,23.27663],[119.50115,23.27667],[119.5012,23.2767],[119.50123,23.27672],[119.50128,23.27672],[119.50132,23.27672],[119.50137,23.27674],[119.5014,23.27676],[119.50145,23.27676],[119.50148,23.27672],[119.50152,23.27671],[119.50164,23.27673],[119.50168,23.27674],[119.5017,23.27674],[119.50175,23.27674],[119.50178,23.27674],[119.50182,23.27671],[119.50179,23.27668],[119.50178,23.27666],[119.50177,23.27665],[119.50177,23.27662],[119.50178,23.27658],[119.50177,23.27655],[119.50174,23.27652],[119.5017,23.27651],[119.50166,23.27647],[119.50164,23.27644],[119.5016,23.27644],[119.50157,23.27646],[119.50155,23.27646],[119.50152,23.27644],[119.5015,23.27641],[119.50144,23.2764],[119.50141,23.27642],[119.50138,23.27643],[119.50135,23.27643],[119.50133,23.27643],[119.50128,23.27639],[119.50121,23.27637]]],[[[119.50155,23.27546],[119.5015,23.27547],[119.50145,23.2755],[119.50137,23.27555],[119.50137,23.27559],[119.50139,23.27563],[119.50138,23.27568],[119.5014,23.27573],[119.50146,23.27576],[119.50153,23.27576],[119.50161,23.27579],[119.50166,23.27577],[119.50172,23.27571],[119.50173,23.27574],[119.50173,23.27577],[119.50168,23.27582],[119.50168,23.27586],[119.5017,23.27591],[119.50169,23.27595],[119.50164,23.27597],[119.50165,23.27602],[119.50177,23.27609],[119.50175,23.27611],[119.50163,23.27612],[119.50156,23.27616],[119.50155,23.27618],[119.50153,23.27624],[119.50158,23.27627],[119.50166,23.27626],[119.50174,23.27631],[119.5018,23.27632],[119.50184,23.27633],[119.50184,23.27636],[119.50179,23.27636],[119.50176,23.27635],[119.50173,23.27634],[119.50171,23.27638],[119.50173,23.27641],[119.50181,23.27645],[119.50189,23.27647],[119.502,23.27643],[119.50204,23.27643],[119.5021,23.27645],[119.50213,23.27649],[119.50217,23.27647],[119.50218,23.27643],[119.50217,23.27639],[119.50211,23.27636],[119.50213,23.27634],[119.50217,23.27634],[119.50226,23.27634],[119.50231,23.27636],[119.50237,23.27636],[119.50245,23.27634],[119.50249,23.27635],[119.50247,23.2764],[119.50245,23.27645],[119.50248,23.2765],[119.50254,23.27655],[119.50267,23.27662],[119.50273,23.27662],[119.50278,23.27663],[119.50282,23.27664],[119.50294,23.2766],[119.50308,23.27656],[119.50311,23.27649],[119.50318,23.27648],[119.50321,23.2765],[119.50324,23.27654],[119.50329,23.27656],[119.50335,23.27655],[119.50335,23.27651],[119.50335,23.27648],[119.50342,23.27652],[119.5035,23.2765],[119.50354,23.27653],[119.50357,23.27652],[119.50364,23.27649],[119.50364,23.27646],[119.5037,23.27645],[119.50377,23.2765],[119.50386,23.27651],[119.5039,23.27646],[119.50389,23.2764],[119.50383,23.27635],[119.5038,23.27632],[119.50381,23.27629],[119.50385,23.27629],[119.50388,23.27634],[119.50396,23.27633],[119.50403,23.27628],[119.50404,23.27623],[119.50399,23.27618],[119.50393,23.27614],[119.5038,23.27614],[119.50379,23.27612],[119.50379,23.2761],[119.50407,23.27612],[119.50415,23.27607],[119.50421,23.27602],[119.50421,23.27596],[119.50418,23.27592],[119.5041,23.27587],[119.50405,23.27589],[119.50401,23.27586],[119.50402,23.27581],[119.50404,23.27577],[119.50402,23.27572],[119.50398,23.27571],[119.50391,23.27572],[119.50387,23.27575],[119.50385,23.27579],[119.50382,23.27584],[119.50379,23.27584],[119.50372,23.27583],[119.50369,23.27585],[119.5037,23.27588],[119.50367,23.27587],[119.50363,23.27587],[119.5036,23.27589],[119.5036,23.27597],[119.50358,23.27598],[119.50355,23.27596],[119.5035,23.27592],[119.50345,23.27594],[119.50345,23.27597],[119.50343,23.27597],[119.50339,23.27596],[119.50336,23.27597],[119.50333,23.27601],[119.50334,23.27603],[119.50326,23.27604],[119.50324,23.27606],[119.50321,23.27606],[119.50319,23.27604],[119.50314,23.27605],[119.50307,23.27607],[119.50303,23.27609],[119.50304,23.27617],[119.50302,23.27617],[119.50298,23.27611],[119.50293,23.27611],[119.50287,23.27614],[119.50278,23.27612],[119.5024,23.27613],[119.50228,23.27613],[119.50218,23.27614],[119.50217,23.2761],[119.50225,23.27605],[119.50226,23.27601],[119.50227,23.27597],[119.50232,23.27597],[119.50236,23.27601],[119.50241,23.27601],[119.50248,23.27597],[119.50253,23.27593],[119.50252,23.27588],[119.50244,23.27588],[119.50242,23.27585],[119.50245,23.27583],[119.50247,23.2758],[119.50245,23.27572],[119.50239,23.2757],[119.50231,23.27573],[119.50227,23.27571],[119.50223,23.2757],[119.50221,23.27573],[119.5022,23.27578],[119.50214,23.27579],[119.50209,23.27579],[119.50205,23.27578],[119.50205,23.27567],[119.50206,23.2756],[119.50202,23.2756],[119.50188,23.27561],[119.5018,23.27563],[119.50169,23.27567],[119.50164,23.27566],[119.50159,23.27566],[119.50152,23.27563],[119.5015,23.27559],[119.50154,23.27554],[119.50159,23.2755],[119.50159,23.27548],[119.50155,23.27546]]],[[[119.51119,23.26634],[119.51112,23.26636],[119.51105,23.26638],[119.51071,23.26671],[119.51042,23.26698],[119.51025,23.26712],[119.51011,23.2672],[119.51004,23.26725],[119.5099,23.26731],[119.50979,23.26733],[119.50973,23.26737],[119.50954,23.26738],[119.50938,23.2674],[119.50919,23.26745],[119.509,23.26746],[119.5089,23.26748],[119.50872,23.2675],[119.50854,23.26748],[119.50844,23.26744],[119.5083,23.26742],[119.50817,23.26741],[119.50804,23.26742],[119.50792,23.26746],[119.50765,23.26751],[119.50725,23.26756],[119.50691,23.26769],[119.50682,23.26772],[119.50673,23.26774],[119.50654,23.26783],[119.50614,23.26797],[119.506,23.26801],[119.5059,23.26802],[119.50575,23.26805],[119.50558,23.26805],[119.50522,23.26814],[119.50502,23.26822],[119.50488,23.26833],[119.50465,23.26852],[119.50432,23.269],[119.50408,23.26936],[119.50384,23.26972],[119.50375,23.26986],[119.50363,23.27012],[119.50358,23.27038],[119.5036,23.27043],[119.5036,23.27048],[119.50358,23.27053],[119.50348,23.27059],[119.50338,23.27064],[119.50332,23.27072],[119.50333,23.27078],[119.5034,23.2708],[119.50348,23.27087],[119.50349,23.27092],[119.50347,23.27097],[119.50346,23.27105],[119.50346,23.27121],[119.50354,23.27135],[119.50354,23.27145],[119.50357,23.27156],[119.50355,23.27175],[119.50351,23.27185],[119.50349,23.27196],[119.50351,23.27206],[119.5035,23.27212],[119.50344,23.27218],[119.50334,23.27222],[119.50321,23.27226],[119.50303,23.27224],[119.50285,23.27218],[119.50277,23.2722],[119.50273,23.27227],[119.50275,23.27237],[119.50273,23.27259],[119.50273,23.27272],[119.50281,23.27279],[119.50292,23.27279],[119.503,23.27273],[119.50306,23.27263],[119.50313,23.27256],[119.50321,23.27253],[119.50336,23.27255],[119.5036,23.27259],[119.50391,23.27259],[119.50398,23.2726],[119.50409,23.27258],[119.50418,23.27257],[119.50432,23.2726],[119.50444,23.27266],[119.50449,23.27267],[119.50457,23.27269],[119.50467,23.27273],[119.50478,23.27274],[119.50489,23.27269],[119.50505,23.27264],[119.50515,23.27263],[119.50516,23.2727],[119.50521,23.27274],[119.50529,23.27275],[119.50534,23.2727],[119.50544,23.27267],[119.50564,23.27266],[119.50577,23.27263],[119.50582,23.2726],[119.50589,23.27258],[119.50595,23.2726],[119.50595,23.27265],[119.50591,23.27273],[119.5059,23.2728],[119.50593,23.27286],[119.50599,23.27289],[119.50598,23.27297],[119.50594,23.27306],[119.50596,23.27319],[119.50602,23.27327],[119.5061,23.2733],[119.5064,23.27333],[119.50668,23.27331],[119.50675,23.27327],[119.50677,23.27317],[119.50671,23.27307],[119.50663,23.27297],[119.50655,23.2729],[119.50649,23.27283],[119.50648,23.27276],[119.50651,23.27271],[119.5066,23.27265],[119.50668,23.27263],[119.50672,23.27258],[119.50677,23.27255],[119.50691,23.27251],[119.50701,23.27249],[119.50708,23.27247],[119.50714,23.27245],[119.50724,23.27244],[119.50738,23.27246],[119.50752,23.2725],[119.50762,23.27254],[119.50773,23.27258],[119.50799,23.27259],[119.50813,23.27256],[119.50823,23.27254],[119.50834,23.27255],[119.50846,23.27259],[119.50855,23.27262],[119.50867,23.27264],[119.50874,23.27263],[119.50881,23.27261],[119.50892,23.27261],[119.50892,23.27266],[119.50888,23.27271],[119.50876,23.27285],[119.5087,23.27293],[119.5087,23.27304],[119.50873,23.27308],[119.50877,23.2731],[119.50883,23.27308],[119.50889,23.27305],[119.50894,23.27293],[119.50902,23.27285],[119.50911,23.2728],[119.50921,23.27279],[119.5093,23.27278],[119.50942,23.27288],[119.5095,23.27292],[119.50953,23.27297],[119.50953,23.27311],[119.50961,23.27323],[119.50972,23.27324],[119.50984,23.27323],[119.50988,23.27315],[119.50989,23.27302],[119.50986,23.27295],[119.50979,23.27286],[119.50972,23.27275],[119.50969,23.27267],[119.50971,23.27257],[119.50981,23.27238],[119.50997,23.27211],[119.51018,23.27177],[119.51039,23.27145],[119.51065,23.27122],[119.51081,23.2711],[119.51094,23.27093],[119.511,23.27074],[119.51099,23.27055],[119.51092,23.27032],[119.5109,23.27014],[119.51091,23.27],[119.51099,23.26981],[119.51105,23.26965],[119.51111,23.26949],[119.51112,23.26935],[119.51111,23.26922],[119.51108,23.2691],[119.51098,23.26894],[119.51084,23.26874],[119.51082,23.26869],[119.51084,23.2686],[119.51087,23.26829],[119.51089,23.26797],[119.51091,23.26778],[119.51086,23.26752],[119.51089,23.26736],[119.51092,23.26721],[119.51098,23.26705],[119.51106,23.26685],[119.51121,23.26662],[119.51125,23.2665],[119.51124,23.26638],[119.51119,23.26634]]],[[[119.69686,23.55403],[119.69676,23.55404],[119.69671,23.55409],[119.69665,23.55413],[119.6966,23.55416],[119.69654,23.55416],[119.6964,23.55411],[119.69631,23.55413],[119.69625,23.55414],[119.69619,23.55417],[119.69617,23.55422],[119.69618,23.55426],[119.69625,23.55433],[119.69635,23.55435],[119.69647,23.5544],[119.6965,23.55447],[119.69659,23.55461],[119.69661,23.55468],[119.6966,23.55483],[119.6966,23.55488],[119.69654,23.55497],[119.69645,23.55502],[119.69638,23.55505],[119.69631,23.55506],[119.69626,23.55505],[119.69621,23.55503],[119.69616,23.55501],[119.69613,23.55501],[119.69605,23.55504],[119.69599,23.55511],[119.69597,23.55515],[119.69592,23.55515],[119.69576,23.55517],[119.69571,23.55519],[119.69547,23.55532],[119.69542,23.55541],[119.69542,23.55549],[119.69547,23.55548],[119.69556,23.5555],[119.69565,23.5555],[119.69577,23.55545],[119.69581,23.55543],[119.69584,23.55541],[119.69595,23.5554],[119.69604,23.55538],[119.69615,23.55535],[119.69622,23.5553],[119.69633,23.55527],[119.6964,23.55527],[119.69646,23.55529],[119.69651,23.55535],[119.69653,23.55539],[119.69656,23.55544],[119.6966,23.55548],[119.69667,23.55552],[119.6967,23.55558],[119.69678,23.55559],[119.69681,23.5556],[119.6969,23.55557],[119.69694,23.5555],[119.69695,23.55544],[119.69696,23.55539],[119.69695,23.55522],[119.69695,23.55518],[119.69696,23.55513],[119.697,23.5551],[119.69705,23.55507],[119.69714,23.55503],[119.69718,23.55499],[119.69721,23.55493],[119.69721,23.55489],[119.69719,23.55485],[119.69716,23.55479],[119.69714,23.55476],[119.69712,23.55472],[119.69714,23.55467],[119.69716,23.55462],[119.69728,23.55445],[119.69728,23.55441],[119.69727,23.55438],[119.69725,23.55434],[119.69721,23.55431],[119.69713,23.55433],[119.69704,23.55441],[119.69696,23.55451],[119.6969,23.55454],[119.69686,23.55454],[119.69683,23.55454],[119.69679,23.5545],[119.69678,23.55444],[119.69679,23.55436],[119.69683,23.55426],[119.6969,23.55415],[119.69691,23.5541],[119.6969,23.55406],[119.69686,23.55403]]],[[[119.6595,23.54293],[119.65946,23.54294],[119.65942,23.54298],[119.65942,23.54302],[119.65934,23.54309],[119.65932,23.54313],[119.65934,23.54319],[119.65936,23.5433],[119.65937,23.54348],[119.65938,23.54352],[119.65948,23.54353],[119.65954,23.54357],[119.65959,23.5436],[119.65972,23.54361],[119.65974,23.54363],[119.65972,23.54366],[119.6596,23.54365],[119.65946,23.54366],[119.65941,23.54368],[119.65937,23.54373],[119.65937,23.54378],[119.65938,23.54384],[119.65937,23.54387],[119.65934,23.54389],[119.65934,23.54393],[119.65936,23.54395],[119.65936,23.54396],[119.65936,23.54398],[119.65934,23.54399],[119.65933,23.544],[119.65934,23.54403],[119.65933,23.54408],[119.65927,23.54412],[119.65927,23.54416],[119.65931,23.54423],[119.65934,23.54426],[119.65939,23.54427],[119.65944,23.54426],[119.65947,23.54426],[119.65948,23.54428],[119.65947,23.54429],[119.65938,23.5443],[119.65937,23.54432],[119.65937,23.54435],[119.65942,23.5444],[119.6595,23.54445],[119.65963,23.5445],[119.65971,23.54454],[119.65976,23.54453],[119.65979,23.54449],[119.65982,23.54448],[119.65988,23.54452],[119.65993,23.54452],[119.65996,23.5445],[119.66,23.5445],[119.66002,23.54452],[119.66004,23.54457],[119.6601,23.54461],[119.66016,23.54462],[119.66027,23.54463],[119.6604,23.54462],[119.66044,23.54464],[119.66046,23.5447],[119.6605,23.54472],[119.66061,23.54473],[119.66067,23.54474],[119.66077,23.54479],[119.66085,23.5448],[119.66088,23.54479],[119.66088,23.54477],[119.66092,23.54472],[119.66095,23.5446],[119.66095,23.54456],[119.66088,23.54448],[119.66079,23.54447],[119.66077,23.54446],[119.66075,23.54446],[119.66073,23.54448],[119.66069,23.54448],[119.66069,23.54443],[119.66068,23.54441],[119.6606,23.54442],[119.6606,23.54439],[119.6606,23.54436],[119.66064,23.54432],[119.6607,23.54429],[119.6607,23.54425],[119.66057,23.54424],[119.66056,23.54419],[119.66054,23.54416],[119.66054,23.54413],[119.66054,23.5441],[119.66059,23.54407],[119.66061,23.54402],[119.66068,23.54402],[119.66068,23.54396],[119.66066,23.54391],[119.66062,23.54387],[119.6606,23.54385],[119.6606,23.54381],[119.66058,23.54378],[119.66053,23.54376],[119.66048,23.54375],[119.66045,23.54374],[119.66045,23.54372],[119.66046,23.54368],[119.66046,23.54362],[119.66045,23.54357],[119.6604,23.54356],[119.66037,23.54353],[119.66035,23.54349],[119.6603,23.54343],[119.66023,23.54342],[119.66017,23.54342],[119.66013,23.54345],[119.66009,23.54346],[119.66006,23.54345],[119.66006,23.54342],[119.66008,23.54339],[119.66011,23.54335],[119.66013,23.54333],[119.66016,23.5433],[119.66018,23.54327],[119.66017,23.54324],[119.66011,23.54319],[119.66007,23.54313],[119.66006,23.54306],[119.66004,23.54304],[119.65998,23.54302],[119.65988,23.54301],[119.65984,23.54302],[119.65983,23.54304],[119.6598,23.54305],[119.65974,23.54307],[119.65967,23.54306],[119.65964,23.54305],[119.65963,23.54302],[119.65959,23.54297],[119.65955,23.54293],[119.6595,23.54293]]],[[[119.6595,23.54153],[119.65946,23.54153],[119.6594,23.54156],[119.65937,23.54156],[119.65934,23.54155],[119.65928,23.54156],[119.65924,23.54157],[119.65923,23.5416],[119.6592,23.54164],[119.65915,23.54165],[119.65911,23.5417],[119.65906,23.5417],[119.65903,23.54172],[119.65899,23.54177],[119.659,23.54181],[119.65904,23.54185],[119.65903,23.5419],[119.65902,23.54193],[119.65907,23.54201],[119.65908,23.54207],[119.65911,23.54211],[119.65925,23.54214],[119.6593,23.54219],[119.65936,23.54221],[119.65939,23.54228],[119.65943,23.54232],[119.65948,23.54234],[119.65949,23.54236],[119.65948,23.54242],[119.65951,23.54246],[119.65956,23.54248],[119.6596,23.54252],[119.65965,23.54254],[119.65969,23.54253],[119.65971,23.54252],[119.65977,23.54249],[119.65984,23.54247],[119.65987,23.5424],[119.65987,23.54235],[119.65985,23.54232],[119.65983,23.54224],[119.65982,23.54219],[119.65983,23.54216],[119.65988,23.54213],[119.65992,23.54208],[119.65993,23.54204],[119.65996,23.54201],[119.65999,23.54199],[119.65999,23.54197],[119.65996,23.54193],[119.65996,23.54189],[119.65998,23.54187],[119.66001,23.54186],[119.66003,23.54182],[119.66003,23.5418],[119.65999,23.54177],[119.65994,23.54174],[119.65991,23.54169],[119.65987,23.54164],[119.65979,23.54162],[119.65976,23.54159],[119.65969,23.54158],[119.65958,23.54156],[119.65953,23.54155],[119.6595,23.54153]]],[[[119.66102,23.53947],[119.66098,23.53949],[119.66095,23.53951],[119.66082,23.53953],[119.66078,23.53956],[119.66075,23.5396],[119.66068,23.53961],[119.66062,23.53965],[119.66058,23.5397],[119.66051,23.53971],[119.66046,23.53971],[119.66045,23.5397],[119.66044,23.53967],[119.66041,23.53967],[119.66039,23.53969],[119.66034,23.53969],[119.66025,23.53969],[119.66016,23.53971],[119.66013,23.5397],[119.6601,23.53966],[119.65997,23.53965],[119.65994,23.53966],[119.65994,23.53971],[119.65997,23.5398],[119.66001,23.53983],[119.66006,23.53982],[119.6601,23.53982],[119.6601,23.53987],[119.66011,23.53988],[119.66014,23.53988],[119.66019,23.53986],[119.66023,23.53987],[119.66026,23.5399],[119.66026,23.53992],[119.66018,23.53993],[119.66014,23.53995],[119.6601,23.53998],[119.66007,23.54002],[119.65997,23.54001],[119.65995,23.54],[119.6599,23.54],[119.65984,23.54003],[119.65982,23.54006],[119.65983,23.54011],[119.65987,23.54012],[119.66006,23.54012],[119.66013,23.54015],[119.66019,23.54014],[119.66023,23.54012],[119.66033,23.54011],[119.66035,23.54009],[119.66038,23.54008],[119.66044,23.54009],[119.66046,23.5401],[119.6605,23.54009],[119.66055,23.54005],[119.66058,23.54004],[119.66062,23.54003],[119.66063,23.53999],[119.66067,23.53999],[119.66073,23.54004],[119.66082,23.54009],[119.66091,23.5402],[119.66103,23.5403],[119.66109,23.54031],[119.66112,23.54035],[119.66119,23.54036],[119.66124,23.5404],[119.6613,23.54041],[119.66133,23.54041],[119.66134,23.54036],[119.66135,23.54031],[119.6614,23.54027],[119.66144,23.54023],[119.66148,23.54018],[119.66149,23.54008],[119.66146,23.54],[119.66143,23.53991],[119.66138,23.53984],[119.66136,23.53981],[119.66134,23.53977],[119.66135,23.53972],[119.66137,23.53966],[119.66137,23.53962],[119.66134,23.5396],[119.6613,23.53957],[119.66124,23.53958],[119.66119,23.5396],[119.66116,23.53961],[119.66113,23.53959],[119.6611,23.53956],[119.66108,23.53948],[119.66102,23.53947]]],[[[119.72692,23.53498],[119.7269,23.53501],[119.7269,23.53504],[119.7269,23.5351],[119.72687,23.53513],[119.72683,23.53516],[119.72683,23.5352],[119.72685,23.53525],[119.72685,23.53528],[119.72683,23.53531],[119.72679,23.53531],[119.7267,23.53535],[119.72664,23.53535],[119.72653,23.53532],[119.72644,23.53535],[119.72638,23.53537],[119.72632,23.53537],[119.72628,23.53531],[119.72623,23.53527],[119.72613,23.53519],[119.72604,23.53518],[119.72589,23.53514],[119.7258,23.53512],[119.72568,23.53513],[119.72562,23.53518],[119.72558,23.5352],[119.72551,23.53524],[119.72549,23.53528],[119.72549,23.53534],[119.72554,23.53537],[119.72561,23.53539],[119.72564,23.53546],[119.72567,23.53554],[119.72576,23.53558],[119.72583,23.53563],[119.72593,23.53571],[119.72596,23.53574],[119.72595,23.53576],[119.72592,23.53575],[119.72582,23.53565],[119.72578,23.53565],[119.72574,23.53567],[119.72577,23.5357],[119.72581,23.53576],[119.7258,23.53578],[119.72575,23.53574],[119.72569,23.53566],[119.72565,23.53567],[119.72565,23.53569],[119.72568,23.53572],[119.7257,23.53576],[119.72568,23.53577],[119.72562,23.53573],[119.72561,23.53568],[119.72561,23.53565],[119.72549,23.53566],[119.72543,23.53562],[119.72537,23.53561],[119.72533,23.53557],[119.72526,23.53555],[119.72521,23.53557],[119.72523,23.53564],[119.72523,23.53574],[119.72517,23.53576],[119.72511,23.53577],[119.72505,23.53573],[119.72498,23.53572],[119.72492,23.53576],[119.7249,23.53581],[119.72492,23.53587],[119.72496,23.5359],[119.725,23.53591],[119.725,23.53594],[119.72498,23.53594],[119.72493,23.53593],[119.7249,23.5359],[119.72487,23.53584],[119.72482,23.53581],[119.72472,23.53578],[119.72464,23.5358],[119.7246,23.53578],[119.72454,23.53581],[119.72453,23.53591],[119.7245,23.53597],[119.72449,23.53602],[119.72453,23.53612],[119.7246,23.53616],[119.72467,23.53615],[119.72471,23.53607],[119.72475,23.53598],[119.72479,23.53599],[119.72482,23.536],[119.72482,23.53602],[119.72482,23.53605],[119.72475,23.5361],[119.72475,23.53615],[119.72472,23.53621],[119.72469,23.53626],[119.72472,23.53628],[119.72473,23.53634],[119.72478,23.53637],[119.72489,23.53644],[119.72496,23.5365],[119.72506,23.5366],[119.72516,23.53661],[119.72526,23.53659],[119.72533,23.5366],[119.72544,23.53663],[119.72551,23.53669],[119.72556,23.53674],[119.7256,23.53675],[119.72563,23.53673],[119.72567,23.53671],[119.72568,23.53668],[119.72565,23.5366],[119.72566,23.53657],[119.72572,23.53656],[119.72579,23.53658],[119.72586,23.53659],[119.72596,23.53665],[119.72602,23.53666],[119.72608,23.53669],[119.72619,23.53668],[119.72625,23.53673],[119.72628,23.53683],[119.72624,23.5369],[119.72621,23.53692],[119.72617,23.53692],[119.7261,23.53687],[119.72606,23.53687],[119.72603,23.53695],[119.72606,23.537],[119.72609,23.53701],[119.72613,23.53698],[119.72617,23.53697],[119.72625,23.53699],[119.72634,23.53698],[119.72637,23.53694],[119.72636,23.53684],[119.72638,23.53681],[119.72646,23.5368],[119.72651,23.53682],[119.72662,23.53693],[119.72667,23.53695],[119.72673,23.5369],[119.72676,23.53679],[119.7268,23.53673],[119.72681,23.53665],[119.72685,23.53663],[119.72688,23.53659],[119.72688,23.53656],[119.72694,23.53655],[119.72696,23.53649],[119.7269,23.53637],[119.72687,23.53628],[119.72685,23.53619],[119.72679,23.53618],[119.72676,23.53621],[119.72674,23.53623],[119.72664,23.53623],[119.72663,23.53628],[119.72658,23.53628],[119.72656,23.53625],[119.72657,23.53619],[119.72664,23.53615],[119.72675,23.53616],[119.72677,23.53611],[119.7269,23.53609],[119.72694,23.53599],[119.72692,23.53593],[119.72687,23.53593],[119.72684,23.53591],[119.72686,23.53584],[119.7268,23.53582],[119.7268,23.53571],[119.72681,23.53565],[119.72686,23.53564],[119.72691,23.53564],[119.72698,23.53573],[119.72703,23.53582],[119.72713,23.53584],[119.72728,23.53582],[119.72736,23.53575],[119.72736,23.5357],[119.72733,23.53564],[119.72726,23.53564],[119.7272,23.53564],[119.7271,23.53558],[119.72702,23.53552],[119.727,23.53547],[119.72703,23.53544],[119.72712,23.53544],[119.7272,23.53549],[119.72729,23.53552],[119.72735,23.53552],[119.72743,23.53546],[119.72748,23.53541],[119.72754,23.53527],[119.72754,23.53522],[119.7275,23.5352],[119.72747,23.53521],[119.7274,23.53519],[119.72737,23.53519],[119.72735,23.53527],[119.72728,23.53524],[119.72719,23.53521],[119.72715,23.53511],[119.72704,23.53501],[119.72699,23.53499],[119.72692,23.53498]]],[[[119.60477,23.59651],[119.60481,23.59652],[119.60489,23.59651],[119.6052,23.59639],[119.60535,23.59632],[119.6054,23.59628],[119.60541,23.59623],[119.6054,23.59619],[119.60537,23.59616],[119.60531,23.59611],[119.60499,23.59596],[119.60495,23.59595],[119.6049,23.59595],[119.60481,23.59599],[119.60461,23.59609],[119.60457,23.59612],[119.60453,23.59615],[119.60453,23.59619],[119.60454,23.59623],[119.60475,23.5965],[119.60477,23.59651]]],[[[119.68494,23.62476],[119.68488,23.62477],[119.68485,23.62484],[119.68479,23.62489],[119.68479,23.62494],[119.68481,23.625],[119.68482,23.62504],[119.6848,23.6251],[119.68476,23.62511],[119.6847,23.62513],[119.68463,23.62511],[119.6846,23.62512],[119.6846,23.62516],[119.68463,23.62524],[119.68463,23.62529],[119.68458,23.62539],[119.68449,23.62546],[119.68437,23.62548],[119.6843,23.62551],[119.68427,23.62551],[119.68421,23.62548],[119.68416,23.62547],[119.68413,23.62549],[119.68411,23.62549],[119.68409,23.62547],[119.68406,23.62543],[119.68403,23.62542],[119.68399,23.62546],[119.68396,23.6255],[119.68393,23.62551],[119.68389,23.62548],[119.68387,23.62538],[119.68386,23.62535],[119.68381,23.62535],[119.68381,23.62541],[119.68376,23.62552],[119.68368,23.6256],[119.68359,23.62577],[119.68357,23.62581],[119.68352,23.62581],[119.68346,23.62594],[119.68343,23.62603],[119.68335,23.62605],[119.68325,23.62609],[119.68317,23.62619],[119.68312,23.6263],[119.68313,23.62641],[119.68317,23.62649],[119.68329,23.62658],[119.68338,23.62666],[119.68338,23.62669],[119.68339,23.62672],[119.68338,23.62685],[119.68335,23.62687],[119.68327,23.62685],[119.68326,23.6269],[119.68331,23.62695],[119.68341,23.62696],[119.68348,23.62696],[119.68356,23.62699],[119.68362,23.627],[119.68365,23.62697],[119.68367,23.6269],[119.6837,23.62688],[119.68378,23.62688],[119.6838,23.6269],[119.68382,23.62692],[119.68381,23.62696],[119.68379,23.62699],[119.6838,23.627],[119.68386,23.62701],[119.6839,23.62696],[119.68394,23.62692],[119.68399,23.6269],[119.68405,23.62677],[119.68412,23.62667],[119.68424,23.62652],[119.68424,23.62635],[119.68415,23.62625],[119.6842,23.62614],[119.68433,23.62618],[119.68443,23.62625],[119.68449,23.62642],[119.68447,23.62659],[119.68435,23.62677],[119.68421,23.62686],[119.68414,23.62695],[119.68414,23.62714],[119.68422,23.62736],[119.68427,23.6274],[119.68433,23.62741],[119.6844,23.62745],[119.68447,23.62745],[119.68455,23.6274],[119.68461,23.62737],[119.68468,23.62737],[119.68475,23.62744],[119.6848,23.62744],[119.68484,23.62738],[119.68487,23.62738],[119.68493,23.62744],[119.68493,23.6276],[119.68501,23.62767],[119.68512,23.62772],[119.68524,23.62772],[119.68533,23.62773],[119.68537,23.62774],[119.68539,23.62777],[119.68536,23.6278],[119.68537,23.62785],[119.68544,23.62784],[119.68549,23.62782],[119.68549,23.62777],[119.68546,23.62773],[119.68546,23.62771],[119.68555,23.62769],[119.68554,23.62763],[119.6855,23.6276],[119.6855,23.62758],[119.68551,23.62755],[119.68557,23.62754],[119.68562,23.62758],[119.68565,23.62765],[119.68573,23.62768],[119.68575,23.62776],[119.6858,23.6278],[119.68585,23.62779],[119.6859,23.62782],[119.68592,23.62788],[119.68597,23.6279],[119.68601,23.62783],[119.68602,23.62778],[119.68604,23.62775],[119.68604,23.62772],[119.68611,23.62771],[119.68616,23.62767],[119.68623,23.62766],[119.68624,23.62764],[119.68624,23.62755],[119.68628,23.62751],[119.68634,23.62749],[119.6865,23.6275],[119.68653,23.62747],[119.68655,23.62741],[119.68656,23.6273],[119.68658,23.62726],[119.68666,23.62722],[119.68674,23.62717],[119.68676,23.62713],[119.68677,23.62706],[119.6868,23.62703],[119.68693,23.62697],[119.68696,23.62692],[119.68696,23.62681],[119.68697,23.62664],[119.68699,23.62655],[119.68701,23.62651],[119.68701,23.62645],[119.68697,23.62641],[119.68696,23.62638],[119.68695,23.62632],[119.68697,23.62627],[119.68699,23.62622],[119.68704,23.62622],[119.68705,23.62612],[119.68699,23.62612],[119.68694,23.62608],[119.68685,23.62598],[119.6868,23.62598],[119.68675,23.62599],[119.6867,23.62599],[119.68662,23.62596],[119.68655,23.62595],[119.68649,23.62598],[119.68642,23.62604],[119.68629,23.62606],[119.68611,23.6261],[119.68606,23.62609],[119.68598,23.62609],[119.68592,23.62609],[119.68569,23.62617],[119.68569,23.62622],[119.68572,23.62626],[119.68572,23.62633],[119.68568,23.62635],[119.68563,23.62632],[119.68558,23.6263],[119.68557,23.62626],[119.68558,23.62617],[119.68563,23.62607],[119.68562,23.62602],[119.68558,23.62598],[119.68552,23.62598],[119.68533,23.626],[119.6853,23.62599],[119.68528,23.62596],[119.68532,23.6259],[119.68532,23.62581],[119.68531,23.62576],[119.68534,23.62566],[119.68539,23.62562],[119.68546,23.62558],[119.68548,23.62549],[119.68547,23.6254],[119.68547,23.62535],[119.6855,23.62535],[119.6856,23.62542],[119.68563,23.62546],[119.68569,23.62546],[119.68575,23.62537],[119.6858,23.62528],[119.6858,23.62518],[119.68572,23.62503],[119.68561,23.62502],[119.6855,23.62497],[119.6854,23.62487],[119.68533,23.62482],[119.68525,23.62481],[119.68508,23.6248],[119.68502,23.62479],[119.68498,23.62477],[119.68494,23.62476]]],[[[119.69976,23.61703],[119.69968,23.61704],[119.69959,23.61704],[119.69953,23.6171],[119.69951,23.61716],[119.69946,23.61715],[119.69945,23.61719],[119.69949,23.61721],[119.69952,23.61724],[119.69953,23.61729],[119.69953,23.61736],[119.69945,23.61741],[119.69939,23.61743],[119.69932,23.61743],[119.69925,23.61742],[119.69922,23.61744],[119.69919,23.61741],[119.69916,23.61735],[119.69912,23.61736],[119.69909,23.61735],[119.69904,23.61737],[119.69901,23.61736],[119.699,23.61726],[119.69895,23.61725],[119.69888,23.61722],[119.69883,23.61721],[119.69877,23.61722],[119.69872,23.61727],[119.69874,23.6173],[119.69877,23.61735],[119.69882,23.61735],[119.69883,23.6174],[119.69888,23.61744],[119.69895,23.61746],[119.69904,23.61747],[119.69909,23.61747],[119.69912,23.61748],[119.69916,23.61753],[119.69919,23.61755],[119.69919,23.61766],[119.69922,23.61773],[119.69924,23.61779],[119.69922,23.61786],[119.69918,23.61799],[119.69915,23.61803],[119.69912,23.61812],[119.69913,23.6183],[119.69911,23.61837],[119.69908,23.61838],[119.69906,23.61839],[119.69906,23.61842],[119.69909,23.61844],[119.69918,23.61846],[119.69918,23.61848],[119.69916,23.61851],[119.69909,23.61851],[119.69904,23.61848],[119.6989,23.61841],[119.69879,23.61832],[119.69867,23.61833],[119.69867,23.61836],[119.69873,23.61838],[119.6988,23.61843],[119.69879,23.61845],[119.69872,23.61845],[119.69871,23.6185],[119.69869,23.61851],[119.69866,23.61848],[119.6986,23.61844],[119.69856,23.61847],[119.69859,23.61854],[119.6986,23.61867],[119.69864,23.61869],[119.69868,23.61866],[119.69875,23.61866],[119.69878,23.6186],[119.6988,23.6186],[119.69882,23.61862],[119.69883,23.61868],[119.69888,23.61868],[119.69891,23.61864],[119.699,23.61865],[119.69907,23.61866],[119.6991,23.61874],[119.69918,23.61874],[119.69919,23.61881],[119.6992,23.61884],[119.69919,23.6189],[119.69913,23.61892],[119.69906,23.61897],[119.69898,23.61898],[119.69895,23.619],[119.69892,23.61899],[119.6989,23.61898],[119.69885,23.61898],[119.69882,23.619],[119.69882,23.61904],[119.6988,23.61905],[119.69879,23.61904],[119.69877,23.61901],[119.69873,23.61902],[119.69877,23.61905],[119.69889,23.61916],[119.6989,23.61922],[119.69894,23.61928],[119.69897,23.61939],[119.69897,23.61943],[119.69893,23.61944],[119.69889,23.6195],[119.69888,23.61953],[119.69891,23.61954],[119.69893,23.61952],[119.69897,23.61949],[119.69899,23.61949],[119.699,23.61951],[119.69897,23.61959],[119.69894,23.6196],[119.69893,23.61963],[119.69902,23.61985],[119.69903,23.61987],[119.69906,23.61987],[119.6991,23.61983],[119.69914,23.61982],[119.6992,23.61984],[119.69922,23.61985],[119.69922,23.61987],[119.69913,23.61991],[119.69912,23.61994],[119.69915,23.62002],[119.6992,23.62002],[119.69923,23.62001],[119.6993,23.61994],[119.69932,23.61989],[119.69934,23.61988],[119.69936,23.61993],[119.69938,23.61994],[119.69943,23.61988],[119.69946,23.61988],[119.69946,23.61993],[119.6995,23.62],[119.69957,23.62002],[119.69958,23.61993],[119.69968,23.61999],[119.69969,23.62001],[119.69968,23.62009],[119.69964,23.62014],[119.69965,23.62023],[119.69968,23.62029],[119.69973,23.62032],[119.69976,23.62032],[119.69976,23.62036],[119.69978,23.62039],[119.69982,23.6204],[119.69983,23.62038],[119.69983,23.62035],[119.69984,23.62033],[119.69986,23.62035],[119.69987,23.62033],[119.69987,23.62029],[119.69984,23.62029],[119.69981,23.62029],[119.6998,23.62026],[119.6998,23.62024],[119.69984,23.62023],[119.69986,23.62018],[119.69986,23.62009],[119.69988,23.62007],[119.69987,23.61999],[119.69985,23.61996],[119.6998,23.61996],[119.6998,23.61992],[119.69983,23.61992],[119.69987,23.61993],[119.69989,23.61991],[119.69991,23.6199],[119.69992,23.61996],[119.70001,23.62007],[119.70003,23.62008],[119.70005,23.62008],[119.70005,23.62003],[119.69997,23.61994],[119.69997,23.61991],[119.69997,23.61988],[119.69995,23.61986],[119.70001,23.61983],[119.70004,23.61983],[119.70005,23.61985],[119.70009,23.61992],[119.70009,23.61998],[119.70014,23.62005],[119.70017,23.62005],[119.70016,23.62001],[119.70015,23.61998],[119.70015,23.61994],[119.70015,23.61992],[119.70018,23.61994],[119.70022,23.61996],[119.70024,23.61995],[119.70027,23.61993],[119.70029,23.61995],[119.70035,23.61995],[119.70036,23.61992],[119.70036,23.61989],[119.70034,23.61988],[119.70033,23.61983],[119.70026,23.61983],[119.70021,23.6198],[119.70012,23.61978],[119.70011,23.61976],[119.70012,23.61974],[119.70015,23.61973],[119.7002,23.61973],[119.70025,23.61968],[119.70033,23.61967],[119.70036,23.61972],[119.7004,23.61972],[119.70042,23.6197],[119.70046,23.61971],[119.70047,23.61973],[119.70062,23.61972],[119.70061,23.61968],[119.70064,23.61966],[119.70067,23.61967],[119.70074,23.61973],[119.70077,23.61973],[119.70079,23.61967],[119.70083,23.61965],[119.70085,23.61966],[119.70088,23.61979],[119.70093,23.61982],[119.70095,23.61981],[119.70095,23.61976],[119.70094,23.61974],[119.70093,23.61972],[119.70096,23.61971],[119.70097,23.61972],[119.70098,23.61976],[119.70104,23.61976],[119.70105,23.61972],[119.7011,23.61974],[119.70112,23.61973],[119.70111,23.61968],[119.70113,23.61967],[119.70114,23.61971],[119.70117,23.61975],[119.70121,23.61974],[119.70121,23.6197],[119.70125,23.61967],[119.70124,23.61963],[119.70124,23.61958],[119.70118,23.61954],[119.70115,23.61955],[119.70112,23.61956],[119.7011,23.61955],[119.7011,23.61953],[119.70114,23.61951],[119.70115,23.61947],[119.70111,23.61947],[119.70109,23.61945],[119.70103,23.61945],[119.701,23.61943],[119.701,23.6194],[119.70102,23.61935],[119.70106,23.61924],[119.70111,23.61919],[119.70111,23.61912],[119.70101,23.61904],[119.70093,23.61901],[119.70093,23.61894],[119.70095,23.61892],[119.70099,23.61889],[119.70098,23.61885],[119.7009,23.61884],[119.70086,23.61884],[119.70083,23.61881],[119.70081,23.61878],[119.7008,23.61874],[119.70069,23.61875],[119.70069,23.61871],[119.70066,23.6187],[119.70066,23.61866],[119.70069,23.61866],[119.70069,23.61861],[119.70081,23.61862],[119.70083,23.61852],[119.70087,23.61853],[119.70087,23.61841],[119.70089,23.61839],[119.70089,23.61829],[119.70082,23.61824],[119.70082,23.61818],[119.70085,23.61815],[119.70085,23.61812],[119.70081,23.6181],[119.70077,23.61807],[119.70078,23.61802],[119.70079,23.61797],[119.70077,23.6177],[119.70075,23.61765],[119.70075,23.6176],[119.7007,23.61758],[119.70029,23.61756],[119.70015,23.61756],[119.7001,23.61751],[119.70007,23.61751],[119.70003,23.61755],[119.7,23.61756],[119.69996,23.6175],[119.69991,23.6175],[119.69986,23.61751],[119.69986,23.61749],[119.69989,23.61746],[119.69991,23.61742],[119.69992,23.61736],[119.69991,23.61729],[119.69986,23.61726],[119.69984,23.61711],[119.69981,23.61708],[119.69979,23.61707],[119.69976,23.61703]]],[[[119.69533,23.61892],[119.69526,23.61895],[119.69524,23.61901],[119.69525,23.61905],[119.69527,23.61908],[119.69532,23.61913],[119.69531,23.61916],[119.69528,23.61918],[119.69519,23.61922],[119.69519,23.61924],[119.69522,23.61929],[119.69524,23.61931],[119.69524,23.6194],[119.69525,23.61947],[119.69525,23.61953],[119.69529,23.61957],[119.69534,23.61959],[119.69539,23.61965],[119.69544,23.61967],[119.69552,23.61967],[119.69557,23.61964],[119.6956,23.6196],[119.69559,23.61955],[119.69561,23.61953],[119.69563,23.61954],[119.69564,23.61958],[119.69565,23.61962],[119.69567,23.61965],[119.69577,23.61966],[119.69579,23.61969],[119.69579,23.61974],[119.69581,23.61975],[119.69585,23.6198],[119.69594,23.61988],[119.69596,23.61992],[119.69596,23.61999],[119.69596,23.62003],[119.696,23.62008],[119.69602,23.62012],[119.69601,23.62024],[119.69603,23.62028],[119.69606,23.62029],[119.69611,23.62029],[119.69613,23.62028],[119.69617,23.62028],[119.69621,23.62031],[119.69626,23.62033],[119.6963,23.62033],[119.6964,23.62035],[119.69642,23.62033],[119.6964,23.62029],[119.69637,23.62026],[119.69636,23.62024],[119.69636,23.62023],[119.69639,23.6202],[119.6964,23.62017],[119.6964,23.62011],[119.69639,23.62005],[119.69637,23.62001],[119.69634,23.61999],[119.69634,23.61997],[119.69634,23.61995],[119.69638,23.61993],[119.69642,23.61992],[119.69645,23.61988],[119.69646,23.61983],[119.69644,23.61975],[119.69642,23.61963],[119.69638,23.6196],[119.69633,23.61953],[119.69631,23.61947],[119.69628,23.61942],[119.69627,23.61937],[119.69626,23.61929],[119.69625,23.61926],[119.69621,23.61922],[119.69617,23.61921],[119.69614,23.61918],[119.69611,23.61915],[119.69608,23.61913],[119.69604,23.61914],[119.69602,23.61915],[119.69598,23.61916],[119.69596,23.61913],[119.69594,23.61911],[119.69585,23.61912],[119.69582,23.61912],[119.69579,23.61916],[119.69577,23.61915],[119.69574,23.61913],[119.6957,23.61912],[119.69566,23.61914],[119.69564,23.61917],[119.69563,23.61918],[119.6956,23.61918],[119.69558,23.61917],[119.69555,23.6192],[119.69553,23.6192],[119.69548,23.6192],[119.69546,23.61916],[119.69547,23.61912],[119.69551,23.6191],[119.69545,23.61908],[119.69539,23.619],[119.69535,23.61897],[119.69533,23.61892]]],[[[119.69818,23.61794],[119.69811,23.61794],[119.69808,23.61795],[119.69803,23.61798],[119.69803,23.61801],[119.69806,23.61804],[119.69809,23.61804],[119.69811,23.61804],[119.69811,23.61807],[119.69803,23.61809],[119.69801,23.61811],[119.69796,23.6181],[119.69789,23.6181],[119.69782,23.61816],[119.6977,23.61817],[119.69763,23.61823],[119.6976,23.61827],[119.69759,23.61842],[119.69755,23.61842],[119.69755,23.61846],[119.6976,23.6185],[119.69759,23.61863],[119.6976,23.61868],[119.69772,23.61883],[119.69776,23.61896],[119.69781,23.61903],[119.69788,23.61907],[119.6979,23.61914],[119.69789,23.61916],[119.69785,23.61914],[119.69782,23.61915],[119.69783,23.61919],[119.69787,23.61924],[119.69789,23.61931],[119.69795,23.61935],[119.69802,23.61933],[119.69805,23.61928],[119.69802,23.61922],[119.698,23.61919],[119.69799,23.61914],[119.69795,23.61909],[119.69794,23.61906],[119.6979,23.61903],[119.69805,23.61903],[119.69811,23.619],[119.69817,23.61898],[119.69818,23.61894],[119.69818,23.6189],[119.69822,23.61887],[119.69828,23.61884],[119.69828,23.61879],[119.69828,23.61875],[119.69831,23.6187],[119.69835,23.61856],[119.69835,23.61845],[119.69839,23.61836],[119.69841,23.61828],[119.6984,23.61823],[119.69836,23.6182],[119.69832,23.61818],[119.69832,23.61814],[119.69835,23.61811],[119.69836,23.61807],[119.69835,23.61801],[119.69829,23.61799],[119.69822,23.61798],[119.69818,23.61794]]],[[[119.70212,23.61659],[119.70209,23.61659],[119.70207,23.61662],[119.70206,23.61665],[119.70201,23.61668],[119.70199,23.61675],[119.70196,23.61675],[119.70197,23.61669],[119.70195,23.61667],[119.70192,23.61665],[119.70188,23.61667],[119.70182,23.61668],[119.70178,23.61668],[119.70175,23.61672],[119.7017,23.61669],[119.70164,23.6167],[119.70163,23.61678],[119.70157,23.61678],[119.70155,23.61679],[119.70155,23.61689],[119.70156,23.61694],[119.70157,23.61697],[119.70155,23.61698],[119.70154,23.61702],[119.70156,23.61708],[119.70157,23.61714],[119.70161,23.61721],[119.70164,23.61726],[119.70165,23.61731],[119.70169,23.61732],[119.7017,23.61726],[119.70175,23.61727],[119.70179,23.6173],[119.70181,23.61743],[119.70183,23.61749],[119.70186,23.61749],[119.70189,23.61746],[119.7019,23.61748],[119.70192,23.61751],[119.70197,23.6175],[119.70205,23.61755],[119.70214,23.61755],[119.70219,23.61757],[119.70224,23.61758],[119.70229,23.61757],[119.70233,23.61755],[119.70236,23.61756],[119.70243,23.61761],[119.7025,23.61765],[119.70253,23.61763],[119.7025,23.6176],[119.70249,23.61757],[119.70251,23.61754],[119.70253,23.61754],[119.70256,23.61756],[119.70262,23.61756],[119.70263,23.61752],[119.70259,23.61749],[119.70257,23.61748],[119.70257,23.61747],[119.70257,23.61744],[119.70263,23.61741],[119.70265,23.61736],[119.70272,23.61733],[119.70276,23.61727],[119.70276,23.61721],[119.70274,23.61715],[119.70276,23.6171],[119.70277,23.61706],[119.70276,23.61698],[119.70275,23.61692],[119.70272,23.6169],[119.70269,23.61689],[119.7027,23.61682],[119.70278,23.61674],[119.70283,23.61671],[119.70284,23.61669],[119.70281,23.61667],[119.70275,23.61665],[119.7027,23.61665],[119.70267,23.61669],[119.70265,23.6167],[119.70261,23.61671],[119.70257,23.61669],[119.70252,23.61669],[119.70246,23.61672],[119.70244,23.61671],[119.70239,23.61669],[119.70235,23.6167],[119.70233,23.61672],[119.7023,23.61672],[119.70228,23.61666],[119.70225,23.61665],[119.7022,23.61664],[119.70217,23.61662],[119.70212,23.61659]]],[[[119.69953,23.61562],[119.69948,23.61562],[119.69946,23.61569],[119.69943,23.61572],[119.69938,23.61572],[119.69936,23.61575],[119.69935,23.61576],[119.69933,23.61573],[119.69931,23.61568],[119.69928,23.61569],[119.69925,23.61575],[119.69921,23.61576],[119.69919,23.61578],[119.69919,23.61583],[119.69914,23.61587],[119.69897,23.61609],[119.6989,23.61618],[119.69887,23.61618],[119.69886,23.61615],[119.69891,23.61609],[119.69902,23.61596],[119.69906,23.61586],[119.69905,23.61579],[119.69899,23.61574],[119.69892,23.61574],[119.69879,23.61575],[119.69878,23.61578],[119.69869,23.61578],[119.69867,23.61581],[119.69863,23.61584],[119.69859,23.61583],[119.69858,23.6158],[119.69854,23.61578],[119.69834,23.61578],[119.69831,23.61579],[119.69824,23.61586],[119.69817,23.61588],[119.69811,23.61592],[119.69803,23.61591],[119.698,23.6159],[119.69796,23.6159],[119.69792,23.61592],[119.69786,23.61592],[119.69783,23.61593],[119.69784,23.61597],[119.69781,23.61597],[119.69779,23.61596],[119.69776,23.61595],[119.69773,23.61597],[119.69773,23.61609],[119.6977,23.61609],[119.69769,23.61607],[119.69766,23.61606],[119.69761,23.61609],[119.69761,23.61614],[119.69765,23.6162],[119.69765,23.61627],[119.6977,23.61633],[119.69769,23.61648],[119.69771,23.6165],[119.69777,23.61648],[119.69785,23.61646],[119.69788,23.61647],[119.6979,23.6165],[119.69796,23.61661],[119.69797,23.61668],[119.698,23.61672],[119.69799,23.6168],[119.69803,23.61684],[119.69803,23.61691],[119.69802,23.61697],[119.69798,23.61702],[119.69798,23.61707],[119.69797,23.61711],[119.69798,23.61716],[119.69801,23.61718],[119.69808,23.61718],[119.69812,23.61722],[119.69817,23.61725],[119.69822,23.61733],[119.69827,23.61731],[119.6983,23.61731],[119.69836,23.61731],[119.69841,23.61728],[119.69846,23.61729],[119.69853,23.61731],[119.69859,23.61731],[119.69863,23.61734],[119.69867,23.61734],[119.69869,23.6173],[119.6987,23.61725],[119.69874,23.61721],[119.69874,23.61717],[119.69871,23.61712],[119.69871,23.61708],[119.69874,23.61705],[119.69875,23.61703],[119.69878,23.61704],[119.69883,23.61707],[119.69888,23.61708],[119.69892,23.61706],[119.69893,23.61701],[119.69898,23.61698],[119.69904,23.61692],[119.69905,23.61686],[119.69905,23.6168],[119.69901,23.61674],[119.69899,23.61673],[119.699,23.61668],[119.69906,23.61665],[119.6991,23.61657],[119.69915,23.61652],[119.69925,23.61643],[119.6993,23.61637],[119.69938,23.61635],[119.6994,23.61632],[119.69941,23.61624],[119.69951,23.61618],[119.6996,23.61611],[119.69973,23.61596],[119.69977,23.61591],[119.69978,23.61581],[119.69977,23.61575],[119.69973,23.61569],[119.69967,23.61567],[119.69965,23.61565],[119.69959,23.61562],[119.69953,23.61562]]],[[[119.70103,23.61589],[119.701,23.61589],[119.70097,23.61593],[119.70086,23.61599],[119.70079,23.61608],[119.70081,23.61618],[119.70085,23.61625],[119.70091,23.61626],[119.70096,23.61629],[119.70099,23.61633],[119.701,23.61634],[119.70104,23.61635],[119.70106,23.61631],[119.70109,23.6163],[119.70118,23.6163],[119.70127,23.61629],[119.70128,23.61626],[119.70135,23.61626],[119.70138,23.61623],[119.70136,23.61621],[119.70134,23.61619],[119.70133,23.61611],[119.70129,23.61609],[119.70124,23.61603],[119.70116,23.61598],[119.70109,23.61597],[119.70108,23.61592],[119.70104,23.61593],[119.70103,23.61589]]],[[[119.70004,23.61501],[119.69997,23.615],[119.69996,23.61501],[119.69991,23.61505],[119.69991,23.61509],[119.69992,23.61511],[119.69998,23.61512],[119.69999,23.61515],[119.69997,23.61518],[119.69998,23.61523],[119.70001,23.6153],[119.70005,23.61531],[119.70006,23.6154],[119.70004,23.61543],[119.69997,23.61541],[119.69995,23.61542],[119.69995,23.61547],[119.69998,23.61551],[119.70002,23.61552],[119.70007,23.61556],[119.70013,23.61558],[119.70018,23.61556],[119.70031,23.61556],[119.70037,23.61557],[119.70045,23.61558],[119.70047,23.61562],[119.70052,23.61562],[119.70053,23.61565],[119.70056,23.61568],[119.7006,23.6157],[119.70065,23.61569],[119.70063,23.61566],[119.70059,23.61565],[119.70059,23.61561],[119.70059,23.61558],[119.70063,23.61557],[119.70063,23.61555],[119.70058,23.61555],[119.70056,23.61554],[119.70057,23.61552],[119.70058,23.6155],[119.70059,23.61545],[119.7006,23.61539],[119.70057,23.61538],[119.70057,23.61536],[119.70058,23.61534],[119.70062,23.61534],[119.70064,23.61535],[119.70067,23.61539],[119.70069,23.61537],[119.70066,23.61532],[119.70057,23.61523],[119.70049,23.61517],[119.70039,23.61514],[119.70036,23.61511],[119.70032,23.6151],[119.70025,23.61512],[119.7002,23.61512],[119.70014,23.6151],[119.70012,23.61506],[119.70006,23.61506],[119.70004,23.61501]]],[[[119.67637,23.6026],[119.67624,23.60277],[119.6762,23.60284],[119.67611,23.60297],[119.67592,23.60322],[119.67577,23.60334],[119.67568,23.60334],[119.67564,23.60328],[119.67564,23.60321],[119.67568,23.60315],[119.67569,23.60309],[119.67562,23.60306],[119.67549,23.60315],[119.67545,23.60318],[119.67538,23.60318],[119.67527,23.60319],[119.6752,23.60322],[119.67519,23.6033],[119.67525,23.60336],[119.67525,23.60342],[119.67519,23.60344],[119.67506,23.60343],[119.67482,23.6034],[119.67455,23.60336],[119.67421,23.60333],[119.67392,23.60323],[119.67364,23.60298],[119.67355,23.6028],[119.6736,23.6026],[119.67354,23.60253],[119.67351,23.60254],[119.67344,23.60257],[119.67337,23.60257],[119.67333,23.6025],[119.67332,23.60241],[119.67321,23.60223],[119.6731,23.6022],[119.67304,23.60216],[119.673,23.60202],[119.67291,23.60203],[119.67285,23.60223],[119.67283,23.60237],[119.67284,23.60251],[119.67298,23.60275],[119.6732,23.60287],[119.67336,23.60296],[119.67342,23.60304],[119.67346,23.60311],[119.67355,23.60322],[119.67353,23.60328],[119.67347,23.6033],[119.67319,23.60331],[119.673,23.60339],[119.67295,23.60348],[119.67297,23.60358],[119.673,23.60372],[119.67293,23.60379],[119.67279,23.60378],[119.67269,23.60378],[119.67259,23.60379],[119.6725,23.60377],[119.67235,23.60379],[119.67228,23.60381],[119.67228,23.60393],[119.67227,23.60402],[119.67212,23.60405],[119.67203,23.60411],[119.67209,23.60416],[119.67231,23.60415],[119.67236,23.60421],[119.67247,23.60433],[119.67247,23.60439],[119.67236,23.60451],[119.67213,23.6046],[119.67196,23.60473],[119.67193,23.60482],[119.67196,23.60486],[119.6721,23.6049],[119.67223,23.60487],[119.67232,23.60478],[119.67247,23.60473],[119.67254,23.60475],[119.67258,23.60488],[119.67269,23.60493],[119.67278,23.60489],[119.67286,23.60471],[119.67296,23.60465],[119.67311,23.60465],[119.67318,23.60462],[119.67324,23.60462],[119.67328,23.60469],[119.67333,23.60473],[119.67342,23.6047],[119.67352,23.60465],[119.67367,23.60465],[119.6738,23.60467],[119.674,23.60465],[119.67436,23.60444],[119.67446,23.60436],[119.67453,23.60434],[119.67462,23.60439],[119.67469,23.60433],[119.67477,23.60433],[119.67482,23.60441],[119.67489,23.60445],[119.67498,23.60439],[119.67504,23.60444],[119.67512,23.60454],[119.6752,23.60456],[119.67528,23.6045],[119.67533,23.60449],[119.67538,23.60452],[119.67536,23.60461],[119.67531,23.60462],[119.67523,23.60465],[119.67516,23.60476],[119.67507,23.60478],[119.67497,23.60473],[119.67482,23.60466],[119.67458,23.60467],[119.67444,23.60465],[119.67436,23.60469],[119.67432,23.60464],[119.67423,23.60463],[119.67416,23.60476],[119.67407,23.60496],[119.67402,23.60513],[119.6739,23.60515],[119.67376,23.60515],[119.67371,23.60523],[119.67379,23.6053],[119.67394,23.60532],[119.67405,23.60531],[119.67418,23.60532],[119.67424,23.60532],[119.67426,23.60538],[119.6744,23.60534],[119.67454,23.60519],[119.6746,23.60517],[119.67464,23.60519],[119.67469,23.60527],[119.67479,23.60528],[119.67482,23.60521],[119.67482,23.605],[119.67486,23.60496],[119.67502,23.60497],[119.67521,23.60502],[119.67533,23.60509],[119.67535,23.60523],[119.67537,23.6053],[119.67548,23.6053],[119.67552,23.60526],[119.67561,23.60522],[119.67576,23.60515],[119.67589,23.60505],[119.67601,23.60496],[119.67605,23.60486],[119.67618,23.60483],[119.67629,23.6049],[119.67644,23.60494],[119.67661,23.60486],[119.67666,23.60475],[119.67675,23.60461],[119.67689,23.60461],[119.67696,23.60468],[119.67703,23.60472],[119.67728,23.60463],[119.67736,23.60452],[119.67734,23.60445],[119.67726,23.60435],[119.67723,23.60428],[119.67724,23.60418],[119.67729,23.60408],[119.67726,23.60405],[119.67719,23.60407],[119.67713,23.60416],[119.67703,23.60421],[119.67699,23.60416],[119.67702,23.60408],[119.67702,23.60401],[119.67697,23.60396],[119.6769,23.60398],[119.67684,23.60401],[119.67679,23.60396],[119.67676,23.60389],[119.67678,23.60383],[119.67677,23.60375],[119.67669,23.6037],[119.67646,23.60388],[119.6763,23.60399],[119.67616,23.60401],[119.67609,23.60404],[119.67607,23.60398],[119.67616,23.60391],[119.67623,23.60389],[119.67625,23.6038],[119.67631,23.60379],[119.67635,23.60383],[119.67639,23.60381],[119.67639,23.60375],[119.67637,23.6037],[119.67641,23.60366],[119.67642,23.60361],[119.67637,23.60359],[119.67631,23.60355],[119.67623,23.60357],[119.67617,23.60356],[119.67611,23.60359],[119.67607,23.60372],[119.67605,23.60378],[119.67599,23.60382],[119.67595,23.60388],[119.6759,23.60393],[119.67585,23.60396],[119.67576,23.60393],[119.67571,23.60385],[119.67559,23.60381],[119.67551,23.60381],[119.67551,23.60376],[119.67562,23.60375],[119.67573,23.60367],[119.67581,23.60365],[119.67587,23.60369],[119.67591,23.60374],[119.67597,23.60372],[119.67608,23.60354],[119.67614,23.60346],[119.67618,23.60341],[119.67616,23.60327],[119.6761,23.60336],[119.67606,23.6035],[119.67601,23.60349],[119.67597,23.60344],[119.67591,23.60347],[119.67587,23.60354],[119.67579,23.60353],[119.67578,23.60347],[119.67586,23.60341],[119.67594,23.60336],[119.67606,23.60326],[119.67615,23.60304],[119.67622,23.60298],[119.67625,23.60289],[119.67632,23.60282],[119.6764,23.60282],[119.67644,23.60278],[119.67647,23.60267],[119.67637,23.6026]]],[[[119.67487,23.60244],[119.67482,23.60247],[119.67481,23.6025],[119.67479,23.60253],[119.67474,23.60255],[119.67469,23.60256],[119.67467,23.60255],[119.6746,23.60254],[119.6745,23.60255],[119.67435,23.60257],[119.67431,23.60258],[119.67428,23.60261],[119.67423,23.60262],[119.67419,23.60263],[119.67414,23.60267],[119.67406,23.60273],[119.67403,23.60276],[119.674,23.60278],[119.67392,23.60282],[119.6739,23.60283],[119.67389,23.60287],[119.67389,23.6029],[119.67392,23.60292],[119.67398,23.60292],[119.67414,23.60287],[119.67419,23.60286],[119.67422,23.60285],[119.67428,23.60283],[119.6743,23.6028],[119.67436,23.6028],[119.6744,23.60281],[119.67441,23.60283],[119.67439,23.60286],[119.6744,23.60288],[119.67442,23.6029],[119.67468,23.60282],[119.67475,23.60276],[119.67483,23.60273],[119.67489,23.60269],[119.67489,23.60265],[119.67489,23.60261],[119.67491,23.60258],[119.67494,23.60252],[119.67493,23.60248],[119.67491,23.60245],[119.67487,23.60244]]],[[[119.67521,23.59841],[119.67517,23.59842],[119.67513,23.59843],[119.67507,23.5985],[119.67502,23.59855],[119.67497,23.59857],[119.6749,23.59858],[119.67487,23.59857],[119.67484,23.59856],[119.67481,23.59856],[119.67478,23.59859],[119.67478,23.59863],[119.67482,23.5987],[119.67488,23.59876],[119.67489,23.59881],[119.6749,23.59886],[119.67494,23.59901],[119.67497,23.59908],[119.67503,23.59921],[119.67503,23.59927],[119.67502,23.5993],[119.67499,23.59931],[119.67493,23.59932],[119.67486,23.59934],[119.67484,23.59938],[119.67484,23.59944],[119.67486,23.5995],[119.67488,23.59952],[119.67496,23.59958],[119.67503,23.59962],[119.67508,23.59967],[119.67508,23.59969],[119.67508,23.59981],[119.6751,23.59983],[119.67515,23.59987],[119.67526,23.59996],[119.67533,23.60008],[119.67545,23.60021],[119.67549,23.60021],[119.67554,23.6002],[119.67559,23.60018],[119.67563,23.60012],[119.67566,23.60008],[119.67571,23.60006],[119.67579,23.60007],[119.67587,23.60007],[119.67592,23.60005],[119.67595,23.60004],[119.676,23.59993],[119.67604,23.59986],[119.67607,23.59981],[119.67615,23.59979],[119.67622,23.59976],[119.67624,23.59973],[119.67624,23.5997],[119.67623,23.59967],[119.67618,23.59965],[119.67613,23.59963],[119.67612,23.5996],[119.67612,23.59958],[119.67613,23.59956],[119.67621,23.5995],[119.67623,23.59948],[119.67623,23.59946],[119.67623,23.59943],[119.67622,23.59941],[119.67617,23.5994],[119.67613,23.59942],[119.6761,23.59947],[119.67608,23.59952],[119.67606,23.59957],[119.67605,23.59955],[119.67605,23.59953],[119.6761,23.59942],[119.67611,23.59938],[119.67612,23.59934],[119.67611,23.59931],[119.6761,23.5993],[119.67603,23.59932],[119.67601,23.59932],[119.67597,23.59932],[119.67595,23.59932],[119.67587,23.59927],[119.67582,23.59925],[119.67568,23.59919],[119.67555,23.59913],[119.67552,23.59911],[119.6755,23.59908],[119.6755,23.59902],[119.6755,23.59889],[119.6755,23.5988],[119.67547,23.59877],[119.67543,23.59871],[119.67541,23.59868],[119.67538,23.59863],[119.67536,23.59855],[119.67534,23.5985],[119.67528,23.59842],[119.67521,23.59841]]],[[[119.67855,23.59822],[119.6785,23.59824],[119.67846,23.59827],[119.6783,23.59827],[119.6781,23.59826],[119.67799,23.59826],[119.67796,23.59825],[119.67791,23.59825],[119.67788,23.59828],[119.67787,23.59841],[119.67788,23.59848],[119.6779,23.59851],[119.678,23.5985],[119.67807,23.59849],[119.67812,23.59851],[119.67821,23.59862],[119.67839,23.59882],[119.67847,23.59882],[119.67856,23.59877],[119.6787,23.59865],[119.67878,23.59858],[119.6788,23.59855],[119.6788,23.59849],[119.6788,23.59844],[119.67882,23.59842],[119.67891,23.59841],[119.67895,23.59837],[119.67898,23.59834],[119.67906,23.59834],[119.67912,23.59838],[119.67917,23.59842],[119.67929,23.59843],[119.67932,23.59836],[119.6793,23.59829],[119.6792,23.59825],[119.67909,23.59825],[119.67899,23.59826],[119.6789,23.59832],[119.6788,23.59835],[119.67876,23.59836],[119.6787,23.59834],[119.67865,23.59825],[119.6786,23.59822],[119.67855,23.59822]]],[[[119.69374,23.5639],[119.69367,23.56393],[119.69361,23.56397],[119.6936,23.56403],[119.69361,23.56412],[119.6936,23.56418],[119.69356,23.56419],[119.69352,23.56418],[119.69344,23.56418],[119.69337,23.56416],[119.6933,23.56418],[119.69324,23.56418],[119.69313,23.56428],[119.69304,23.56433],[119.69295,23.56438],[119.69289,23.56441],[119.69282,23.56449],[119.69281,23.56453],[119.69281,23.56456],[119.69285,23.5646],[119.69288,23.56461],[119.69292,23.56461],[119.69295,23.56461],[119.69296,23.56462],[119.69297,23.56464],[119.69296,23.56469],[119.69294,23.56476],[119.69294,23.5648],[119.69297,23.56484],[119.69303,23.56484],[119.69307,23.56484],[119.69311,23.56483],[119.69315,23.5648],[119.69317,23.56479],[119.69321,23.56479],[119.69323,23.56479],[119.69324,23.5648],[119.69325,23.56482],[119.69326,23.56485],[119.69327,23.56487],[119.6933,23.56487],[119.6934,23.56484],[119.6935,23.56477],[119.69361,23.56467],[119.69366,23.56458],[119.69372,23.56451],[119.69377,23.56447],[119.69386,23.56447],[119.69392,23.56447],[119.69397,23.56449],[119.69404,23.56453],[119.6941,23.56455],[119.69416,23.56455],[119.69424,23.56451],[119.69433,23.56448],[119.69442,23.56444],[119.69451,23.56438],[119.69454,23.56435],[119.69455,23.56433],[119.69455,23.56429],[119.69451,23.56423],[119.69439,23.5641],[119.69424,23.564],[119.69408,23.56393],[119.69398,23.56391],[119.69385,23.56391],[119.69374,23.5639]]],[[[119.68906,23.56221],[119.689,23.56223],[119.68899,23.56225],[119.68899,23.56228],[119.68899,23.56234],[119.689,23.56237],[119.689,23.56239],[119.68899,23.5624],[119.68898,23.56241],[119.68892,23.56242],[119.6889,23.56244],[119.68887,23.56245],[119.68885,23.56249],[119.68885,23.56253],[119.68886,23.56258],[119.68891,23.56266],[119.68898,23.56271],[119.68903,23.56275],[119.68916,23.56283],[119.68923,23.56286],[119.68936,23.5629],[119.68942,23.56294],[119.68948,23.56302],[119.68955,23.56309],[119.68958,23.56311],[119.68964,23.5631],[119.68968,23.56306],[119.68969,23.56303],[119.68971,23.563],[119.68974,23.56297],[119.68977,23.56295],[119.68987,23.56291],[119.68994,23.56285],[119.68994,23.56281],[119.68993,23.56274],[119.68989,23.56269],[119.68981,23.56268],[119.68975,23.5627],[119.68969,23.56276],[119.68968,23.56278],[119.68964,23.56279],[119.68962,23.56279],[119.68959,23.56276],[119.68954,23.5627],[119.6895,23.56267],[119.68945,23.56267],[119.68941,23.56268],[119.68936,23.56269],[119.68933,23.56269],[119.68928,23.56267],[119.68923,23.56261],[119.68922,23.56259],[119.68921,23.56255],[119.6892,23.56246],[119.68918,23.56244],[119.68918,23.5624],[119.68917,23.56227],[119.68913,23.56222],[119.68906,23.56221]]],[[[119.72471,23.55718],[119.72469,23.55719],[119.72466,23.55722],[119.72463,23.55729],[119.72463,23.55734],[119.72459,23.55734],[119.72456,23.55738],[119.72452,23.55738],[119.72449,23.55742],[119.72441,23.55746],[119.72434,23.55748],[119.72433,23.55752],[119.72431,23.55758],[119.72427,23.5576],[119.72421,23.55761],[119.72416,23.55759],[119.72405,23.55756],[119.724,23.55753],[119.72394,23.55756],[119.7239,23.5576],[119.72384,23.55762],[119.72376,23.55759],[119.72371,23.55757],[119.72368,23.55757],[119.72367,23.5576],[119.72364,23.55762],[119.72359,23.5576],[119.72358,23.55756],[119.72358,23.55752],[119.72357,23.55748],[119.72354,23.55744],[119.72346,23.55743],[119.72343,23.55747],[119.72336,23.55747],[119.72332,23.55748],[119.72329,23.55752],[119.72324,23.55752],[119.72319,23.55752],[119.72317,23.55755],[119.72319,23.55756],[119.72321,23.5576],[119.7232,23.55764],[119.72316,23.55765],[119.72312,23.55766],[119.72312,23.55772],[119.72314,23.55779],[119.72313,23.55783],[119.72309,23.55784],[119.72301,23.55777],[119.72294,23.55768],[119.72287,23.55765],[119.72278,23.55766],[119.72274,23.55771],[119.72271,23.55778],[119.72277,23.55787],[119.72286,23.55795],[119.72293,23.55805],[119.72297,23.55813],[119.72297,23.5582],[119.72296,23.55824],[119.72294,23.55826],[119.72292,23.55821],[119.72289,23.55819],[119.72285,23.5582],[119.72284,23.55824],[119.7229,23.55832],[119.72294,23.55835],[119.723,23.55835],[119.72305,23.55836],[119.7231,23.55839],[119.72312,23.55844],[119.72315,23.55858],[119.7232,23.55866],[119.72327,23.55871],[119.7234,23.55874],[119.72351,23.55874],[119.72366,23.55877],[119.72375,23.55882],[119.72386,23.55887],[119.724,23.55894],[119.72405,23.55893],[119.72416,23.55887],[119.72431,23.5588],[119.72446,23.55875],[119.7245,23.55872],[119.72456,23.5587],[119.72459,23.55869],[119.72467,23.55869],[119.72474,23.5587],[119.7248,23.55872],[119.72488,23.55871],[119.72496,23.55873],[119.72504,23.55878],[119.72512,23.55887],[119.72516,23.55891],[119.72525,23.55891],[119.7253,23.55886],[119.72532,23.55872],[119.7254,23.55858],[119.72546,23.5585],[119.72553,23.55842],[119.72559,23.55836],[119.72559,23.55829],[119.72559,23.55814],[119.72556,23.55808],[119.72545,23.55794],[119.72539,23.55789],[119.72536,23.55785],[119.72536,23.55781],[119.72539,23.55769],[119.72539,23.55755],[119.72537,23.5575],[119.72531,23.55745],[119.72521,23.55741],[119.72514,23.55735],[119.72509,23.55723],[119.72504,23.55718],[119.72499,23.55718],[119.72496,23.55721],[119.72495,23.55725],[119.72489,23.55727],[119.72483,23.5573],[119.72478,23.55723],[119.72474,23.55719],[119.72473,23.55718],[119.72471,23.55718]]],[[[119.69595,23.55695],[119.69585,23.55699],[119.69574,23.55705],[119.69564,23.55707],[119.69558,23.55705],[119.69553,23.55702],[119.69549,23.557],[119.69545,23.55704],[119.69539,23.55705],[119.69535,23.55709],[119.69535,23.55716],[119.69536,23.55725],[119.69537,23.5573],[119.69536,23.55733],[119.69535,23.55735],[119.69528,23.55736],[119.69519,23.55736],[119.69513,23.55734],[119.69507,23.55731],[119.69503,23.5573],[119.69494,23.55729],[119.69486,23.55723],[119.69477,23.55721],[119.69472,23.55718],[119.69465,23.55715],[119.69458,23.55713],[119.69455,23.55711],[119.69452,23.55708],[119.69445,23.55707],[119.6943,23.55704],[119.69424,23.55706],[119.6942,23.55712],[119.69417,23.55716],[119.69411,23.55722],[119.6941,23.55726],[119.69409,23.55729],[119.69406,23.55733],[119.69405,23.55739],[119.69406,23.55742],[119.69409,23.55744],[119.69415,23.55745],[119.69421,23.55745],[119.69427,23.55742],[119.69431,23.55738],[119.69434,23.55735],[119.69438,23.55733],[119.69446,23.55734],[119.69455,23.55739],[119.69457,23.55742],[119.69457,23.5575],[119.69457,23.55754],[119.69455,23.55759],[119.69449,23.55764],[119.69441,23.55768],[119.69439,23.55772],[119.69438,23.55776],[119.69439,23.55779],[119.69442,23.55783],[119.69446,23.55786],[119.6945,23.55787],[119.69457,23.55787],[119.69465,23.55785],[119.69468,23.55782],[119.69469,23.55782],[119.69472,23.55783],[119.69474,23.55786],[119.69478,23.55789],[119.69482,23.55792],[119.69501,23.55795],[119.69515,23.55796],[119.69521,23.55795],[119.69525,23.55793],[119.6953,23.55791],[119.69537,23.5579],[119.69545,23.55788],[119.69554,23.55781],[119.69562,23.55773],[119.69566,23.5577],[119.6957,23.55762],[119.69571,23.55758],[119.69571,23.55754],[119.69571,23.55749],[119.6957,23.55745],[119.69567,23.5574],[119.69567,23.55738],[119.69568,23.55735],[119.69571,23.55733],[119.69575,23.55731],[119.69591,23.55729],[119.69606,23.55731],[119.69611,23.5573],[119.69614,23.55725],[119.69614,23.5572],[119.69614,23.55715],[119.69604,23.55698],[119.696,23.55696],[119.69595,23.55695]]],[[[119.52619,23.65464],[119.52611,23.65468],[119.52601,23.65482],[119.52593,23.6549],[119.52586,23.65497],[119.52584,23.65503],[119.52583,23.65509],[119.52585,23.65519],[119.52612,23.6556],[119.52625,23.65582],[119.52633,23.65594],[119.52632,23.65603],[119.52626,23.65609],[119.52614,23.65613],[119.52595,23.65616],[119.52585,23.65623],[119.52578,23.65626],[119.52567,23.65632],[119.52557,23.65637],[119.52553,23.65638],[119.52549,23.65638],[119.52545,23.65636],[119.52543,23.65628],[119.52545,23.65616],[119.52548,23.65604],[119.52552,23.65597],[119.52555,23.65592],[119.52553,23.65587],[119.52553,23.65581],[119.52551,23.65578],[119.52546,23.65576],[119.52539,23.65578],[119.52533,23.65583],[119.52522,23.65607],[119.52519,23.65609],[119.52517,23.6561],[119.52514,23.6561],[119.5251,23.65608],[119.52503,23.65605],[119.52496,23.65605],[119.52491,23.65606],[119.52487,23.6561],[119.52487,23.65615],[119.52487,23.65631],[119.5248,23.65644],[119.52472,23.65663],[119.52466,23.65693],[119.52468,23.65711],[119.52475,23.65726],[119.52479,23.65729],[119.52484,23.65736],[119.52488,23.65742],[119.52491,23.65744],[119.52494,23.65743],[119.52498,23.65738],[119.52503,23.65732],[119.52508,23.65723],[119.52512,23.65722],[119.52518,23.65723],[119.52526,23.65729],[119.52532,23.65734],[119.5254,23.65735],[119.52549,23.65734],[119.52555,23.65726],[119.52562,23.6571],[119.52569,23.65702],[119.52575,23.65699],[119.52586,23.657],[119.52594,23.65703],[119.526,23.65704],[119.52606,23.65702],[119.52614,23.65694],[119.52617,23.65691],[119.52622,23.65688],[119.52629,23.65688],[119.52634,23.65691],[119.52642,23.65697],[119.52647,23.65704],[119.52652,23.65717],[119.52659,23.65719],[119.5267,23.65719],[119.52681,23.65716],[119.52687,23.65712],[119.52695,23.65711],[119.52711,23.65709],[119.52723,23.65705],[119.52729,23.65699],[119.52729,23.65686],[119.5273,23.65677],[119.52735,23.65667],[119.52741,23.65662],[119.52741,23.65657],[119.52737,23.65648],[119.52718,23.6561],[119.52711,23.65596],[119.5268,23.65547],[119.52672,23.65525],[119.52673,23.65517],[119.52676,23.65513],[119.52686,23.65507],[119.52689,23.655],[119.52689,23.65491],[119.52685,23.65486],[119.52672,23.6548],[119.52659,23.6548],[119.52651,23.65478],[119.52645,23.65474],[119.52632,23.65466],[119.52619,23.65464]]],[[[119.5387,23.64321],[119.53863,23.64323],[119.53855,23.64336],[119.53854,23.64344],[119.53856,23.6435],[119.53856,23.64356],[119.53856,23.6436],[119.53852,23.64365],[119.53847,23.64365],[119.53829,23.64361],[119.53818,23.64359],[119.53804,23.64357],[119.53797,23.64359],[119.53791,23.64366],[119.5379,23.64372],[119.53791,23.64378],[119.53803,23.64384],[119.53812,23.64388],[119.5383,23.64388],[119.53847,23.64388],[119.53862,23.64391],[119.53876,23.64401],[119.53893,23.644],[119.53897,23.64398],[119.53898,23.64383],[119.53898,23.64364],[119.53896,23.64352],[119.53897,23.64346],[119.53899,23.64338],[119.53896,23.6433],[119.53886,23.64323],[119.5387,23.64321]]],[[[119.5388,23.64152],[119.53875,23.64152],[119.53869,23.64153],[119.5386,23.64157],[119.53852,23.6416],[119.53839,23.64164],[119.53834,23.64168],[119.5383,23.64172],[119.53822,23.64182],[119.5382,23.64186],[119.53821,23.64197],[119.53829,23.64207],[119.53829,23.64214],[119.53831,23.64226],[119.53836,23.64233],[119.53842,23.64236],[119.53847,23.64237],[119.53861,23.64245],[119.53873,23.64244],[119.53885,23.64241],[119.53907,23.64228],[119.53922,23.64209],[119.53931,23.64196],[119.53933,23.64193],[119.53938,23.64191],[119.53943,23.64191],[119.53946,23.6419],[119.53946,23.64188],[119.53946,23.64186],[119.53942,23.64166],[119.53933,23.64156],[119.5392,23.64151],[119.5388,23.64152]]],[[[119.53895,23.64044],[119.53889,23.64047],[119.53886,23.64048],[119.53882,23.64067],[119.53883,23.64082],[119.5389,23.64098],[119.53894,23.64099],[119.53905,23.641],[119.53911,23.64095],[119.53928,23.64077],[119.53934,23.64067],[119.53935,23.64063],[119.53917,23.6405],[119.53911,23.64049],[119.53898,23.64044],[119.53895,23.64044]]],[[[119.55142,23.5942],[119.55139,23.59421],[119.55137,23.59424],[119.55137,23.59428],[119.55138,23.5943],[119.5514,23.59434],[119.55142,23.59437],[119.55142,23.59442],[119.55141,23.5945],[119.55141,23.59455],[119.55144,23.59461],[119.55146,23.59465],[119.55149,23.59474],[119.55153,23.59482],[119.55158,23.59487],[119.55166,23.59488],[119.55167,23.59486],[119.5517,23.59478],[119.55171,23.59464],[119.5517,23.59453],[119.55166,23.59445],[119.55159,23.59439],[119.55154,23.59435],[119.55145,23.59422],[119.55142,23.5942]]],[[[119.54021,23.5802],[119.54017,23.5802],[119.54015,23.58021],[119.54014,23.58026],[119.54015,23.5803],[119.54019,23.58041],[119.5402,23.58047],[119.54021,23.5805],[119.54026,23.58051],[119.54031,23.58051],[119.54035,23.58051],[119.54039,23.58054],[119.54046,23.58055],[119.54051,23.58055],[119.54052,23.58053],[119.54053,23.58051],[119.54052,23.58046],[119.54045,23.58042],[119.54041,23.58041],[119.54031,23.58029],[119.54021,23.5802]]],[[[119.58814,23.59476],[119.58806,23.5948],[119.58799,23.59484],[119.58793,23.59485],[119.58776,23.5949],[119.58757,23.59491],[119.58752,23.59494],[119.58747,23.59505],[119.58741,23.59512],[119.58741,23.59518],[119.58755,23.59531],[119.58762,23.59538],[119.58764,23.59542],[119.58765,23.59546],[119.5876,23.59554],[119.5876,23.59557],[119.58767,23.59561],[119.58778,23.59565],[119.5879,23.59567],[119.58802,23.59572],[119.58807,23.59575],[119.58808,23.59577],[119.58807,23.59578],[119.58804,23.59579],[119.58801,23.59581],[119.58801,23.59583],[119.58803,23.59585],[119.58817,23.59586],[119.58831,23.59589],[119.58836,23.59593],[119.58844,23.596],[119.5885,23.59603],[119.58859,23.59604],[119.58867,23.59612],[119.5887,23.59613],[119.58871,23.59615],[119.58875,23.59616],[119.5888,23.59618],[119.58885,23.59623],[119.58888,23.59628],[119.58889,23.59639],[119.58888,23.59646],[119.58891,23.59648],[119.589,23.5964],[119.58905,23.59637],[119.58916,23.59638],[119.58925,23.59641],[119.58939,23.5964],[119.58945,23.59634],[119.58945,23.5963],[119.5894,23.59618],[119.58934,23.59609],[119.58923,23.596],[119.58907,23.59591],[119.58897,23.59588],[119.5889,23.59584],[119.5888,23.59576],[119.58874,23.5957],[119.58862,23.59559],[119.58852,23.59549],[119.58849,23.59543],[119.58842,23.59526],[119.58835,23.59501],[119.58833,23.59488],[119.58825,23.59479],[119.58821,23.59476],[119.58814,23.59476]]],[[[119.54179,23.55279],[119.54173,23.55282],[119.54169,23.5529],[119.54164,23.55293],[119.5416,23.55295],[119.54154,23.55295],[119.54143,23.55294],[119.54135,23.55296],[119.54131,23.55299],[119.54131,23.55302],[119.5413,23.55304],[119.54131,23.55307],[119.54134,23.5531],[119.54139,23.55313],[119.54147,23.55316],[119.54151,23.55322],[119.54154,23.55329],[119.54154,23.55341],[119.54153,23.55347],[119.54145,23.55355],[119.54138,23.55362],[119.54135,23.55371],[119.54134,23.55384],[119.5414,23.55392],[119.5415,23.55393],[119.54158,23.55387],[119.5416,23.55384],[119.54164,23.55382],[119.54166,23.55385],[119.54168,23.55389],[119.54167,23.55396],[119.54164,23.55405],[119.54165,23.55412],[119.54169,23.55418],[119.54172,23.55424],[119.54179,23.55428],[119.54182,23.55435],[119.54181,23.55446],[119.5418,23.55452],[119.54172,23.55456],[119.54159,23.55459],[119.5414,23.55464],[119.54126,23.55467],[119.54126,23.55478],[119.54131,23.5549],[119.54136,23.55497],[119.54146,23.55507],[119.54154,23.55512],[119.5417,23.55514],[119.5418,23.55511],[119.54195,23.55507],[119.54203,23.55505],[119.54219,23.55503],[119.54233,23.55497],[119.54239,23.55494],[119.54243,23.55491],[119.54252,23.55492],[119.5426,23.55498],[119.54266,23.55505],[119.54272,23.55517],[119.54278,23.55533],[119.54284,23.55536],[119.54293,23.55536],[119.54299,23.55528],[119.54298,23.55519],[119.54293,23.5551],[119.54285,23.55503],[119.54281,23.55498],[119.5428,23.55491],[119.5429,23.55476],[119.54307,23.55458],[119.54323,23.55434],[119.54327,23.55419],[119.54329,23.55407],[119.54329,23.55384],[119.54325,23.55353],[119.54318,23.55342],[119.54308,23.5533],[119.54293,23.55321],[119.54263,23.55311],[119.54248,23.55305],[119.54238,23.55302],[119.54222,23.55298],[119.54212,23.55293],[119.54207,23.55286],[119.54198,23.55281],[119.54179,23.55279]]],[[[119.54136,23.55411],[119.54127,23.55411],[119.54124,23.55413],[119.54123,23.55416],[119.54122,23.55421],[119.54121,23.55424],[119.54123,23.55426],[119.54128,23.55425],[119.54133,23.55424],[119.54137,23.55424],[119.54142,23.55426],[119.54148,23.55429],[119.54153,23.55429],[119.54157,23.55428],[119.54161,23.55424],[119.54161,23.55421],[119.5416,23.55418],[119.54156,23.55416],[119.54146,23.55412],[119.54136,23.55411]]],[[[119.53255,23.53872],[119.53245,23.53881],[119.53239,23.53888],[119.53233,23.53893],[119.53227,23.539],[119.53216,23.53908],[119.53205,23.53913],[119.53195,23.53919],[119.53179,23.53931],[119.53175,23.53937],[119.53171,23.53946],[119.53163,23.53957],[119.53159,23.5396],[119.53152,23.53969],[119.53151,23.53975],[119.53151,23.53982],[119.53151,23.53992],[119.53152,23.53999],[119.53158,23.54009],[119.53165,23.54021],[119.53169,23.54026],[119.5317,23.54036],[119.53171,23.54059],[119.53164,23.54073],[119.53152,23.54086],[119.53144,23.54093],[119.53135,23.54097],[119.53119,23.54098],[119.53104,23.54098],[119.5309,23.541],[119.53078,23.54102],[119.53069,23.54107],[119.53061,23.54115],[119.5305,23.54117],[119.53034,23.54118],[119.53022,23.54116],[119.53012,23.5412],[119.53009,23.54123],[119.53009,23.54132],[119.53011,23.54137],[119.53021,23.54142],[119.53028,23.54143],[119.53043,23.54144],[119.53052,23.54147],[119.53065,23.54154],[119.53081,23.54162],[119.53091,23.54164],[119.53105,23.54164],[119.53113,23.54159],[119.53124,23.54155],[119.53135,23.54153],[119.53143,23.54157],[119.53169,23.54157],[119.53177,23.5416],[119.53197,23.5416],[119.53204,23.54161],[119.53213,23.54168],[119.53226,23.54174],[119.53238,23.54177],[119.53253,23.54185],[119.53259,23.54186],[119.53277,23.54194],[119.53284,23.54197],[119.53292,23.54197],[119.53302,23.54194],[119.53309,23.54188],[119.53313,23.54181],[119.53333,23.54168],[119.53345,23.54155],[119.53354,23.54138],[119.53357,23.54121],[119.53356,23.54106],[119.5335,23.5409],[119.53342,23.54077],[119.53331,23.54063],[119.53324,23.54056],[119.53318,23.54047],[119.53318,23.54027],[119.53319,23.54002],[119.53324,23.53986],[119.53334,23.53969],[119.53342,23.53957],[119.53343,23.53947],[119.5334,23.53936],[119.53335,23.53916],[119.5333,23.53903],[119.53322,23.53889],[119.53317,23.53885],[119.53312,23.53887],[119.53301,23.53889],[119.53293,23.53887],[119.53286,23.53883],[119.53271,23.53878],[119.53266,23.53875],[119.53263,23.53872],[119.53255,23.53872]]],[[[119.52872,23.5408],[119.52862,23.54081],[119.52855,23.54084],[119.52852,23.5409],[119.52852,23.54095],[119.52854,23.54099],[119.52862,23.54101],[119.52869,23.54103],[119.52874,23.54107],[119.52877,23.5411],[119.52878,23.54113],[119.52877,23.54114],[119.52872,23.54115],[119.52865,23.54113],[119.52858,23.54113],[119.52849,23.54115],[119.52846,23.54119],[119.52845,23.54123],[119.52847,23.54127],[119.5287,23.54146],[119.52876,23.54147],[119.52893,23.54143],[119.52907,23.54143],[119.52914,23.54144],[119.52924,23.54144],[119.52926,23.54141],[119.52926,23.54138],[119.52922,23.54132],[119.52909,23.54121],[119.52904,23.54116],[119.52901,23.54115],[119.52898,23.54112],[119.52891,23.54095],[119.52889,23.54085],[119.52883,23.54084],[119.52872,23.5408]]],[[[119.5295,23.54102],[119.52947,23.54103],[119.52943,23.54106],[119.52942,23.54108],[119.52942,23.54114],[119.52944,23.54116],[119.52945,23.54122],[119.52945,23.54126],[119.52943,23.54129],[119.52943,23.54131],[119.52944,23.54134],[119.52949,23.54135],[119.52952,23.54136],[119.52955,23.54134],[119.52956,23.54132],[119.52957,23.54121],[119.52957,23.54116],[119.52958,23.54111],[119.52957,23.54107],[119.52955,23.54106],[119.52952,23.54102],[119.5295,23.54102]]],[[[119.52426,23.53999],[119.52427,23.54],[119.52437,23.54006],[119.5244,23.54006],[119.52446,23.54007],[119.52457,23.54008],[119.5246,23.5401],[119.52468,23.5401],[119.52475,23.54008],[119.52478,23.5401],[119.52478,23.54012],[119.52473,23.54017],[119.52472,23.54019],[119.52474,23.54023],[119.52479,23.54025],[119.52483,23.54026],[119.52508,23.54026],[119.52512,23.54029],[119.52518,23.54035],[119.52522,23.54037],[119.52531,23.54037],[119.52539,23.54036],[119.52545,23.54038],[119.52552,23.54043],[119.52557,23.54044],[119.52562,23.54044],[119.52566,23.5404],[119.52566,23.54036],[119.52566,23.54032],[119.52567,23.54029],[119.52571,23.54026],[119.52574,23.54024],[119.52585,23.54023],[119.52591,23.5402],[119.52593,23.54014],[119.52593,23.54007],[119.52589,23.54003],[119.52586,23.54],[119.52582,23.54001],[119.52579,23.54003],[119.52573,23.54007],[119.52572,23.54011],[119.52572,23.54013],[119.5257,23.54015],[119.52568,23.54016],[119.52562,23.54016],[119.52556,23.54019],[119.52553,23.54021],[119.52551,23.54021],[119.52548,23.5402],[119.52544,23.54019],[119.52539,23.54021],[119.52535,23.54021],[119.52532,23.54021],[119.5253,23.54019],[119.52529,23.54012],[119.52531,23.54008],[119.52534,23.54004],[119.52535,23.54001],[119.52535,23.53998],[119.52533,23.53995],[119.5253,23.53993],[119.52524,23.53993],[119.52517,23.53992],[119.52507,23.53986],[119.52501,23.53985],[119.52497,23.53985],[119.52496,23.53987],[119.52495,23.5399],[119.52495,23.53994],[119.52494,23.53994],[119.52493,23.53994],[119.52491,23.53992],[119.5249,23.53989],[119.52487,23.53985],[119.52484,23.53983],[119.52481,23.53983],[119.52476,23.53985],[119.52471,23.53989],[119.52468,23.5399],[119.52463,23.5399],[119.52459,23.53989],[119.52455,23.53986],[119.52451,23.53983],[119.52447,23.5398],[119.52436,23.53978],[119.52429,23.53978],[119.52424,23.53982],[119.52423,23.53985],[119.52421,23.53989],[119.52423,23.53994],[119.52426,23.53999]]],[[[119.5192,23.50874],[119.51911,23.50875],[119.51901,23.50878],[119.51867,23.50884],[119.51852,23.50886],[119.51841,23.50889],[119.51825,23.50897],[119.51818,23.50898],[119.51766,23.50898],[119.51739,23.50899],[119.51691,23.50898],[119.51675,23.50893],[119.51657,23.50891],[119.51629,23.50897],[119.51588,23.50909],[119.51573,23.50914],[119.51545,23.50927],[119.51537,23.50933],[119.51531,23.50933],[119.51525,23.50927],[119.51516,23.5092],[119.51508,23.50919],[119.515,23.50921],[119.51498,23.50925],[119.51498,23.50931],[119.51502,23.50932],[119.51504,23.50936],[119.51502,23.50943],[119.51498,23.50948],[119.51491,23.50954],[119.51487,23.50959],[119.5148,23.50961],[119.51472,23.5096],[119.51468,23.50956],[119.51459,23.50946],[119.5145,23.50942],[119.51443,23.50942],[119.5144,23.50948],[119.51433,23.50962],[119.51431,23.50978],[119.51433,23.50998],[119.51439,23.51008],[119.51447,23.5102],[119.51453,23.51038],[119.51456,23.51051],[119.51463,23.51067],[119.51473,23.51087],[119.51483,23.51097],[119.51497,23.51111],[119.51506,23.51119],[119.51514,23.51131],[119.51519,23.51141],[119.51526,23.51154],[119.5153,23.51162],[119.51539,23.51177],[119.5155,23.5119],[119.51556,23.51197],[119.51566,23.51207],[119.51576,23.51216],[119.51582,23.51228],[119.51589,23.51245],[119.51594,23.51259],[119.51598,23.51277],[119.51601,23.51294],[119.51602,23.51306],[119.51606,23.51311],[119.51608,23.5132],[119.51607,23.51333],[119.51603,23.51346],[119.51605,23.51355],[119.51619,23.51399],[119.51624,23.51418],[119.51625,23.5143],[119.51623,23.51435],[119.51611,23.51435],[119.51603,23.51436],[119.51601,23.51442],[119.51604,23.51445],[119.51608,23.51446],[119.51608,23.5145],[119.51606,23.51455],[119.51603,23.5146],[119.51603,23.51467],[119.5161,23.51472],[119.51618,23.51474],[119.51634,23.51474],[119.51659,23.51472],[119.51675,23.51474],[119.51683,23.51477],[119.51695,23.51477],[119.51708,23.51476],[119.51718,23.5147],[119.51722,23.51462],[119.51725,23.51447],[119.5173,23.51432],[119.51735,23.51419],[119.51739,23.51413],[119.51749,23.51404],[119.51756,23.51399],[119.51757,23.51391],[119.5176,23.51375],[119.51763,23.5137],[119.51774,23.51363],[119.51792,23.51353],[119.51851,23.51321],[119.51908,23.51315],[119.51907,23.51305],[119.51857,23.5131],[119.51819,23.51331],[119.51798,23.51341],[119.5179,23.51325],[119.51759,23.51275],[119.51758,23.51271],[119.51816,23.5124],[119.5184,23.51227],[119.51855,23.51223],[119.51869,23.5122],[119.51893,23.51221],[119.51911,23.5122],[119.51944,23.51225],[119.51959,23.51226],[119.5197,23.5123],[119.51981,23.51236],[119.51992,23.51242],[119.52004,23.51252],[119.52019,23.51265],[119.52043,23.51294],[119.52056,23.51313],[119.52058,23.51323],[119.52063,23.51339],[119.52069,23.51351],[119.5208,23.5137],[119.52086,23.51381],[119.52084,23.51406],[119.52077,23.51408],[119.52066,23.51411],[119.5205,23.51415],[119.52036,23.51418],[119.52028,23.51409],[119.52001,23.51371],[119.51996,23.51365],[119.51975,23.51362],[119.51931,23.51357],[119.51918,23.51355],[119.51917,23.51368],[119.51929,23.51369],[119.51969,23.51375],[119.51993,23.51378],[119.52,23.51382],[119.52015,23.51407],[119.52028,23.51427],[119.52043,23.51427],[119.52043,23.51436],[119.52044,23.51443],[119.52047,23.51451],[119.52049,23.51453],[119.52048,23.51456],[119.52033,23.51457],[119.52021,23.51461],[119.52012,23.51472],[119.52005,23.51484],[119.52003,23.51496],[119.52005,23.51513],[119.52008,23.51521],[119.52023,23.51526],[119.52032,23.51527],[119.52038,23.51524],[119.52046,23.51512],[119.5205,23.51505],[119.52057,23.51501],[119.52079,23.51502],[119.52084,23.51505],[119.52102,23.51506],[119.52107,23.51503],[119.52117,23.51492],[119.5213,23.5149],[119.52144,23.51488],[119.52154,23.51485],[119.5216,23.51479],[119.5217,23.51461],[119.52175,23.51447],[119.52179,23.51434],[119.52181,23.51416],[119.52179,23.51402],[119.52179,23.51391],[119.52176,23.51365],[119.52174,23.51344],[119.52173,23.51329],[119.52174,23.51306],[119.52173,23.51278],[119.52174,23.51269],[119.52178,23.51255],[119.52184,23.51222],[119.52187,23.51198],[119.52186,23.5117],[119.52187,23.5116],[119.52185,23.51139],[119.52184,23.51121],[119.52186,23.51104],[119.52192,23.51084],[119.52197,23.51065],[119.52199,23.51042],[119.52201,23.51028],[119.52201,23.5101],[119.52198,23.50996],[119.5219,23.50981],[119.52179,23.5097],[119.5216,23.50958],[119.52143,23.5095],[119.52122,23.50941],[119.52079,23.50925],[119.5205,23.50913],[119.52031,23.50907],[119.52017,23.50902],[119.52009,23.50898],[119.51987,23.5089],[119.51968,23.50885],[119.51957,23.50876],[119.5192,23.50874]]],[[[119.5117,23.483],[119.51135,23.48304],[119.51097,23.48313],[119.5106,23.48335],[119.51021,23.48369],[119.50985,23.48389],[119.50958,23.48409],[119.50921,23.48466],[119.50892,23.48548],[119.50889,23.48587],[119.50892,23.48639],[119.50912,23.4869],[119.50938,23.48749],[119.50958,23.48784],[119.50978,23.48832],[119.50976,23.48874],[119.50954,23.48946],[119.50945,23.48993],[119.50948,23.49052],[119.50965,23.49102],[119.51005,23.49129],[119.51056,23.4915],[119.51129,23.4915],[119.51226,23.4913],[119.51272,23.49093],[119.51274,23.49072],[119.51264,23.49045],[119.51261,23.49005],[119.51279,23.48976],[119.51312,23.48936],[119.51332,23.48893],[119.5135,23.48846],[119.51353,23.48802],[119.51358,23.48773],[119.51373,23.48759],[119.51405,23.48749],[119.51408,23.48739],[119.51395,23.48746],[119.51374,23.4875],[119.51373,23.48735],[119.51383,23.48715],[119.514,23.48696],[119.51408,23.48709],[119.5142,23.48717],[119.51417,23.48702],[119.51407,23.48687],[119.51434,23.48671],[119.51506,23.48639],[119.51535,23.48632],[119.5157,23.48673],[119.51668,23.48798],[119.51672,23.48789],[119.51599,23.48691],[119.51655,23.48652],[119.51688,23.48652],[119.51711,23.48655],[119.51753,23.48687],[119.51769,23.48717],[119.51765,23.48732],[119.51662,23.48823],[119.51639,23.48835],[119.51604,23.48815],[119.51596,23.48829],[119.51648,23.48858],[119.51665,23.48851],[119.51758,23.48764],[119.51783,23.48755],[119.51807,23.48766],[119.51914,23.48862],[119.52048,23.48989],[119.52064,23.49007],[119.52071,23.49027],[119.52086,23.49048],[119.5209,23.49091],[119.52078,23.49127],[119.52054,23.49149],[119.52046,23.49183],[119.52068,23.49222],[119.52094,23.49227],[119.52117,23.49233],[119.52149,23.49257],[119.52165,23.49257],[119.52186,23.49269],[119.52201,23.4926],[119.52181,23.49254],[119.52177,23.49245],[119.52201,23.49244],[119.52226,23.49238],[119.52287,23.49243],[119.52334,23.49267],[119.52385,23.49289],[119.52416,23.49294],[119.52447,23.4929],[119.52479,23.49298],[119.52506,23.4929],[119.52536,23.49276],[119.52594,23.49293],[119.52649,23.49325],[119.52682,23.49349],[119.52697,23.49378],[119.52738,23.49404],[119.52761,23.49459],[119.52804,23.49504],[119.52834,23.49525],[119.52862,23.49537],[119.5289,23.49552],[119.5293,23.49584],[119.52994,23.49596],[119.53063,23.49597],[119.53133,23.49602],[119.53181,23.49605],[119.53205,23.49612],[119.53249,23.49626],[119.53308,23.49626],[119.53356,23.49604],[119.53399,23.4959],[119.53437,23.49585],[119.53469,23.49589],[119.535,23.49596],[119.5354,23.49611],[119.53594,23.49641],[119.53628,23.49669],[119.53655,23.49719],[119.53672,23.49761],[119.53698,23.49791],[119.53741,23.4981],[119.53774,23.49804],[119.53829,23.49772],[119.53872,23.49736],[119.5395,23.4969],[119.54009,23.49654],[119.54071,23.49625],[119.54114,23.49604],[119.5417,23.49559],[119.54232,23.49536],[119.54287,23.49522],[119.54348,23.49498],[119.54378,23.49449],[119.54383,23.49413],[119.54372,23.49382],[119.54353,23.49365],[119.54312,23.49347],[119.5425,23.49339],[119.54168,23.49319],[119.54121,23.49309],[119.53989,23.49309],[119.5393,23.49298],[119.53863,23.49274],[119.53776,23.4924],[119.53683,23.49197],[119.53623,23.49156],[119.53539,23.49104],[119.53521,23.49092],[119.53454,23.4905],[119.53356,23.48981],[119.53219,23.48889],[119.53127,23.48829],[119.53062,23.48777],[119.52954,23.48712],[119.52855,23.48663],[119.52835,23.48659],[119.52771,23.48649],[119.52733,23.48659],[119.52665,23.48648],[119.52609,23.48653],[119.52548,23.48662],[119.52442,23.48655],[119.52392,23.48649],[119.52349,23.48641],[119.5228,23.48628],[119.52225,23.4861],[119.52177,23.486],[119.52138,23.48582],[119.52103,23.48566],[119.52036,23.48552],[119.51997,23.48539],[119.51956,23.48546],[119.51914,23.4855],[119.51884,23.48558],[119.51861,23.4857],[119.5181,23.48561],[119.51745,23.48552],[119.51701,23.48536],[119.51659,23.48513],[119.51561,23.48492],[119.51503,23.48468],[119.51482,23.48444],[119.51455,23.48389],[119.51426,23.48357],[119.51377,23.48342],[119.51335,23.48335],[119.51277,23.48332],[119.51241,23.48326],[119.51199,23.48305],[119.5117,23.483]]],[[[119.58096,23.66155],[119.56896,23.66079],[119.5637,23.65173],[119.55643,23.65596],[119.54215,23.64258],[119.54303,23.63792],[119.53741,23.63328],[119.52417,23.62962],[119.5217,23.63133],[119.52097,23.621],[119.52006,23.61005],[119.51982,23.59499],[119.51403,23.59378],[119.51326,23.57986],[119.51493,23.5746],[119.51721,23.56804],[119.50848,23.56535],[119.49605,23.56812],[119.4819,23.56442],[119.46909,23.56038],[119.47357,23.56697],[119.48109,23.57501],[119.48719,23.5721],[119.49613,23.5721],[119.49909,23.57411],[119.50331,23.58246],[119.50349,23.58895],[119.49259,23.59428],[119.4942,23.59686],[119.49411,23.6008],[119.49752,23.5968],[119.50403,23.59954],[119.50216,23.60386],[119.50502,23.60776],[119.50862,23.61333],[119.50404,23.61543],[119.50012,23.62093],[119.50215,23.63093],[119.50874,23.63948],[119.51157,23.64659],[119.5138,23.64774],[119.51765,23.64885],[119.51758,23.65193],[119.51455,23.65557],[119.52031,23.65553],[119.52409,23.65282],[119.51954,23.64675],[119.52363,23.64324],[119.52771,23.64059],[119.536,23.63905],[119.54805,23.65089],[119.55254,23.66389],[119.56255,23.67082],[119.57055,23.67209],[119.57766,23.6744],[119.58619,23.67513],[119.59788,23.67453],[119.60436,23.66761],[119.60859,23.66296],[119.61,23.65424],[119.60973,23.64932],[119.60129,23.64806],[119.60217,23.64206],[119.5985,23.63732],[119.60473,23.6342],[119.61006,23.63452],[119.60419,23.63063],[119.60347,23.62688],[119.61325,23.62025],[119.61112,23.61164],[119.61496,23.60361],[119.61695,23.60052],[119.62153,23.60658],[119.6286,23.60642],[119.63149,23.60399],[119.62523,23.60034],[119.62501,23.59341],[119.62572,23.58408],[119.62837,23.58003],[119.63236,23.58658],[119.6332,23.59568],[119.64005,23.59858],[119.63783,23.59115],[119.64289,23.58822],[119.64316,23.59403],[119.64615,23.59671],[119.65066,23.60786],[119.65104,23.60987],[119.65711,23.60495],[119.65563,23.59866],[119.66005,23.59396],[119.6665,23.59055],[119.66951,23.59646],[119.67209,23.60069],[119.67837,23.58905],[119.6809,23.5784],[119.68267,23.56947],[119.69056,23.56289],[119.69191,23.56144],[119.69374,23.55909],[119.69494,23.55412],[119.68625,23.55333],[119.67426,23.55451],[119.6693,23.56186],[119.64571,23.56034],[119.63448,23.54857],[119.62977,23.54781],[119.62162,23.54273],[119.61399,23.53785],[119.60724,23.52977],[119.6054,23.5243],[119.61124,23.51888],[119.60784,23.51144],[119.60133,23.50965],[119.59651,23.51269],[119.58739,23.51077],[119.58059,23.50917],[119.57181,23.50866],[119.57361,23.51904],[119.56002,23.52397],[119.5519,23.53316],[119.54769,23.53955],[119.54151,23.54259],[119.5422,23.54794],[119.54649,23.54837],[119.5496,23.54964],[119.54977,23.54134],[119.55667,23.53813],[119.55453,23.53119],[119.56259,23.52924],[119.56776,23.53124],[119.57383,23.5279],[119.57355,23.52194],[119.57917,23.52395],[119.58035,23.53026],[119.58871,23.53024],[119.59611,23.52674],[119.59777,23.53277],[119.59692,23.53883],[119.60033,23.54554],[119.5995,23.55026],[119.59589,23.54887],[119.59203,23.55345],[119.58686,23.551],[119.57818,23.54815],[119.56815,23.54986],[119.56274,23.55763],[119.57518,23.55538],[119.57522,23.55986],[119.57144,23.5654],[119.56045,23.56111],[119.5603,23.56507],[119.5669,23.5757],[119.56856,23.58491],[119.57296,23.58564],[119.58142,23.58983],[119.58385,23.592],[119.58612,23.58682],[119.5826,23.58238],[119.58487,23.57867],[119.58577,23.57628],[119.5893,23.57192],[119.59398,23.57236],[119.59714,23.56974],[119.59999,23.57657],[119.59808,23.57889],[119.59952,23.58403],[119.60669,23.58767],[119.60699,23.5949],[119.6064,23.59677],[119.60451,23.60197],[119.61237,23.60546],[119.60385,23.61104],[119.59975,23.61704],[119.60306,23.62421],[119.59776,23.62377],[119.59183,23.62416],[119.59124,23.62854],[119.59577,23.63438],[119.58787,23.6441],[119.58441,23.65108],[119.58203,23.65762],[119.58096,23.66155]]]]}},{"properties":{"COUNTYSN":"10005001","COUNTYNAME":"苗栗縣","name":"苗栗縣"},"type":"Feature","geometry":{"type":"MultiPolygon","coordinates":[[[[120.66305,24.48134],[120.66314,24.48135],[120.66325,24.48135],[120.6633,24.48134],[120.66335,24.48134],[120.6634,24.48135],[120.66345,24.48137],[120.6635,24.48139],[120.66354,24.48137],[120.66355,24.48133],[120.66354,24.48131],[120.66351,24.48127],[120.66337,24.48115],[120.66326,24.48104],[120.66313,24.4809],[120.66305,24.4808],[120.66298,24.48074],[120.6629,24.48074],[120.66262,24.48075],[120.66252,24.48077],[120.6625,24.48082],[120.6625,24.48086],[120.66254,24.48094],[120.66259,24.48099],[120.66266,24.48106],[120.66275,24.48113],[120.66289,24.48124],[120.66296,24.4813],[120.66305,24.48134]]],[[[120.66212,24.48061],[120.66216,24.48061],[120.66223,24.4806],[120.66228,24.48055],[120.66232,24.48046],[120.66231,24.48032],[120.66225,24.48016],[120.66216,24.48],[120.66205,24.47987],[120.66193,24.47968],[120.66185,24.47956],[120.66182,24.47949],[120.66182,24.4794],[120.66181,24.47931],[120.6618,24.47921],[120.66179,24.47917],[120.66174,24.47911],[120.66168,24.47906],[120.66159,24.47903],[120.66148,24.47901],[120.66142,24.47903],[120.66137,24.47908],[120.66134,24.47917],[120.66133,24.47929],[120.66134,24.47947],[120.66138,24.47958],[120.66143,24.47971],[120.66156,24.47996],[120.66168,24.48018],[120.66173,24.48029],[120.66179,24.48034],[120.6619,24.48042],[120.66198,24.48049],[120.66206,24.48056],[120.66212,24.48061]]],[[[121.20328,24.5125],[121.21639,24.51534],[121.22186,24.5047],[121.22419,24.4941],[121.23536,24.48318],[121.24723,24.46802],[121.26056,24.45623],[121.26069,24.44381],[121.25917,24.42939],[121.24502,24.42255],[121.24261,24.40805],[121.23417,24.39511],[121.22393,24.38271],[121.21,24.3922],[121.19816,24.39715],[121.18741,24.38145],[121.17284,24.37305],[121.16848,24.36178],[121.15308,24.35886],[121.13743,24.35476],[121.12767,24.34182],[121.11821,24.3303],[121.10108,24.32427],[121.08721,24.31753],[121.07482,24.32258],[121.06909,24.31548],[121.05505,24.31011],[121.04986,24.2968],[121.03184,24.3016],[121.01452,24.31988],[121.00003,24.33251],[120.98482,24.33285],[120.96616,24.33348],[120.95106,24.33901],[120.93567,24.34286],[120.91649,24.33489],[120.92004,24.31466],[120.91629,24.29853],[120.8849,24.29437],[120.84578,24.28882],[120.82752,24.29542],[120.80937,24.31335],[120.78989,24.31782],[120.77847,24.32008],[120.76303,24.32599],[120.74605,24.33816],[120.72309,24.35466],[120.69477,24.36631],[120.68658,24.378],[120.6722,24.39126],[120.66372,24.40222],[120.64815,24.41006],[120.64357,24.41579],[120.63651,24.42972],[120.62678,24.43878],[120.62782,24.44588],[120.62777,24.44347],[120.62667,24.44319],[120.62731,24.44317],[120.62957,24.44255],[120.62829,24.4447],[120.63075,24.44423],[120.62883,24.44492],[120.63097,24.44763],[120.63203,24.44748],[120.63375,24.4468],[120.63136,24.44824],[120.63864,24.4541],[120.64251,24.45794],[120.64962,24.4609],[120.64702,24.46175],[120.64903,24.46252],[120.65318,24.4625],[120.6494,24.46467],[120.65701,24.47413],[120.66103,24.47878],[120.66422,24.48138],[120.6651,24.48204],[120.66513,24.48245],[120.66521,24.48374],[120.6666,24.48408],[120.6674,24.4865],[120.6686,24.48815],[120.66686,24.48635],[120.66627,24.48787],[120.66577,24.48838],[120.66988,24.49518],[120.6681,24.49372],[120.67603,24.49649],[120.67091,24.49865],[120.67738,24.50822],[120.68793,24.52557],[120.69403,24.5424],[120.70421,24.56405],[120.70961,24.57665],[120.71506,24.59299],[120.7203,24.60063],[120.72621,24.60822],[120.73712,24.61193],[120.7441,24.60938],[120.74492,24.60766],[120.7488,24.61108],[120.7566,24.61388],[120.75797,24.61291],[120.75692,24.62241],[120.75642,24.62204],[120.75413,24.62167],[120.75256,24.62042],[120.75224,24.61979],[120.75245,24.61852],[120.75119,24.61897],[120.75099,24.61855],[120.75885,24.62997],[120.76078,24.63569],[120.76531,24.64389],[120.77066,24.65234],[120.77022,24.65315],[120.77573,24.65488],[120.78961,24.66306],[120.80293,24.6656],[120.80631,24.66643],[120.81139,24.66778],[120.81815,24.66895],[120.8223,24.66673],[120.82319,24.6688],[120.82432,24.66874],[120.82698,24.66917],[120.83495,24.68122],[120.85045,24.69365],[120.85615,24.69822],[120.85921,24.70126],[120.86126,24.70696],[120.86216,24.71658],[120.86502,24.72259],[120.88346,24.73449],[120.89247,24.73286],[120.90327,24.73851],[120.91266,24.731],[120.91628,24.72126],[120.91929,24.71692],[120.92586,24.71507],[120.93398,24.7132],[120.94116,24.70785],[120.94699,24.71024],[120.95336,24.7058],[120.96025,24.7083],[120.966,24.70966],[120.97285,24.71224],[120.97602,24.70515],[120.97375,24.69994],[120.96953,24.69359],[120.96673,24.6863],[120.96815,24.68444],[120.97677,24.68059],[120.97987,24.67344],[120.98688,24.66368],[120.99509,24.65928],[121.00193,24.65559],[121.01074,24.65248],[121.01002,24.64398],[121.02272,24.64178],[121.02795,24.63437],[121.04224,24.62714],[121.0494,24.61858],[121.05802,24.61948],[121.06596,24.61813],[121.07599,24.60825],[121.08277,24.59425],[121.07523,24.58069],[121.06493,24.55944],[121.06141,24.55648],[121.07427,24.5476],[121.07787,24.53379],[121.07139,24.52575],[121.06978,24.50635],[121.07925,24.49919],[121.09689,24.49636],[121.10826,24.50072],[121.12345,24.51024],[121.14465,24.51173],[121.16201,24.50351],[121.17737,24.5074],[121.19583,24.50725],[121.20328,24.5125]]]]}},{"properties":{"COUNTYSN":"10020001","COUNTYNAME":"嘉義市","name":"嘉義市"},"type":"Feature","geometry":{"type":"Polygon","coordinates":[[[120.42862,23.50917],[120.43317,23.50889],[120.43377,23.51072],[120.43293,23.51268],[120.43303,23.51412],[120.43374,23.51547],[120.43378,23.51621],[120.43335,23.51681],[120.43486,23.51718],[120.43686,23.51548],[120.4373,23.51437],[120.43749,23.51352],[120.4394,23.51206],[120.44096,23.51198],[120.44204,23.51323],[120.44118,23.51595],[120.4406,23.51823],[120.44321,23.51756],[120.44508,23.51808],[120.44618,23.5181],[120.447,23.51821],[120.44796,23.51809],[120.44857,23.51738],[120.4493,23.51699],[120.45114,23.51673],[120.45311,23.51579],[120.456,23.51585],[120.4571,23.51549],[120.45723,23.51421],[120.45698,23.51317],[120.45615,23.51275],[120.4564,23.51131],[120.45762,23.50887],[120.45906,23.50813],[120.4608,23.50583],[120.46212,23.50308],[120.46216,23.50156],[120.4637,23.49953],[120.46546,23.49874],[120.4664,23.49883],[120.4683,23.49905],[120.47017,23.50029],[120.47068,23.50331],[120.47228,23.50501],[120.47313,23.50635],[120.47446,23.50685],[120.47674,23.5057],[120.47848,23.50481],[120.48076,23.50429],[120.4823,23.50487],[120.48337,23.50499],[120.48344,23.50433],[120.48407,23.50378],[120.48436,23.50267],[120.48469,23.50143],[120.48464,23.49915],[120.48381,23.49791],[120.48362,23.49668],[120.48521,23.49437],[120.48643,23.49321],[120.48725,23.4927],[120.48803,23.49194],[120.48885,23.4918],[120.48948,23.49146],[120.49063,23.49135],[120.49252,23.49133],[120.49382,23.49082],[120.49478,23.49009],[120.49721,23.49059],[120.49893,23.49095],[120.50003,23.49067],[120.50105,23.49001],[120.50095,23.48865],[120.50132,23.4878],[120.50176,23.4868],[120.50223,23.48619],[120.50247,23.48566],[120.50319,23.48544],[120.50371,23.48483],[120.50339,23.48426],[120.50258,23.48305],[120.50239,23.48224],[120.5025,23.48192],[120.50179,23.48093],[120.50395,23.48098],[120.50432,23.48032],[120.50382,23.47958],[120.50374,23.47881],[120.50505,23.47879],[120.50573,23.47828],[120.50675,23.47729],[120.5081,23.47584],[120.50916,23.47496],[120.50921,23.47362],[120.50932,23.47262],[120.50897,23.47178],[120.50787,23.47173],[120.50679,23.47109],[120.50645,23.47008],[120.50497,23.46957],[120.50443,23.46843],[120.50406,23.46765],[120.50343,23.46723],[120.50178,23.46693],[120.50004,23.46554],[120.49993,23.46464],[120.5007,23.46208],[120.50042,23.46048],[120.49892,23.45885],[120.49747,23.4578],[120.49692,23.45593],[120.49642,23.45493],[120.49531,23.45339],[120.49439,23.45276],[120.48962,23.45226],[120.48209,23.45771],[120.48104,23.45949],[120.48001,23.46038],[120.47569,23.46209],[120.472,23.46184],[120.46853,23.46151],[120.4663,23.45982],[120.46488,23.45837],[120.46465,23.45778],[120.46418,23.45549],[120.46276,23.45534],[120.46028,23.45451],[120.4581,23.4534],[120.45732,23.45283],[120.45766,23.45249],[120.45687,23.45213],[120.45479,23.45035],[120.45377,23.44649],[120.45209,23.44425],[120.45016,23.44343],[120.44871,23.44363],[120.44666,23.44318],[120.44351,23.44132],[120.44165,23.44015],[120.43953,23.43958],[120.43909,23.44043],[120.43872,23.44118],[120.43833,23.44152],[120.43706,23.44252],[120.43631,23.44348],[120.43595,23.44386],[120.43664,23.44438],[120.4382,23.44477],[120.43838,23.44545],[120.43796,23.44658],[120.43722,23.44647],[120.43677,23.44686],[120.43604,23.4481],[120.43477,23.44967],[120.4332,23.45034],[120.43066,23.45204],[120.4293,23.46104],[120.42497,23.46088],[120.42426,23.46131],[120.42149,23.46107],[120.41316,23.4621],[120.41304,23.46363],[120.41184,23.46467],[120.40982,23.46457],[120.40781,23.46426],[120.40628,23.46359],[120.40326,23.46338],[120.40038,23.46324],[120.39792,23.46277],[120.39414,23.46253],[120.39434,23.46656],[120.39655,23.4677],[120.39741,23.46902],[120.39807,23.47034],[120.39911,23.47141],[120.39855,23.47414],[120.39858,23.47582],[120.39885,23.47736],[120.39906,23.4789],[120.39677,23.481],[120.39445,23.48188],[120.3936,23.48277],[120.39373,23.48531],[120.39423,23.48663],[120.39422,23.48794],[120.39476,23.49012],[120.39456,23.49083],[120.38918,23.49506],[120.38932,23.49625],[120.39018,23.49763],[120.38972,23.49836],[120.38995,23.49906],[120.39066,23.49968],[120.39226,23.50053],[120.39416,23.5006],[120.39472,23.50087],[120.39686,23.50012],[120.3989,23.499],[120.40037,23.4988],[120.40059,23.50067],[120.40104,23.50188],[120.40328,23.50323],[120.40505,23.50389],[120.40661,23.50431],[120.40882,23.50657],[120.40802,23.50184],[120.40846,23.49845],[120.41189,23.49899],[120.41295,23.50091],[120.41475,23.50334],[120.41667,23.50532],[120.41906,23.50567],[120.42182,23.50605],[120.42303,23.50629],[120.42474,23.50627],[120.42603,23.50853],[120.42774,23.50922],[120.42862,23.50917]]]}},{"properties":{"COUNTYSN":"10004001","COUNTYNAME":"新竹縣","name":"新竹縣"},"type":"Feature","geometry":{"type":"Polygon","coordinates":[[[120.94913,24.88166],[120.95485,24.89477],[120.95991,24.9005],[120.95945,24.90326],[120.96427,24.91067],[120.96882,24.92192],[120.97523,24.93122],[120.98237,24.93967],[120.99013,24.93581],[120.99815,24.94074],[121.0094,24.94435],[121.01876,24.94066],[121.02918,24.94524],[121.03887,24.94485],[121.04721,24.94154],[121.053,24.93772],[121.05827,24.93458],[121.06091,24.92393],[121.0584,24.91432],[121.05946,24.90471],[121.06907,24.90278],[121.07813,24.89865],[121.08715,24.89634],[121.1101,24.89616],[121.11078,24.89041],[121.10844,24.88606],[121.11839,24.88139],[121.12682,24.88059],[121.13443,24.87833],[121.14153,24.88173],[121.14926,24.88121],[121.15636,24.87963],[121.15719,24.87269],[121.16044,24.86456],[121.16064,24.86131],[121.15938,24.85907],[121.15804,24.85648],[121.15572,24.85083],[121.14994,24.84443],[121.15617,24.84144],[121.16248,24.83697],[121.16929,24.83466],[121.17603,24.83159],[121.18679,24.82337],[121.19977,24.81531],[121.2032,24.81547],[121.20282,24.80988],[121.20912,24.80864],[121.21917,24.81188],[121.22038,24.80323],[121.2272,24.80218],[121.24072,24.80575],[121.24757,24.80277],[121.2504,24.79563],[121.25935,24.79361],[121.25956,24.7838],[121.26782,24.77995],[121.27668,24.77128],[121.29209,24.76788],[121.30139,24.7631],[121.30595,24.75203],[121.29967,24.73708],[121.30532,24.72606],[121.30309,24.70736],[121.30073,24.69405],[121.31906,24.69718],[121.33819,24.68035],[121.33955,24.66837],[121.34496,24.66658],[121.35369,24.66676],[121.35378,24.65912],[121.35226,24.65233],[121.35718,24.63817],[121.36641,24.63169],[121.36128,24.61984],[121.36123,24.61005],[121.36611,24.60009],[121.38303,24.58941],[121.39903,24.59019],[121.41124,24.57696],[121.40334,24.56756],[121.39474,24.55584],[121.39684,24.5393],[121.39989,24.52691],[121.38926,24.5192],[121.38295,24.50988],[121.37267,24.50374],[121.36279,24.49227],[121.34813,24.4848],[121.34002,24.47479],[121.33332,24.46613],[121.32244,24.45284],[121.30926,24.43649],[121.29314,24.43226],[121.27783,24.42947],[121.26717,24.42816],[121.25895,24.43187],[121.26017,24.44551],[121.26056,24.45623],[121.24987,24.46563],[121.23906,24.48044],[121.23072,24.48847],[121.21865,24.4983],[121.22331,24.50678],[121.21468,24.51522],[121.20315,24.51246],[121.18685,24.50539],[121.17303,24.50476],[121.15876,24.50497],[121.14465,24.51173],[121.12502,24.50877],[121.11112,24.50363],[121.1018,24.49833],[121.08741,24.49976],[121.07291,24.49881],[121.06859,24.50774],[121.07183,24.52615],[121.07863,24.53256],[121.07676,24.54338],[121.06546,24.55373],[121.05818,24.5606],[121.07065,24.5636],[121.07843,24.58341],[121.08274,24.59508],[121.07529,24.60621],[121.06791,24.61499],[121.06149,24.62175],[121.05174,24.61513],[121.0464,24.62248],[121.03936,24.62919],[121.02747,24.63475],[121.02348,24.64182],[121.01169,24.64263],[121.00835,24.65109],[121.00649,24.65553],[120.99753,24.65471],[120.9915,24.65964],[120.98586,24.66481],[120.97987,24.67344],[120.97673,24.67912],[120.9713,24.68499],[120.96488,24.68475],[120.96625,24.6897],[120.9716,24.69586],[120.97362,24.7011],[120.97621,24.70552],[120.97325,24.71193],[120.96866,24.7112],[120.96232,24.70973],[120.95581,24.70542],[120.95095,24.70768],[120.94579,24.70985],[120.94061,24.70834],[120.93605,24.71474],[120.93846,24.7221],[120.93888,24.72764],[120.94182,24.72918],[120.94173,24.73706],[120.94553,24.74519],[120.9521,24.74376],[120.95767,24.74542],[120.96148,24.75127],[120.96608,24.7558],[120.96946,24.76448],[120.97463,24.76469],[120.97874,24.76329],[120.98652,24.76841],[120.98333,24.77312],[120.99152,24.77882],[121.00854,24.77423],[121.01802,24.76425],[121.0263,24.75765],[121.033,24.7629],[121.02924,24.76865],[121.02908,24.77524],[121.02595,24.77899],[121.02331,24.78492],[121.02207,24.79041],[121.02121,24.79813],[121.01966,24.80435],[121.00243,24.82005],[120.98752,24.82574],[120.97235,24.83086],[120.94766,24.83977],[120.93403,24.85313],[120.9334,24.85772],[120.94482,24.87353],[120.94913,24.88166]]]}},{"properties":{"COUNTYSN":"10001001","COUNTYNAME":"新北市","name":"新北市"},"type":"Feature","geometry":{"type":"MultiPolygon","coordinates":[[[[121.5389,25.30113],[121.53893,25.30112],[121.53897,25.30105],[121.53896,25.30101],[121.53893,25.30097],[121.5389,25.30097],[121.53886,25.30099],[121.53885,25.30103],[121.53885,25.30107],[121.53887,25.30111],[121.5389,25.30113]]],[[[121.53748,25.30077],[121.5375,25.30078],[121.53754,25.30078],[121.53757,25.30077],[121.53759,25.30074],[121.53752,25.30062],[121.53731,25.30042],[121.53727,25.30042],[121.53726,25.30044],[121.53727,25.30046],[121.53748,25.30077]]],[[[121.53842,25.30062],[121.53843,25.30065],[121.53846,25.30066],[121.5385,25.30065],[121.53854,25.30062],[121.53855,25.30058],[121.53854,25.30054],[121.53851,25.30051],[121.53848,25.30051],[121.53844,25.30055],[121.53842,25.30062]]],[[[121.53785,25.30042],[121.53789,25.30041],[121.53791,25.30038],[121.5379,25.30034],[121.53784,25.30028],[121.53779,25.30027],[121.53775,25.30029],[121.5377,25.30034],[121.5377,25.30036],[121.53772,25.30038],[121.53781,25.30041],[121.53785,25.30042]]],[[[121.53642,25.30017],[121.53645,25.30014],[121.53647,25.30011],[121.53647,25.30008],[121.53646,25.30005],[121.53619,25.2998],[121.53616,25.2998],[121.53613,25.29981],[121.53612,25.29984],[121.53613,25.29987],[121.53636,25.30014],[121.53637,25.30017],[121.53639,25.30018],[121.53642,25.30017]]],[[[121.53882,25.29998],[121.53892,25.29994],[121.53883,25.29948],[121.53858,25.29958],[121.53882,25.29998]]],[[[121.53999,25.29854],[121.5403,25.2984],[121.54032,25.29837],[121.54032,25.29833],[121.54025,25.29828],[121.54022,25.29827],[121.54019,25.29827],[121.54015,25.29828],[121.53989,25.29843],[121.53988,25.29846],[121.53989,25.2985],[121.53991,25.29853],[121.53995,25.29854],[121.53999,25.29854]]],[[[121.51129,25.29151],[121.51132,25.29148],[121.51136,25.2914],[121.51136,25.29134],[121.51134,25.29132],[121.5113,25.29133],[121.51127,25.29135],[121.51124,25.29139],[121.51123,25.29144],[121.51123,25.29147],[121.51124,25.2915],[121.51129,25.29151]]],[[[121.51039,25.2912],[121.51042,25.29119],[121.51045,25.29116],[121.51046,25.29111],[121.51044,25.29108],[121.5104,25.29109],[121.51036,25.29113],[121.51035,25.29117],[121.51036,25.2912],[121.51039,25.2912]]],[[[121.51226,25.2911],[121.51231,25.29109],[121.51235,25.29106],[121.51235,25.29103],[121.51235,25.291],[121.51233,25.29097],[121.51229,25.29095],[121.51226,25.29095],[121.51222,25.29096],[121.5122,25.29101],[121.5122,25.29105],[121.51221,25.29108],[121.51226,25.2911]]],[[[121.50965,25.29105],[121.50966,25.29102],[121.50965,25.29099],[121.50963,25.29096],[121.5096,25.29094],[121.50957,25.29095],[121.50956,25.29098],[121.50958,25.29103],[121.50961,25.29105],[121.50965,25.29105]]],[[[121.50885,25.2909],[121.50888,25.29088],[121.50894,25.29075],[121.50893,25.2907],[121.50889,25.29068],[121.50867,25.29072],[121.50864,25.29075],[121.50864,25.29079],[121.50867,25.29083],[121.50873,25.29087],[121.50882,25.2909],[121.50885,25.2909]]],[[[121.5088,25.2902],[121.50885,25.29017],[121.50887,25.29014],[121.50887,25.29012],[121.50886,25.29009],[121.50882,25.29009],[121.50873,25.29012],[121.50871,25.29015],[121.50871,25.29018],[121.50874,25.2902],[121.5088,25.2902]]],[[[121.70207,25.21713],[121.7021,25.21711],[121.7021,25.21709],[121.70209,25.21706],[121.70207,25.21705],[121.70204,25.21705],[121.70202,25.21706],[121.70201,25.21709],[121.70202,25.21711],[121.70204,25.21713],[121.70207,25.21713]]],[[[121.70358,25.21699],[121.70365,25.21701],[121.70368,25.21701],[121.70371,25.21698],[121.70371,25.21694],[121.7037,25.2169],[121.70362,25.2168],[121.7036,25.21676],[121.70361,25.21671],[121.70365,25.21662],[121.70365,25.21657],[121.70363,25.21654],[121.70346,25.2164],[121.70324,25.21624],[121.70311,25.21618],[121.70293,25.21613],[121.70288,25.21614],[121.70284,25.21616],[121.70283,25.21622],[121.70284,25.21625],[121.7029,25.21628],[121.70299,25.2163],[121.703,25.21633],[121.703,25.21637],[121.70291,25.21646],[121.70292,25.2165],[121.70298,25.2166],[121.70295,25.21663],[121.70296,25.21666],[121.70298,25.21669],[121.70314,25.21677],[121.70318,25.21683],[121.70322,25.21687],[121.70358,25.21699]]],[[[121.7021,25.21603],[121.70213,25.21601],[121.70218,25.21598],[121.70223,25.21587],[121.70228,25.21581],[121.70233,25.21579],[121.70243,25.21579],[121.70247,25.21577],[121.70248,25.21573],[121.70249,25.21552],[121.70188,25.21498],[121.70178,25.2149],[121.70172,25.21489],[121.70167,25.21489],[121.70163,25.21492],[121.70159,25.21496],[121.70144,25.2152],[121.70143,25.21525],[121.70145,25.2153],[121.70165,25.21554],[121.70181,25.21588],[121.70184,25.2159],[121.70189,25.2159],[121.70195,25.21587],[121.70199,25.21586],[121.70201,25.21588],[121.70202,25.21591],[121.70203,25.21598],[121.70205,25.21602],[121.7021,25.21603]]],[[[121.70108,25.21542],[121.70111,25.21542],[121.70112,25.21538],[121.70112,25.21535],[121.70093,25.21499],[121.70089,25.21498],[121.70086,25.21499],[121.70084,25.21502],[121.70091,25.21531],[121.70092,25.21534],[121.70104,25.21542],[121.70108,25.21542]]],[[[121.69838,25.21546],[121.69841,25.21545],[121.69841,25.21543],[121.69839,25.21541],[121.6983,25.21538],[121.69813,25.21527],[121.69807,25.21519],[121.69758,25.21473],[121.69739,25.21456],[121.69722,25.21441],[121.6972,25.2144],[121.69718,25.2144],[121.69717,25.21442],[121.69717,25.21443],[121.69718,25.21445],[121.6972,25.21449],[121.69726,25.21453],[121.69733,25.21458],[121.69769,25.21491],[121.69776,25.215],[121.69799,25.21521],[121.69805,25.21525],[121.69818,25.21535],[121.6983,25.21544],[121.69835,25.21546],[121.69838,25.21546]]],[[[121.69616,25.2127],[121.69619,25.2127],[121.69621,25.21269],[121.69629,25.21245],[121.69629,25.21241],[121.69628,25.21236],[121.69626,25.21235],[121.69623,25.21236],[121.6962,25.21237],[121.69602,25.21251],[121.69601,25.21253],[121.696,25.21255],[121.69601,25.21257],[121.69616,25.2127]]],[[[121.69562,25.21227],[121.69563,25.21227],[121.69565,25.21227],[121.69566,25.21226],[121.69566,25.21224],[121.69565,25.21223],[121.69546,25.2121],[121.69544,25.21209],[121.69542,25.21209],[121.6954,25.21208],[121.69538,25.21209],[121.69538,25.21211],[121.69538,25.21212],[121.6954,25.21214],[121.69562,25.21227]]],[[[121.69914,25.20631],[121.69928,25.20634],[121.69931,25.20633],[121.69955,25.20618],[121.69955,25.20613],[121.69952,25.20605],[121.69944,25.20595],[121.69842,25.20533],[121.69838,25.20532],[121.69817,25.20532],[121.69811,25.20532],[121.69809,25.20535],[121.69809,25.20539],[121.69874,25.20598],[121.69914,25.20631]]],[[[121.69709,25.20433],[121.69711,25.20431],[121.69716,25.2042],[121.69716,25.20418],[121.69715,25.20415],[121.69711,25.2041],[121.69707,25.20408],[121.69703,25.20408],[121.697,25.20408],[121.69696,25.20411],[121.69696,25.20428],[121.69696,25.2043],[121.69699,25.20432],[121.69706,25.20433],[121.69709,25.20433]]],[[[121.6958,25.20338],[121.69583,25.20337],[121.69583,25.20334],[121.69583,25.20325],[121.69574,25.20288],[121.69573,25.20286],[121.69569,25.20285],[121.69528,25.20285],[121.69525,25.20285],[121.69522,25.20286],[121.69521,25.20288],[121.6952,25.20292],[121.69522,25.2031],[121.69524,25.20319],[121.69527,25.20326],[121.6953,25.20329],[121.69578,25.20339],[121.6958,25.20338]]],[[[121.67841,25.20285],[121.67852,25.20278],[121.6787,25.20268],[121.67872,25.20263],[121.67871,25.20259],[121.67869,25.20256],[121.6786,25.20254],[121.67854,25.20255],[121.67844,25.2026],[121.6783,25.20271],[121.6783,25.20275],[121.67831,25.20281],[121.67834,25.20286],[121.67841,25.20285]]],[[[121.69494,25.2025],[121.69496,25.20251],[121.69499,25.20252],[121.69502,25.20251],[121.69503,25.2025],[121.69504,25.20248],[121.69503,25.20244],[121.69499,25.20236],[121.6948,25.20216],[121.69476,25.20213],[121.69473,25.20213],[121.6947,25.20214],[121.6947,25.20215],[121.6947,25.20217],[121.69494,25.2025]]],[[[121.69294,25.20003],[121.69298,25.20003],[121.69301,25.19999],[121.6931,25.19991],[121.69315,25.1999],[121.69318,25.19991],[121.69325,25.19994],[121.69334,25.19997],[121.69346,25.19999],[121.69352,25.19999],[121.69357,25.19995],[121.69343,25.19988],[121.6934,25.19987],[121.69332,25.19987],[121.69329,25.19986],[121.69325,25.19984],[121.69324,25.1998],[121.69319,25.19965],[121.69317,25.19961],[121.69312,25.1996],[121.69308,25.19961],[121.69306,25.19963],[121.69306,25.19966],[121.69306,25.1997],[121.69306,25.19972],[121.69303,25.19973],[121.693,25.19972],[121.69287,25.19966],[121.69265,25.19957],[121.69261,25.19954],[121.69258,25.19947],[121.69255,25.19943],[121.69252,25.19941],[121.69249,25.19942],[121.69248,25.19944],[121.69249,25.19949],[121.69251,25.19954],[121.69254,25.19961],[121.69293,25.19984],[121.69296,25.19986],[121.69297,25.19989],[121.69293,25.19998],[121.69293,25.20001],[121.69294,25.20003]]],[[[121.41419,25.18903],[121.41423,25.189],[121.41422,25.18896],[121.41418,25.18893],[121.41401,25.18884],[121.41392,25.18881],[121.41258,25.18863],[121.41245,25.18862],[121.4123,25.18862],[121.41216,25.18864],[121.41207,25.18867],[121.41203,25.18872],[121.41202,25.18875],[121.41204,25.18878],[121.41206,25.18879],[121.41261,25.18885],[121.41314,25.18892],[121.41358,25.18895],[121.4137,25.18897],[121.41398,25.189],[121.41413,25.18903],[121.41419,25.18903]]],[[[121.83952,25.12875],[121.83957,25.12871],[121.83957,25.12867],[121.83955,25.12866],[121.83953,25.12865],[121.83947,25.12865],[121.83943,25.12866],[121.83942,25.12869],[121.83943,25.12871],[121.83947,25.12875],[121.8395,25.12876],[121.83952,25.12875]]],[[[121.9142,25.12634],[121.91402,25.12637],[121.91388,25.12662],[121.91388,25.1268],[121.91372,25.12688],[121.91369,25.12693],[121.91385,25.12709],[121.91403,25.12714],[121.91416,25.12726],[121.91451,25.12744],[121.91482,25.12758],[121.91527,25.12764],[121.91537,25.1276],[121.91548,25.12748],[121.91554,25.12753],[121.91574,25.12756],[121.91577,25.12763],[121.9157,25.12769],[121.91582,25.12784],[121.91665,25.12812],[121.91705,25.12822],[121.91718,25.12818],[121.9175,25.12834],[121.91761,25.12829],[121.91743,25.12805],[121.9174,25.12792],[121.91721,25.12779],[121.917,25.12791],[121.91689,25.12805],[121.91679,25.12801],[121.91666,25.12779],[121.91647,25.12773],[121.91631,25.12779],[121.91631,25.1277],[121.91634,25.12759],[121.91628,25.12756],[121.91607,25.12758],[121.91582,25.12746],[121.91584,25.12736],[121.91582,25.1273],[121.91543,25.12722],[121.91492,25.12688],[121.9147,25.12672],[121.91428,25.12653],[121.91428,25.1264],[121.9142,25.12634]]],[[[121.84487,25.12792],[121.8449,25.12793],[121.84494,25.12793],[121.84496,25.1279],[121.84503,25.12776],[121.84508,25.12771],[121.84514,25.1277],[121.84518,25.12768],[121.84519,25.12766],[121.84521,25.12748],[121.84528,25.1274],[121.84534,25.12736],[121.84538,25.12735],[121.84544,25.12736],[121.8455,25.12739],[121.84552,25.12742],[121.84551,25.12745],[121.84545,25.12757],[121.84541,25.12761],[121.84527,25.12764],[121.84527,25.12771],[121.8453,25.12773],[121.84535,25.12773],[121.84545,25.12771],[121.84553,25.1277],[121.84556,25.12769],[121.84559,25.12741],[121.84564,25.12733],[121.84564,25.12731],[121.84564,25.12729],[121.8456,25.12729],[121.84553,25.1273],[121.8455,25.1273],[121.84548,25.12728],[121.84547,25.12719],[121.84543,25.12716],[121.8454,25.12717],[121.84538,25.12719],[121.84531,25.12733],[121.84525,25.12739],[121.8451,25.12748],[121.84498,25.12752],[121.84494,25.12756],[121.84471,25.12773],[121.84465,25.12777],[121.84457,25.1278],[121.84454,25.12783],[121.84453,25.12786],[121.84456,25.12788],[121.8446,25.12789],[121.84472,25.12786],[121.84478,25.12785],[121.84482,25.12787],[121.84487,25.12792]]],[[[121.86195,25.12633],[121.86199,25.12632],[121.862,25.12628],[121.86202,25.1262],[121.86202,25.12616],[121.86195,25.12605],[121.86193,25.12601],[121.86193,25.12597],[121.86194,25.12593],[121.86193,25.1259],[121.8619,25.12587],[121.86185,25.12587],[121.86183,25.12588],[121.86183,25.12593],[121.86184,25.12598],[121.86179,25.12604],[121.86175,25.12621],[121.86173,25.12627],[121.86174,25.1263],[121.86176,25.12632],[121.8618,25.12633],[121.86195,25.12633]]],[[[121.87431,25.12618],[121.87434,25.12618],[121.87436,25.12616],[121.87433,25.12593],[121.8743,25.12589],[121.87425,25.12586],[121.87421,25.12585],[121.87417,25.12585],[121.87415,25.12589],[121.87411,25.12603],[121.87413,25.12607],[121.87415,25.12609],[121.87421,25.1261],[121.87424,25.12612],[121.87428,25.12617],[121.87431,25.12618]]],[[[121.87498,25.12544],[121.87502,25.12544],[121.87504,25.12541],[121.87504,25.12539],[121.87501,25.12533],[121.87498,25.1253],[121.87493,25.12531],[121.87492,25.12532],[121.87492,25.12536],[121.87494,25.12541],[121.87496,25.12543],[121.87498,25.12544]]],[[[121.87855,25.12501],[121.87858,25.12502],[121.87861,25.12502],[121.87864,25.12501],[121.87868,25.12499],[121.87871,25.12497],[121.87871,25.12494],[121.87871,25.12489],[121.87871,25.12487],[121.87869,25.12485],[121.87867,25.12484],[121.87864,25.12484],[121.87862,25.12485],[121.8786,25.12487],[121.87854,25.12496],[121.87853,25.12499],[121.87855,25.12501]]],[[[121.85987,25.12514],[121.8599,25.12513],[121.85993,25.1251],[121.85994,25.12502],[121.85998,25.12499],[121.86008,25.12489],[121.8601,25.12485],[121.8601,25.12479],[121.86007,25.12469],[121.86004,25.12462],[121.86001,25.12458],[121.85997,25.12457],[121.85992,25.12457],[121.85989,25.12461],[121.85989,25.12466],[121.8599,25.12483],[121.85987,25.12488],[121.85985,25.12492],[121.85984,25.125],[121.85982,25.12505],[121.85982,25.1251],[121.85984,25.12513],[121.85987,25.12514]]],[[[121.87551,25.12471],[121.87554,25.12469],[121.87554,25.12466],[121.87555,25.12462],[121.87552,25.12458],[121.87551,25.12456],[121.87548,25.12456],[121.87546,25.12457],[121.87545,25.1246],[121.87543,25.12468],[121.87544,25.12471],[121.87546,25.12472],[121.87549,25.12472],[121.87551,25.12471]]],[[[121.91921,25.09659],[121.91924,25.09654],[121.91928,25.09618],[121.91927,25.09614],[121.91922,25.09614],[121.91912,25.09619],[121.91907,25.09655],[121.91909,25.09659],[121.91915,25.0966],[121.91921,25.09659]]],[[[121.91891,25.09605],[121.91894,25.09608],[121.91898,25.09607],[121.91924,25.09592],[121.91929,25.09586],[121.91927,25.09583],[121.91906,25.09581],[121.91898,25.09585],[121.91891,25.09591],[121.91891,25.09605]]],[[[121.9186,25.09542],[121.91863,25.09537],[121.91866,25.09523],[121.91868,25.09517],[121.91867,25.09512],[121.91862,25.09511],[121.91856,25.09513],[121.9185,25.09518],[121.91845,25.0952],[121.91842,25.09525],[121.91841,25.0953],[121.91843,25.09541],[121.91849,25.09545],[121.91854,25.09545],[121.9186,25.09542]]],[[[121.91706,25.09207],[121.91704,25.09202],[121.91667,25.09163],[121.91662,25.09161],[121.91652,25.09162],[121.91637,25.09167],[121.91634,25.0917],[121.91632,25.09174],[121.91631,25.09215],[121.91634,25.09218],[121.91641,25.09218],[121.91699,25.09211],[121.91704,25.0921],[121.91706,25.09207]]],[[[121.91609,25.09149],[121.91613,25.09146],[121.91614,25.09142],[121.9161,25.0914],[121.91604,25.09139],[121.916,25.0914],[121.91598,25.09143],[121.91599,25.09146],[121.91603,25.09148],[121.91609,25.09149]]],[[[121.93034,25.06511],[121.93041,25.06512],[121.93046,25.0651],[121.93047,25.06507],[121.93048,25.06462],[121.93046,25.06459],[121.93042,25.06457],[121.9303,25.06458],[121.92971,25.06471],[121.92972,25.06476],[121.92973,25.06479],[121.93034,25.06511]]],[[[121.93147,25.05643],[121.93153,25.05639],[121.93154,25.05636],[121.93153,25.05633],[121.93149,25.05634],[121.93145,25.05635],[121.93141,25.05639],[121.93141,25.05642],[121.93144,25.05644],[121.93147,25.05643]]],[[[121.93215,25.05602],[121.9322,25.05602],[121.93223,25.05599],[121.93225,25.05594],[121.93226,25.0559],[121.93224,25.05588],[121.93221,25.05588],[121.93218,25.05591],[121.93214,25.05596],[121.93213,25.056],[121.93215,25.05602]]],[[[121.98325,25.02479],[121.98329,25.02477],[121.98331,25.02476],[121.98332,25.02472],[121.98337,25.02472],[121.9834,25.02472],[121.98342,25.02469],[121.98343,25.02465],[121.98345,25.02464],[121.98347,25.02465],[121.98348,25.02468],[121.9835,25.0247],[121.98354,25.02471],[121.98357,25.02469],[121.98373,25.02448],[121.98374,25.02443],[121.98374,25.0244],[121.98373,25.02436],[121.98369,25.02434],[121.98363,25.02431],[121.98354,25.0243],[121.98343,25.0243],[121.98339,25.0243],[121.98336,25.02433],[121.98335,25.02441],[121.98334,25.02444],[121.98331,25.02447],[121.98323,25.02451],[121.98317,25.02456],[121.98314,25.02462],[121.98313,25.02468],[121.98314,25.02473],[121.98316,25.02477],[121.98319,25.02478],[121.98325,25.02479]]],[[[121.98437,25.02323],[121.98439,25.02322],[121.98441,25.02319],[121.98443,25.02313],[121.98443,25.0231],[121.9844,25.02303],[121.98438,25.02299],[121.98435,25.02299],[121.98432,25.023],[121.98427,25.02303],[121.9842,25.02305],[121.98417,25.02307],[121.98414,25.02311],[121.98412,25.02315],[121.98412,25.02317],[121.98412,25.02319],[121.98414,25.0232],[121.98416,25.0232],[121.9842,25.02318],[121.98424,25.02317],[121.98431,25.02318],[121.98433,25.02321],[121.98434,25.02323],[121.98437,25.02323]]],[[[121.96344,25.02284],[121.96346,25.02281],[121.96347,25.02278],[121.96345,25.02272],[121.96342,25.02265],[121.96333,25.02259],[121.96329,25.02257],[121.96324,25.02258],[121.96323,25.02262],[121.96323,25.02267],[121.96325,25.0227],[121.96335,25.0228],[121.96339,25.02283],[121.96344,25.02284]]],[[[122.00504,25.01553],[122.00482,25.01543],[122.00427,25.01528],[122.00416,25.01524],[122.00408,25.01523],[122.00403,25.01526],[122.00401,25.01532],[122.00402,25.01538],[122.00406,25.01545],[122.00415,25.01549],[122.00424,25.0155],[122.00467,25.01557],[122.0049,25.01559],[122.00502,25.01559],[122.00505,25.01558],[122.00505,25.01555],[122.00504,25.01553]]],[[[122.00704,25.01131],[122.00707,25.0113],[122.00709,25.01128],[122.00708,25.01126],[122.00675,25.01095],[122.00672,25.01091],[122.0067,25.01087],[122.0067,25.01073],[122.00669,25.01071],[122.00667,25.0107],[122.00664,25.01071],[122.00662,25.01075],[122.00662,25.01081],[122.00662,25.01086],[122.00664,25.01089],[122.00701,25.0113],[122.00704,25.01131]]],[[[122.00622,25.00943],[122.00625,25.00942],[122.00626,25.00939],[122.00626,25.00937],[122.00626,25.00934],[122.00621,25.00928],[122.0062,25.00927],[122.00619,25.00924],[122.00621,25.00922],[122.00621,25.00919],[122.00619,25.00917],[122.00615,25.00916],[122.00611,25.00915],[122.00608,25.00915],[122.00604,25.00915],[122.00601,25.00917],[122.00599,25.00919],[122.00598,25.00923],[122.00598,25.00927],[122.00599,25.00931],[122.00602,25.00934],[122.00607,25.00937],[122.00614,25.00941],[122.00618,25.00943],[122.00622,25.00943]]],[[[121.99267,24.99817],[121.99274,24.9982],[121.99277,24.9982],[121.99281,24.9982],[121.99285,24.99819],[121.99286,24.99815],[121.99285,24.99812],[121.99277,24.99807],[121.99256,24.99797],[121.99253,24.99797],[121.9925,24.99798],[121.99248,24.99799],[121.99248,24.99803],[121.9925,24.99807],[121.99253,24.99809],[121.99267,24.99817]]],[[[121.99145,24.99785],[121.9915,24.99784],[121.99152,24.99781],[121.99153,24.99778],[121.99152,24.99775],[121.99145,24.9977],[121.99141,24.99768],[121.99135,24.99768],[121.99131,24.99769],[121.99126,24.99772],[121.99125,24.99775],[121.99125,24.99778],[121.99128,24.99781],[121.99133,24.99783],[121.99139,24.99785],[121.99145,24.99785]]],[[[121.98605,24.99422],[121.98609,24.99421],[121.98613,24.99418],[121.98614,24.99413],[121.98612,24.99408],[121.98607,24.99408],[121.98604,24.99409],[121.98601,24.99412],[121.98601,24.99416],[121.98602,24.9942],[121.98605,24.99422]]],[[[121.98555,24.99321],[121.98559,24.99322],[121.98562,24.99322],[121.98566,24.9932],[121.9857,24.99316],[121.98571,24.99313],[121.98571,24.9931],[121.9857,24.99307],[121.9854,24.99265],[121.98522,24.99254],[121.98518,24.99253],[121.98513,24.99253],[121.98509,24.99255],[121.98508,24.99258],[121.98508,24.99262],[121.9851,24.99266],[121.98545,24.99314],[121.98555,24.99321]]],[[[121.98428,24.99113],[121.98473,24.99028],[121.98475,24.99021],[121.98475,24.99009],[121.98473,24.99],[121.98469,24.98996],[121.98463,24.98995],[121.98458,24.98998],[121.98452,24.99007],[121.98427,24.99049],[121.9841,24.99096],[121.98411,24.99101],[121.98416,24.9911],[121.98422,24.99114],[121.98428,24.99113]]],[[[121.96716,24.9817],[121.9672,24.98168],[121.96724,24.98164],[121.96725,24.98157],[121.96724,24.98152],[121.96719,24.98149],[121.96714,24.98149],[121.9671,24.9815],[121.96706,24.98154],[121.96705,24.98158],[121.96706,24.98163],[121.96708,24.98167],[121.96712,24.9817],[121.96716,24.9817]]],[[[121.79344,24.89973],[121.78213,24.88324],[121.77518,24.86664],[121.76113,24.85788],[121.73924,24.85446],[121.71514,24.84281],[121.69621,24.82996],[121.68252,24.81693],[121.66246,24.8125],[121.62985,24.80888],[121.60828,24.79195],[121.59628,24.76702],[121.59374,24.74163],[121.58535,24.72011],[121.55673,24.71131],[121.53659,24.68833],[121.50617,24.68077],[121.47546,24.68085],[121.44969,24.70663],[121.43025,24.74375],[121.43974,24.77761],[121.43863,24.79506],[121.42351,24.82545],[121.40259,24.84347],[121.38019,24.83609],[121.35344,24.84406],[121.34031,24.84893],[121.35276,24.85026],[121.34737,24.86203],[121.34563,24.88052],[121.33368,24.89151],[121.32249,24.89853],[121.32103,24.91989],[121.31802,24.93493],[121.32832,24.96833],[121.33501,24.97983],[121.36118,24.9778],[121.38551,24.98612],[121.3982,24.99799],[121.39173,25.01159],[121.4113,25.01929],[121.39816,25.03146],[121.39612,25.03949],[121.40059,25.04318],[121.39566,25.04844],[121.39899,25.05003],[121.39087,25.05446],[121.38631,25.05785],[121.38561,25.06314],[121.34892,25.07241],[121.34185,25.07266],[121.34605,25.07719],[121.34365,25.08419],[121.31066,25.09647],[121.29006,25.10691],[121.29468,25.1221],[121.29931,25.12345],[121.3521,25.13065],[121.37964,25.14315],[121.38766,25.14629],[121.39498,25.15103],[121.39385,25.16558],[121.406,25.17457],[121.40738,25.18603],[121.42326,25.20113],[121.4401,25.22346],[121.44627,25.23988],[121.46678,25.25039],[121.47587,25.25976],[121.48915,25.27352],[121.50366,25.28132],[121.50967,25.28406],[121.50876,25.28968],[121.51148,25.29113],[121.51258,25.28639],[121.52471,25.28638],[121.53469,25.29103],[121.53736,25.30004],[121.55154,25.29174],[121.56582,25.29287],[121.57953,25.29777],[121.59528,25.29024],[121.60815,25.28087],[121.63133,25.26361],[121.63809,25.23674],[121.64957,25.23043],[121.65202,25.22776],[121.6516,25.21968],[121.67335,25.20254],[121.67801,25.20318],[121.68661,25.20786],[121.68865,25.20845],[121.6963,25.21269],[121.69985,25.21632],[121.70077,25.21401],[121.69224,25.20345],[121.6928,25.20026],[121.68582,25.19208],[121.69575,25.17987],[121.70355,25.1766],[121.70117,25.17101],[121.68536,25.16063],[121.66424,25.15223],[121.63863,25.14421],[121.63905,25.1303],[121.64976,25.10982],[121.65778,25.09252],[121.68163,25.08476],[121.69175,25.07041],[121.72199,25.05927],[121.74352,25.05298],[121.76401,25.05745],[121.76868,25.07834],[121.75756,25.10294],[121.75848,25.11172],[121.78072,25.11764],[121.79765,25.11979],[121.80492,25.12867],[121.8099,25.13288],[121.81896,25.13455],[121.82608,25.13582],[121.81997,25.13026],[121.81944,25.12536],[121.82188,25.12116],[121.82807,25.12289],[121.83509,25.12851],[121.83881,25.12861],[121.84256,25.12855],[121.85631,25.1248],[121.86161,25.12539],[121.86857,25.12298],[121.87367,25.12491],[121.88052,25.12385],[121.88711,25.12185],[121.89124,25.12016],[121.89836,25.11947],[121.90621,25.12154],[121.91343,25.12458],[121.91928,25.12775],[121.92153,25.12205],[121.91538,25.11579],[121.92049,25.11337],[121.92277,25.1058],[121.9195,25.10157],[121.91801,25.09736],[121.91629,25.09318],[121.91594,25.08254],[121.91913,25.07486],[121.92465,25.06835],[121.93152,25.06164],[121.92714,25.05732],[121.92844,25.04972],[121.93506,25.02964],[121.95155,25.02173],[121.95982,25.0219],[121.96795,25.02418],[121.98383,25.02392],[121.98704,25.02196],[121.98989,25.01327],[121.99669,25.01866],[121.99987,25.01692],[122.00387,25.015],[122.00609,25.01093],[122.00551,25.00744],[122.00313,25.00237],[121.99532,25.00019],[121.99213,24.99865],[121.98759,24.99592],[121.98531,24.99341],[121.98129,24.99167],[121.97201,24.98458],[121.96683,24.98248],[121.94726,24.9867],[121.92297,24.97865],[121.90284,24.9744],[121.87178,24.96081],[121.84767,24.96028],[121.84404,24.93881],[121.84899,24.9217],[121.82688,24.90472],[121.80614,24.90254],[121.79344,24.89973]],[[121.52738,24.987],[121.5351,24.99511],[121.53658,24.98963],[121.5439,24.98827],[121.5446,24.98407],[121.54956,24.98412],[121.55083,24.98722],[121.55395,24.98464],[121.55369,24.9774],[121.55606,24.9736],[121.55844,24.96868],[121.56164,24.96466],[121.56574,24.96435],[121.57187,24.96409],[121.57457,24.96685],[121.57993,24.96584],[121.58551,24.96336],[121.58915,24.96374],[121.59373,24.96353],[121.59706,24.96051],[121.59993,24.96126],[121.60345,24.9623],[121.60781,24.96304],[121.61287,24.96609],[121.61692,24.96751],[121.61969,24.96822],[121.61844,24.97085],[121.61406,24.97359],[121.6113,24.97461],[121.60654,24.97449],[121.6019,24.976],[121.6004,24.9796],[121.59989,24.98531],[121.60202,24.9886],[121.59906,24.99166],[121.59814,24.99457],[121.60038,24.99826],[121.59851,25.00347],[121.59591,25.00531],[121.59641,25.01095],[121.59725,25.01444],[121.60142,25.01513],[121.60342,25.01749],[121.6087,25.02048],[121.61218,25.01951],[121.61594,25.01969],[121.61985,25.0183],[121.62327,25.01726],[121.62713,25.01959],[121.63029,25.02243],[121.63377,25.02497],[121.63559,25.02326],[121.63779,25.02407],[121.64392,25.02399],[121.64814,25.02269],[121.65329,25.02426],[121.6582,25.02346],[121.66392,25.02318],[121.66501,25.02678],[121.66583,25.02997],[121.66312,25.03019],[121.65728,25.02837],[121.65417,25.02794],[121.65175,25.02815],[121.64921,25.02811],[121.64679,25.02799],[121.64553,25.02945],[121.64309,25.0307],[121.64051,25.03193],[121.63741,25.03398],[121.63401,25.03485],[121.63037,25.03512],[121.62732,25.03744],[121.62463,25.03857],[121.61987,25.04274],[121.61631,25.05063],[121.62102,25.05379],[121.62079,25.05669],[121.62421,25.05543],[121.62053,25.06159],[121.6167,25.0658],[121.61793,25.06617],[121.61888,25.06802],[121.62117,25.0696],[121.62093,25.07223],[121.62174,25.07431],[121.62273,25.07397],[121.6232,25.07431],[121.62317,25.07501],[121.62324,25.07727],[121.62383,25.07859],[121.62462,25.08077],[121.62799,25.08354],[121.62831,25.08698],[121.62631,25.09133],[121.62622,25.0958],[121.6221,25.09734],[121.61823,25.10073],[121.61554,25.10377],[121.60886,25.1062],[121.60327,25.10789],[121.59937,25.10872],[121.59634,25.11233],[121.59693,25.11558],[121.59904,25.12026],[121.60114,25.12345],[121.60358,25.12553],[121.60724,25.12892],[121.60456,25.13112],[121.60535,25.1359],[121.60409,25.13619],[121.60064,25.13927],[121.59697,25.14256],[121.59586,25.14522],[121.59288,25.15082],[121.59046,25.15346],[121.59154,25.15701],[121.58964,25.16368],[121.58671,25.16342],[121.58323,25.16577],[121.57796,25.16616],[121.57779,25.17057],[121.58179,25.1739],[121.58347,25.17683],[121.58197,25.17994],[121.58166,25.18336],[121.58178,25.18605],[121.58293,25.1884],[121.58378,25.1895],[121.58365,25.19154],[121.58315,25.19417],[121.58074,25.19538],[121.5785,25.19454],[121.57567,25.19559],[121.57102,25.1961],[121.56892,25.19843],[121.56492,25.20092],[121.56351,25.20581],[121.55952,25.21018],[121.55469,25.20736],[121.55214,25.2037],[121.55263,25.20062],[121.54981,25.19746],[121.54731,25.19702],[121.54431,25.19487],[121.5424,25.18878],[121.53785,25.18686],[121.53471,25.18455],[121.5276,25.18323],[121.52221,25.17822],[121.52251,25.17508],[121.52114,25.17134],[121.51545,25.17052],[121.5104,25.16945],[121.50561,25.17127],[121.50353,25.17331],[121.50164,25.17123],[121.50011,25.16831],[121.49566,25.1629],[121.49091,25.15776],[121.48762,25.15299],[121.48456,25.15087],[121.4795,25.14599],[121.4756,25.14216],[121.47205,25.1379],[121.46802,25.13419],[121.46519,25.12996],[121.4646,25.12461],[121.46125,25.12299],[121.45946,25.11351],[121.45745,25.10774],[121.47038,25.10158],[121.48523,25.09904],[121.49953,25.08749],[121.50705,25.07029],[121.50481,25.05366],[121.50026,25.04523],[121.48736,25.03572],[121.48819,25.01963],[121.48957,25.01316],[121.4945,25.00922],[121.50513,25.01773],[121.51332,25.0216],[121.52335,25.01492],[121.53104,25.00955],[121.53242,25.00082],[121.52774,24.99114],[121.52738,24.987]]]]}},{"properties":{"COUNTYSN":"10015001","COUNTYNAME":"花蓮縣","name":"花蓮縣"},"type":"Feature","geometry":{"type":"MultiPolygon","coordinates":[[[[121.50648,23.50753],[121.50656,23.50751],[121.50663,23.50747],[121.50668,23.5074],[121.5067,23.50733],[121.50672,23.50729],[121.5067,23.50727],[121.50665,23.50725],[121.50662,23.50724],[121.5066,23.50722],[121.50659,23.50719],[121.50657,23.50717],[121.50653,23.50717],[121.50646,23.50715],[121.5064,23.50715],[121.50633,23.50717],[121.50627,23.50721],[121.50623,23.50727],[121.50622,23.50731],[121.50623,23.50736],[121.50625,23.50739],[121.50631,23.5074],[121.50635,23.5074],[121.50638,23.50747],[121.50642,23.50751],[121.50648,23.50753]]],[[[121.51416,23.4931],[121.5142,23.49305],[121.51421,23.49301],[121.51419,23.49295],[121.51396,23.4926],[121.51391,23.49257],[121.51382,23.49254],[121.51369,23.49251],[121.51361,23.49249],[121.51356,23.49248],[121.51352,23.49246],[121.51329,23.49233],[121.51311,23.4923],[121.51301,23.49229],[121.51297,23.49227],[121.51295,23.49226],[121.51293,23.49223],[121.51293,23.49219],[121.51295,23.49215],[121.51305,23.49207],[121.51312,23.49203],[121.51325,23.49199],[121.51336,23.49197],[121.5134,23.49197],[121.51341,23.49195],[121.51342,23.49192],[121.51341,23.4919],[121.51337,23.49187],[121.51332,23.49186],[121.51297,23.49175],[121.51278,23.49172],[121.51267,23.49168],[121.51252,23.4916],[121.51236,23.49154],[121.5122,23.49149],[121.51205,23.49143],[121.51201,23.49143],[121.51197,23.49143],[121.51192,23.49146],[121.51188,23.49153],[121.51184,23.49161],[121.51182,23.4917],[121.51181,23.49182],[121.51179,23.49196],[121.51179,23.49207],[121.51184,23.49215],[121.51188,23.4922],[121.51208,23.49229],[121.51219,23.4923],[121.51224,23.49229],[121.51228,23.49228],[121.51239,23.49217],[121.51245,23.49215],[121.51249,23.49216],[121.51252,23.49218],[121.51256,23.49225],[121.51261,23.49233],[121.51266,23.49238],[121.51273,23.49241],[121.51295,23.49244],[121.51302,23.49245],[121.51309,23.49248],[121.51325,23.49257],[121.51337,23.49267],[121.5135,23.49274],[121.51384,23.49303],[121.51394,23.49309],[121.51402,23.49312],[121.5141,23.49312],[121.51416,23.4931]]],[[[121.50969,23.49213],[121.50964,23.49205],[121.50954,23.49197],[121.50947,23.49193],[121.50944,23.49191],[121.50934,23.49178],[121.5092,23.49167],[121.50916,23.49164],[121.50912,23.49164],[121.50909,23.49165],[121.50908,23.49167],[121.50902,23.49182],[121.50903,23.49185],[121.50904,23.49188],[121.50907,23.49191],[121.50927,23.49208],[121.50949,23.49216],[121.50952,23.49216],[121.50968,23.49216],[121.50969,23.49215],[121.50969,23.49213]]],[[[121.51434,23.48127],[121.51428,23.48128],[121.51426,23.48144],[121.51469,23.48246],[121.51477,23.48251],[121.51512,23.48285],[121.516,23.48318],[121.51609,23.48326],[121.51627,23.48329],[121.51658,23.48335],[121.51648,23.48285],[121.51636,23.48256],[121.51622,23.48261],[121.51604,23.48223],[121.51584,23.48218],[121.51568,23.48185],[121.51517,23.48172],[121.51509,23.4817],[121.51508,23.48208],[121.515,23.48233],[121.51491,23.48214],[121.51461,23.48194],[121.51434,23.48127]]],[[[121.37722,23.28353],[121.36982,23.26181],[121.36106,23.24491],[121.3531,23.22951],[121.35132,23.21961],[121.34435,23.20589],[121.33891,23.1913],[121.33517,23.17888],[121.32381,23.17725],[121.31861,23.16282],[121.32421,23.14612],[121.3224,23.12205],[121.30329,23.11115],[121.28655,23.10666],[121.27076,23.10116],[121.26423,23.11546],[121.25301,23.12903],[121.2337,23.13562],[121.21083,23.14974],[121.19911,23.1758],[121.18909,23.2039],[121.16336,23.20632],[121.13595,23.21003],[121.11067,23.22394],[121.08594,23.23374],[121.07002,23.2488],[121.06243,23.2659],[121.06002,23.28401],[121.03943,23.30031],[121.04626,23.30868],[121.03604,23.33362],[121.01791,23.34961],[120.99199,23.35718],[120.9968,23.3788],[121.00428,23.39552],[121.02785,23.40347],[121.02725,23.42313],[121.01441,23.43479],[121.03911,23.44741],[121.05807,23.46223],[121.03914,23.47394],[121.05408,23.48984],[121.06862,23.51437],[121.09273,23.51625],[121.11642,23.52125],[121.14581,23.52641],[121.14851,23.55086],[121.16038,23.56605],[121.15565,23.58702],[121.17892,23.58417],[121.19432,23.60057],[121.21585,23.607],[121.22923,23.64668],[121.23262,23.67793],[121.24053,23.70971],[121.22966,23.73029],[121.22943,23.75216],[121.20811,23.76188],[121.2172,23.77927],[121.22551,23.79826],[121.23752,23.82103],[121.2438,23.84714],[121.25606,23.86906],[121.26768,23.88572],[121.26291,23.90447],[121.27566,23.92441],[121.27196,23.94891],[121.26481,23.97532],[121.26961,24.00808],[121.28416,24.03712],[121.28994,24.05948],[121.31011,24.07488],[121.31903,24.09525],[121.3214,24.11636],[121.28135,24.13563],[121.28401,24.15752],[121.30736,24.18047],[121.33162,24.19782],[121.34905,24.21107],[121.35271,24.23863],[121.37567,24.2538],[121.37997,24.28005],[121.40297,24.29917],[121.42602,24.31571],[121.43632,24.34388],[121.44956,24.36453],[121.4785,24.35197],[121.4983,24.33923],[121.51947,24.34176],[121.54468,24.33783],[121.56778,24.31916],[121.58991,24.31401],[121.60671,24.3136],[121.59589,24.32947],[121.60654,24.33188],[121.61687,24.34144],[121.6276,24.33495],[121.63566,24.34525],[121.62116,24.35837],[121.63095,24.37053],[121.64035,24.35895],[121.64793,24.35683],[121.65947,24.35121],[121.67294,24.34377],[121.68859,24.33359],[121.72785,24.32594],[121.76558,24.31335],[121.73669,24.25421],[121.70841,24.23062],[121.66997,24.2018],[121.66538,24.14692],[121.65794,24.12735],[121.61691,24.08153],[121.63854,24.02195],[121.64206,23.99972],[121.62919,23.97189],[121.63773,23.99761],[121.63833,23.99867],[121.63808,24.00531],[121.6293,23.98363],[121.6073,23.96014],[121.60965,23.93033],[121.60532,23.91584],[121.6048,23.89816],[121.6011,23.87568],[121.58934,23.83694],[121.58588,23.82983],[121.58333,23.82098],[121.57082,23.78614],[121.57068,23.75351],[121.56331,23.73753],[121.55621,23.72507],[121.55116,23.72059],[121.5499,23.71772],[121.54915,23.71525],[121.54869,23.71091],[121.54937,23.7027],[121.55297,23.69918],[121.55112,23.69391],[121.54756,23.68374],[121.54578,23.67435],[121.54373,23.66902],[121.54252,23.66317],[121.54142,23.66106],[121.53849,23.65199],[121.53329,23.63883],[121.52989,23.61598],[121.52801,23.59044],[121.52089,23.56772],[121.51326,23.55599],[121.50795,23.53987],[121.50418,23.52725],[121.50306,23.52076],[121.50377,23.51497],[121.50435,23.51083],[121.50426,23.50533],[121.50604,23.49656],[121.50528,23.49444],[121.50618,23.49471],[121.50865,23.49169],[121.51167,23.49225],[121.51294,23.491],[121.51307,23.48743],[121.51237,23.48232],[121.50782,23.473],[121.5059,23.47185],[121.50447,23.46983],[121.49901,23.45625],[121.49792,23.45096],[121.49582,23.43468],[121.48109,23.43071],[121.47045,23.44067],[121.45201,23.44193],[121.44085,23.4339],[121.42461,23.42398],[121.41722,23.41255],[121.4078,23.39514],[121.40367,23.37257],[121.41801,23.36055],[121.41652,23.34965],[121.40219,23.33271],[121.38994,23.31525],[121.37781,23.30071],[121.37722,23.28353]]]]}},{"properties":{"COUNTYSN":"10012001","COUNTYNAME":"高雄市","name":"高雄市"},"type":"Feature","geometry":{"type":"Polygon","coordinates":[[[120.45431,22.77177],[120.4555,22.73533],[120.44259,22.68445],[120.43427,22.62616],[120.44257,22.5617],[120.42285,22.51842],[120.41271,22.47586],[120.39967,22.47808],[120.39815,22.48083],[120.38448,22.49079],[120.38041,22.49401],[120.38232,22.49796],[120.3799,22.49411],[120.3754,22.49631],[120.36869,22.50217],[120.35871,22.50704],[120.33481,22.52186],[120.33193,22.53443],[120.32517,22.52977],[120.33106,22.53481],[120.3224,22.54012],[120.31308,22.54668],[120.30981,22.54562],[120.29858,22.54774],[120.30353,22.54565],[120.30894,22.54561],[120.31278,22.5467],[120.31504,22.5479],[120.30681,22.55709],[120.3038,22.55444],[120.30127,22.55161],[120.30276,22.55365],[120.30537,22.55604],[120.30211,22.56565],[120.29719,22.57174],[120.29116,22.57885],[120.28546,22.5849],[120.26413,22.61131],[120.25527,22.62052],[120.2589,22.63423],[120.25245,22.6441],[120.25085,22.65521],[120.26096,22.67086],[120.27349,22.68958],[120.26571,22.70461],[120.25687,22.71236],[120.25885,22.71354],[120.25579,22.71417],[120.25178,22.7263],[120.24316,22.74389],[120.23264,22.76339],[120.1979,22.80524],[120.20883,22.81712],[120.19975,22.844],[120.19463,22.84712],[120.19503,22.85049],[120.19311,22.85884],[120.19247,22.86435],[120.1899,22.87362],[120.1808,22.89456],[120.19087,22.92044],[120.22837,22.91696],[120.25466,22.89416],[120.27353,22.89531],[120.30049,22.9008],[120.32639,22.89928],[120.35105,22.88885],[120.35554,22.89207],[120.36101,22.89837],[120.36436,22.90182],[120.37249,22.90665],[120.37707,22.91665],[120.38431,22.91922],[120.39306,22.92201],[120.40592,22.91659],[120.41769,22.91973],[120.42369,22.93214],[120.42969,22.94497],[120.4376,22.96358],[120.4471,22.97857],[120.45398,22.98356],[120.45978,22.98995],[120.4596,23.00167],[120.47695,23.00312],[120.48404,23.01703],[120.50552,23.03088],[120.51774,23.04294],[120.52845,23.05433],[120.54226,23.06326],[120.55879,23.07555],[120.57303,23.08971],[120.58124,23.10527],[120.58843,23.12279],[120.5979,23.13843],[120.60543,23.14761],[120.61497,23.15951],[120.6286,23.16908],[120.63726,23.18032],[120.63903,23.19271],[120.65043,23.20838],[120.65434,23.2243],[120.6512,23.23589],[120.64879,23.24346],[120.64629,23.25155],[120.64088,23.27084],[120.64339,23.28438],[120.64672,23.29749],[120.66216,23.29378],[120.67316,23.2909],[120.69877,23.2845],[120.70603,23.3038],[120.7306,23.31164],[120.7514,23.32627],[120.75809,23.3422],[120.77375,23.34238],[120.78904,23.35311],[120.80051,23.3606],[120.80967,23.36945],[120.82544,23.3717],[120.83461,23.38666],[120.8384,23.397],[120.84922,23.41185],[120.85943,23.42476],[120.87042,23.42806],[120.8828,23.43537],[120.89225,23.44649],[120.90282,23.45382],[120.92149,23.45907],[120.93465,23.4596],[120.95327,23.46624],[120.98996,23.46491],[121.01553,23.45061],[121.01292,23.43285],[121.02952,23.42182],[121.02601,23.4029],[121.00374,23.39526],[120.99712,23.37919],[120.99104,23.3572],[121.01725,23.34777],[121.03214,23.33453],[121.04793,23.31339],[121.02549,23.29592],[120.99141,23.28424],[120.96683,23.27707],[120.94771,23.25489],[120.92712,23.2446],[120.91191,23.22872],[120.90731,23.20104],[120.90227,23.17899],[120.8869,23.15772],[120.88627,23.13065],[120.88816,23.10396],[120.87682,23.07498],[120.87975,23.04771],[120.86197,23.02221],[120.85099,23.00495],[120.84107,22.98398],[120.83018,22.97003],[120.82184,22.94537],[120.83197,22.91743],[120.83668,22.8916],[120.86241,22.87527],[120.86952,22.85711],[120.85948,22.8501],[120.84246,22.85537],[120.82335,22.86588],[120.79849,22.85156],[120.78037,22.83558],[120.76365,22.85224],[120.74339,22.87222],[120.70973,22.8811],[120.67782,22.85899],[120.65962,22.87062],[120.64515,22.88511],[120.61044,22.87511],[120.55156,22.82832],[120.5273,22.83215],[120.51056,22.82878],[120.49186,22.83708],[120.4773,22.83804],[120.46083,22.79272],[120.45431,22.77177]]]}},{"properties":{"COUNTYSN":"10007001","COUNTYNAME":"彰化縣","name":"彰化縣"},"type":"Feature","geometry":{"type":"MultiPolygon","coordinates":[[[[120.26482,23.87243],[120.26486,23.87246],[120.26491,23.87247],[120.26491,23.87243],[120.26488,23.87234],[120.2638,23.87108],[120.26365,23.87094],[120.26359,23.87088],[120.26347,23.8708],[120.26301,23.87038],[120.26267,23.86999],[120.26232,23.86965],[120.26216,23.86946],[120.26189,23.8691],[120.26181,23.86903],[120.26174,23.86901],[120.2617,23.86901],[120.26167,23.86904],[120.26165,23.86909],[120.26169,23.86917],[120.26208,23.86967],[120.26223,23.86975],[120.2623,23.86981],[120.26245,23.87],[120.26254,23.87009],[120.26268,23.87016],[120.26277,23.87029],[120.26285,23.87039],[120.26289,23.87042],[120.26314,23.8706],[120.26325,23.87067],[120.26333,23.87075],[120.26404,23.87149],[120.26482,23.87243]]],[[[120.2693,23.87133],[120.26936,23.87133],[120.26941,23.8713],[120.26944,23.87128],[120.26945,23.87119],[120.26947,23.87118],[120.26957,23.87116],[120.26961,23.87115],[120.26964,23.87113],[120.26978,23.87101],[120.26987,23.87095],[120.2699,23.87093],[120.26992,23.87089],[120.26995,23.87083],[120.27003,23.87083],[120.27009,23.87082],[120.27017,23.87078],[120.27023,23.87073],[120.27031,23.87065],[120.27043,23.87058],[120.27048,23.87054],[120.2705,23.87047],[120.27052,23.87037],[120.27001,23.86964],[120.26998,23.86963],[120.26996,23.86964],[120.26993,23.86965],[120.26991,23.86968],[120.2699,23.86978],[120.26988,23.86982],[120.26961,23.87001],[120.26891,23.87045],[120.26869,23.87053],[120.26853,23.87055],[120.26852,23.87056],[120.26852,23.8706],[120.26925,23.8713],[120.2693,23.87133]]],[[[120.27083,23.86914],[120.27091,23.86914],[120.27102,23.86911],[120.27117,23.86904],[120.27161,23.86874],[120.27166,23.86872],[120.27171,23.86871],[120.27177,23.86864],[120.27186,23.86859],[120.27191,23.86853],[120.27192,23.86848],[120.27191,23.86845],[120.27181,23.86833],[120.27176,23.8683],[120.27171,23.86829],[120.27168,23.86832],[120.27167,23.86836],[120.27173,23.86845],[120.27174,23.8685],[120.27173,23.86853],[120.27169,23.86857],[120.27114,23.86898],[120.27108,23.86902],[120.27102,23.86904],[120.27086,23.86906],[120.27081,23.86908],[120.27079,23.86912],[120.27083,23.86914]]],[[[120.26581,23.86784],[120.26584,23.8678],[120.26585,23.86775],[120.26582,23.86763],[120.26569,23.86733],[120.26555,23.86712],[120.26538,23.8669],[120.26526,23.86678],[120.26469,23.86643],[120.26464,23.86641],[120.26459,23.86643],[120.26459,23.86646],[120.2646,23.86652],[120.26476,23.86676],[120.26489,23.86684],[120.26493,23.86687],[120.26497,23.86694],[120.26504,23.86701],[120.26552,23.86754],[120.26575,23.86781],[120.26577,23.86783],[120.26581,23.86785],[120.26581,23.86784]]],[[[120.26638,23.86722],[120.2664,23.8672],[120.26641,23.86715],[120.2664,23.8671],[120.26637,23.86705],[120.26636,23.86702],[120.26631,23.86698],[120.26624,23.86681],[120.26614,23.86665],[120.26613,23.8666],[120.26613,23.86652],[120.26612,23.86648],[120.26568,23.86583],[120.26558,23.86569],[120.26548,23.8656],[120.26546,23.86555],[120.26542,23.8655],[120.26539,23.86549],[120.26539,23.86553],[120.2654,23.86558],[120.26566,23.86604],[120.26583,23.86628],[120.26602,23.86666],[120.2661,23.86684],[120.26629,23.86717],[120.26631,23.8672],[120.26635,23.86722],[120.26638,23.86722],[120.26638,23.86722]]],[[[120.26486,23.86625],[120.26492,23.86625],[120.26496,23.86621],[120.26497,23.86615],[120.26496,23.86608],[120.26493,23.86604],[120.26476,23.86589],[120.26473,23.86586],[120.26472,23.86581],[120.26472,23.86566],[120.2647,23.86562],[120.26467,23.86559],[120.26463,23.86558],[120.26459,23.86559],[120.26456,23.86561],[120.26453,23.8657],[120.26451,23.866],[120.26451,23.86604],[120.26454,23.86607],[120.26475,23.86623],[120.2648,23.86625],[120.26486,23.86625]]],[[[120.6283,23.93148],[120.63186,23.92838],[120.63426,23.92665],[120.637,23.92352],[120.63609,23.9204],[120.63362,23.91979],[120.63368,23.91785],[120.63394,23.91555],[120.63297,23.91374],[120.63275,23.91114],[120.6315,23.91048],[120.63068,23.90826],[120.63255,23.90676],[120.6322,23.90426],[120.63196,23.90291],[120.63362,23.90031],[120.63475,23.89774],[120.63353,23.89551],[120.63227,23.89251],[120.63268,23.88986],[120.62889,23.8892],[120.62803,23.88341],[120.62586,23.87867],[120.62571,23.87339],[120.62392,23.86887],[120.6201,23.86864],[120.62062,23.86475],[120.62305,23.86237],[120.62233,23.86002],[120.6256,23.85864],[120.62666,23.85754],[120.62537,23.85514],[120.62558,23.85197],[120.62302,23.84981],[120.61942,23.84961],[120.62367,23.8472],[120.62137,23.84465],[120.61932,23.84388],[120.61721,23.84137],[120.6168,23.83902],[120.61844,23.84037],[120.62096,23.8394],[120.62378,23.83962],[120.62677,23.84089],[120.62822,23.83786],[120.62732,23.83706],[120.63091,23.83544],[120.63345,23.83441],[120.62527,23.83187],[120.62602,23.83048],[120.63077,23.83187],[120.63705,23.83278],[120.6344,23.83105],[120.6381,23.82915],[120.6388,23.82757],[120.63871,23.82591],[120.63449,23.82575],[120.63854,23.82308],[120.63967,23.82182],[120.64282,23.81896],[120.6502,23.81394],[120.65851,23.81443],[120.66473,23.81614],[120.66972,23.81836],[120.67656,23.81904],[120.67849,23.80945],[120.68363,23.80424],[120.67394,23.79908],[120.65413,23.78962],[120.63515,23.78671],[120.60256,23.79114],[120.57628,23.79566],[120.55022,23.80117],[120.52912,23.79919],[120.49057,23.80507],[120.4568,23.81643],[120.44584,23.82121],[120.42636,23.83034],[120.39814,23.82731],[120.33501,23.8222],[120.27708,23.82833],[120.24345,23.8431],[120.26196,23.86791],[120.26538,23.86493],[120.26547,23.86512],[120.26661,23.86774],[120.26784,23.86719],[120.26878,23.86902],[120.26825,23.86956],[120.27177,23.86778],[120.2722,23.86816],[120.27328,23.86802],[120.28769,23.87711],[120.29553,23.89131],[120.29996,23.90011],[120.30615,23.91111],[120.31162,23.92257],[120.31323,23.92805],[120.30954,23.93729],[120.32114,23.96565],[120.33045,23.98927],[120.34899,23.99044],[120.35062,24.00386],[120.36277,24.02481],[120.36911,24.03323],[120.37958,24.04379],[120.38157,24.04486],[120.39504,24.05104],[120.40654,24.05532],[120.38649,24.0579],[120.37765,24.06703],[120.38811,24.08086],[120.39573,24.08544],[120.41337,24.08605],[120.42627,24.08426],[120.42927,24.0862],[120.43095,24.09211],[120.43177,24.09825],[120.43649,24.12093],[120.40255,24.10323],[120.39392,24.10616],[120.38754,24.09752],[120.38639,24.09623],[120.37997,24.0935],[120.38249,24.09824],[120.38949,24.10744],[120.39026,24.10937],[120.39347,24.11241],[120.39447,24.11465],[120.39595,24.11677],[120.40433,24.1255],[120.41403,24.13188],[120.41774,24.13528],[120.44026,24.15872],[120.4526,24.15936],[120.46138,24.1599],[120.46204,24.16028],[120.46354,24.16173],[120.46561,24.16353],[120.46643,24.16628],[120.46799,24.17568],[120.46995,24.17774],[120.46717,24.17905],[120.46894,24.18167],[120.4682,24.18054],[120.46753,24.17908],[120.47579,24.18331],[120.48189,24.19311],[120.51769,24.16515],[120.5259,24.14787],[120.53042,24.12953],[120.54427,24.11812],[120.56064,24.11163],[120.58707,24.10672],[120.61114,24.10227],[120.61516,24.08666],[120.6214,24.07231],[120.62482,24.05552],[120.62732,24.04078],[120.62513,24.03018],[120.63734,24.02866],[120.64567,24.0287],[120.64973,24.03068],[120.67423,24.01686],[120.67008,24.00993],[120.67153,24.00649],[120.65079,24.00847],[120.64198,24.00841],[120.63793,24.00287],[120.64833,23.98657],[120.6468,23.97189],[120.64418,23.96222],[120.63793,23.95382],[120.63092,23.95635],[120.62867,23.95546],[120.63352,23.95378],[120.6291,23.95225],[120.63229,23.94634],[120.63212,23.94356],[120.63267,23.9412],[120.63755,23.9354],[120.63349,23.93593],[120.6283,23.93148]]]]}},{"properties":{"COUNTYSN":"10010001","COUNTYNAME":"嘉義縣","name":"嘉義縣"},"type":"Feature","geometry":{"type":"MultiPolygon","coordinates":[[[[120.13537,23.4369],[120.13549,23.43682],[120.13564,23.43671],[120.13583,23.43652],[120.13611,23.43627],[120.13631,23.43604],[120.1367,23.43579],[120.13698,23.43562],[120.13715,23.43548],[120.13722,23.43541],[120.13739,23.43511],[120.13751,23.43496],[120.13763,23.43485],[120.13774,23.43479],[120.13776,23.43476],[120.13776,23.43472],[120.13771,23.4347],[120.13764,23.4347],[120.13754,23.43473],[120.13741,23.43478],[120.13709,23.43501],[120.13678,23.43527],[120.13612,23.43583],[120.13585,23.43608],[120.1355,23.43636],[120.13542,23.43647],[120.13529,23.43666],[120.13523,23.43676],[120.13522,23.43683],[120.13525,23.43689],[120.13531,23.43691],[120.13537,23.4369]]],[[[120.13579,23.42546],[120.13587,23.42542],[120.13592,23.42536],[120.13594,23.4253],[120.13594,23.42521],[120.13589,23.4251],[120.13588,23.42497],[120.13587,23.42482],[120.13586,23.42477],[120.13583,23.42471],[120.13575,23.42465],[120.13558,23.42453],[120.13554,23.42447],[120.13549,23.42437],[120.13547,23.42421],[120.13544,23.42393],[120.13547,23.42374],[120.13569,23.42334],[120.13582,23.42311],[120.13593,23.42298],[120.13651,23.42201],[120.1368,23.42161],[120.13691,23.42153],[120.13697,23.42145],[120.13695,23.42137],[120.1369,23.42134],[120.13681,23.42132],[120.13668,23.42133],[120.13643,23.42135],[120.13627,23.42143],[120.13602,23.42162],[120.13568,23.42202],[120.13551,23.42224],[120.1353,23.42272],[120.13517,23.42313],[120.13509,23.42366],[120.13508,23.42394],[120.13511,23.42431],[120.13518,23.42471],[120.13527,23.42499],[120.13542,23.42527],[120.13549,23.42538],[120.13556,23.42544],[120.13562,23.42546],[120.1357,23.42548],[120.13579,23.42546]]],[[[120.14173,23.4118],[120.14192,23.41152],[120.14199,23.41132],[120.14208,23.41088],[120.14234,23.41027],[120.14262,23.40986],[120.14279,23.40953],[120.14283,23.40945],[120.14284,23.40942],[120.14283,23.40939],[120.1428,23.40928],[120.1428,23.40921],[120.14282,23.40905],[120.14288,23.40886],[120.14295,23.4087],[120.1431,23.40847],[120.14322,23.40827],[120.1433,23.40809],[120.14335,23.40795],[120.14337,23.40783],[120.14338,23.40769],[120.14362,23.4066],[120.14378,23.40611],[120.14391,23.40575],[120.144,23.40559],[120.14428,23.40502],[120.14436,23.40481],[120.14475,23.40375],[120.14562,23.40145],[120.14578,23.40097],[120.14607,23.40001],[120.1464,23.39833],[120.14647,23.39804],[120.14658,23.39769],[120.14661,23.39757],[120.14662,23.39732],[120.14667,23.39702],[120.1467,23.39695],[120.14676,23.39688],[120.14688,23.39681],[120.14715,23.3967],[120.14735,23.39654],[120.14749,23.39639],[120.14759,23.39625],[120.14769,23.39606],[120.14784,23.39579],[120.1479,23.39563],[120.14792,23.39551],[120.14794,23.39538],[120.14796,23.3951],[120.14806,23.39464],[120.14814,23.39438],[120.14827,23.39387],[120.14829,23.3937],[120.1483,23.39342],[120.14834,23.39328],[120.14843,23.39307],[120.14858,23.39287],[120.14889,23.39258],[120.14921,23.39231],[120.14946,23.39207],[120.14961,23.39188],[120.14967,23.39176],[120.1497,23.39168],[120.14971,23.39161],[120.1497,23.39154],[120.14964,23.39147],[120.14961,23.39145],[120.14958,23.39145],[120.14954,23.39147],[120.14953,23.39151],[120.14953,23.39159],[120.14953,23.39168],[120.1495,23.39174],[120.14945,23.3918],[120.14933,23.39186],[120.1492,23.39192],[120.14902,23.39202],[120.14889,23.39212],[120.14881,23.39218],[120.14875,23.39218],[120.14871,23.39214],[120.1487,23.39208],[120.1487,23.39195],[120.14876,23.39172],[120.14882,23.3916],[120.1489,23.39147],[120.149,23.3914],[120.14909,23.39137],[120.1492,23.39135],[120.1493,23.39139],[120.14936,23.39141],[120.14939,23.39142],[120.14941,23.39139],[120.14941,23.39134],[120.14938,23.39127],[120.14926,23.39117],[120.14913,23.3911],[120.14901,23.39106],[120.1489,23.39107],[120.14877,23.39109],[120.14867,23.39111],[120.1486,23.39116],[120.14846,23.39132],[120.1483,23.39155],[120.14807,23.39191],[120.14771,23.39237],[120.14746,23.39283],[120.14719,23.39342],[120.14702,23.39382],[120.14681,23.39433],[120.14646,23.39533],[120.14594,23.39654],[120.14575,23.39698],[120.14553,23.39759],[120.14541,23.39792],[120.14496,23.39989],[120.14484,23.4003],[120.1447,23.40074],[120.14389,23.40286],[120.14347,23.40389],[120.14321,23.40451],[120.1425,23.40631],[120.1418,23.40827],[120.14156,23.40917],[120.1411,23.41059],[120.14094,23.41103],[120.14084,23.41143],[120.14082,23.41172],[120.14088,23.41198],[120.14108,23.41238],[120.14117,23.41249],[120.14127,23.41251],[120.14138,23.41249],[120.14145,23.41244],[120.14152,23.41236],[120.14165,23.41204],[120.14173,23.4118]]],[[[120.14893,23.4787],[120.14838,23.47879],[120.14835,23.47879],[120.14833,23.47881],[120.14834,23.47885],[120.14841,23.47903],[120.14843,23.47906],[120.14846,23.47906],[120.14849,23.47906],[120.14872,23.47898],[120.149,23.47887],[120.14903,23.47883],[120.14904,23.4788],[120.14903,23.47875],[120.14901,23.47872],[120.14898,23.47871],[120.14893,23.4787]]],[[[120.14835,23.47836],[120.14836,23.47833],[120.14836,23.4783],[120.14828,23.47813],[120.14797,23.47768],[120.14793,23.47766],[120.14786,23.47767],[120.14783,23.4777],[120.14783,23.47774],[120.14787,23.47793],[120.1479,23.47798],[120.14807,23.47815],[120.14811,23.47817],[120.14817,23.47818],[120.1482,23.4782],[120.14829,23.47834],[120.14832,23.47836],[120.14835,23.47836]]],[[[120.14046,23.4772],[120.1405,23.47717],[120.14052,23.47711],[120.14052,23.47704],[120.14047,23.47698],[120.14038,23.47695],[120.13987,23.47706],[120.13983,23.47709],[120.13984,23.47716],[120.13986,23.47721],[120.13995,23.47725],[120.14046,23.4772]]],[[[120.14138,23.47653],[120.14146,23.4765],[120.14195,23.47613],[120.14196,23.47609],[120.14198,23.47602],[120.14198,23.47596],[120.14194,23.47592],[120.1419,23.47591],[120.14144,23.47613],[120.1412,23.47639],[120.14121,23.47644],[120.14123,23.47648],[120.14128,23.47651],[120.14138,23.47653]]],[[[120.14281,23.47539],[120.14284,23.47538],[120.14286,23.47535],[120.14287,23.47532],[120.14286,23.47523],[120.14285,23.47519],[120.14283,23.47516],[120.1428,23.47516],[120.14277,23.47516],[120.14275,23.47518],[120.14272,23.47521],[120.14271,23.47523],[120.14271,23.47528],[120.14269,23.4753],[120.14263,23.47534],[120.14261,23.47536],[120.14261,23.47538],[120.14262,23.47541],[120.14265,23.47542],[120.14267,23.47542],[120.14271,23.47542],[120.14281,23.47539]]],[[[120.65197,23.29116],[120.64261,23.29207],[120.64256,23.28008],[120.64117,23.27113],[120.64322,23.25539],[120.6485,23.2459],[120.64927,23.24137],[120.65121,23.23563],[120.65181,23.22627],[120.64429,23.22533],[120.63143,23.22938],[120.61831,23.22562],[120.60095,23.22709],[120.59238,23.23935],[120.58257,23.2209],[120.57039,23.21849],[120.5542,23.21884],[120.54331,23.22674],[120.53118,23.23181],[120.52146,23.23655],[120.52692,23.2444],[120.52923,23.25817],[120.52204,23.2704],[120.52261,23.28316],[120.52621,23.29473],[120.52336,23.30872],[120.53118,23.31758],[120.53839,23.33003],[120.52796,23.33855],[120.52098,23.34113],[120.51306,23.34379],[120.50527,23.34595],[120.50739,23.35402],[120.51189,23.36069],[120.50998,23.36486],[120.5047,23.36787],[120.50041,23.36808],[120.48993,23.37122],[120.48326,23.37382],[120.49161,23.38268],[120.49755,23.3909],[120.49036,23.39561],[120.48521,23.39246],[120.47773,23.3903],[120.47217,23.39806],[120.46167,23.40273],[120.45377,23.40702],[120.44149,23.41315],[120.43432,23.41197],[120.42619,23.40686],[120.41818,23.40796],[120.39837,23.40806],[120.35208,23.4012],[120.33173,23.38574],[120.31485,23.3885],[120.30378,23.3759],[120.28528,23.36582],[120.28307,23.34908],[120.26525,23.35179],[120.25443,23.3304],[120.2331,23.31877],[120.21266,23.29187],[120.18811,23.30038],[120.18144,23.29089],[120.16142,23.31035],[120.1486,23.31941],[120.12033,23.34005],[120.12047,23.34352],[120.11879,23.34516],[120.12152,23.35054],[120.13332,23.3674],[120.1473,23.37335],[120.15656,23.37548],[120.15098,23.37612],[120.14845,23.38259],[120.14339,23.37784],[120.15114,23.3877],[120.1574,23.38042],[120.16074,23.38877],[120.15122,23.399],[120.14854,23.41559],[120.15275,23.42475],[120.1482,23.42733],[120.14832,23.43871],[120.1517,23.45195],[120.14764,23.45372],[120.13819,23.44902],[120.14632,23.46388],[120.14432,23.46803],[120.14527,23.47375],[120.14783,23.47385],[120.14902,23.47529],[120.14906,23.47802],[120.15897,23.49172],[120.16875,23.49168],[120.13272,23.48829],[120.13313,23.51906],[120.17988,23.51029],[120.20811,23.51016],[120.24389,23.51078],[120.25491,23.54641],[120.27271,23.53179],[120.29071,23.55049],[120.30573,23.563],[120.31818,23.57262],[120.33565,23.5928],[120.36599,23.6039],[120.38054,23.61094],[120.39241,23.6224],[120.40406,23.63402],[120.41413,23.62315],[120.42109,23.62247],[120.4334,23.62275],[120.44079,23.62593],[120.45385,23.63022],[120.46614,23.63027],[120.48206,23.63231],[120.48999,23.63534],[120.50314,23.63522],[120.50769,23.62315],[120.52252,23.60744],[120.53545,23.59574],[120.55369,23.59353],[120.56372,23.58951],[120.5755,23.58446],[120.58582,23.58263],[120.59477,23.58537],[120.60705,23.58399],[120.62188,23.58742],[120.63723,23.59194],[120.64778,23.58883],[120.64372,23.57845],[120.6512,23.57244],[120.6686,23.5775],[120.68742,23.57494],[120.70957,23.57197],[120.7261,23.5713],[120.73396,23.58359],[120.72846,23.59948],[120.73724,23.60962],[120.76015,23.6124],[120.78738,23.60126],[120.81274,23.60062],[120.82444,23.58696],[120.82053,23.5727],[120.81399,23.55584],[120.80831,23.53932],[120.81956,23.5153],[120.82534,23.49278],[120.83916,23.47113],[120.86905,23.47023],[120.88937,23.4756],[120.91747,23.47568],[120.93733,23.47311],[120.95144,23.46538],[120.93572,23.46279],[120.9274,23.4559],[120.91439,23.45822],[120.90042,23.45403],[120.89283,23.44522],[120.88744,23.43667],[120.87582,23.43281],[120.86755,23.42631],[120.85943,23.42476],[120.84953,23.41781],[120.84322,23.40344],[120.84084,23.39471],[120.83313,23.38714],[120.82576,23.37346],[120.81495,23.37028],[120.80458,23.37082],[120.79766,23.36009],[120.78971,23.35319],[120.77861,23.34265],[120.76509,23.34174],[120.7571,23.33857],[120.75064,23.32568],[120.73351,23.31466],[120.71629,23.30758],[120.70265,23.29573],[120.69186,23.28511],[120.675,23.29071],[120.66564,23.29407],[120.65745,23.29527],[120.65197,23.29116]],[[120.39414,23.46253],[120.39792,23.46277],[120.40038,23.46324],[120.40326,23.46338],[120.40628,23.46359],[120.40781,23.46426],[120.40982,23.46457],[120.41184,23.46467],[120.41304,23.46363],[120.41316,23.4621],[120.42149,23.46107],[120.42426,23.46131],[120.42497,23.46088],[120.4293,23.46104],[120.43066,23.45204],[120.4332,23.45034],[120.43477,23.44967],[120.43604,23.4481],[120.43677,23.44686],[120.43722,23.44647],[120.43796,23.44658],[120.43838,23.44545],[120.4382,23.44477],[120.43664,23.44438],[120.43595,23.44386],[120.43631,23.44348],[120.43706,23.44252],[120.43833,23.44152],[120.43872,23.44118],[120.43909,23.44043],[120.43953,23.43958],[120.44165,23.44015],[120.44351,23.44132],[120.44666,23.44318],[120.44871,23.44363],[120.45016,23.44343],[120.45209,23.44425],[120.45377,23.44649],[120.45479,23.45035],[120.45687,23.45213],[120.45766,23.45249],[120.45732,23.45283],[120.4581,23.4534],[120.46028,23.45451],[120.46276,23.45534],[120.46418,23.45549],[120.46465,23.45778],[120.46488,23.45837],[120.4663,23.45982],[120.46853,23.46151],[120.472,23.46184],[120.47569,23.46209],[120.48001,23.46038],[120.48104,23.45949],[120.48209,23.45771],[120.48962,23.45226],[120.49439,23.45276],[120.49531,23.45339],[120.49642,23.45493],[120.49692,23.45593],[120.49747,23.4578],[120.49892,23.45885],[120.50042,23.46048],[120.5007,23.46208],[120.49993,23.46464],[120.50004,23.46554],[120.50178,23.46693],[120.50343,23.46723],[120.50406,23.46765],[120.50443,23.46843],[120.50497,23.46957],[120.50645,23.47008],[120.50679,23.47109],[120.50787,23.47173],[120.50897,23.47178],[120.50932,23.47262],[120.50921,23.47362],[120.50916,23.47496],[120.5081,23.47584],[120.50675,23.47729],[120.50573,23.47828],[120.50505,23.47879],[120.50374,23.47881],[120.50382,23.47958],[120.50432,23.48032],[120.50395,23.48098],[120.50179,23.48093],[120.5025,23.48192],[120.50239,23.48224],[120.50258,23.48305],[120.50339,23.48426],[120.50371,23.48483],[120.50319,23.48544],[120.50247,23.48566],[120.50223,23.48619],[120.50176,23.4868],[120.50132,23.4878],[120.50095,23.48865],[120.50105,23.49001],[120.50003,23.49067],[120.49893,23.49095],[120.49721,23.49059],[120.49478,23.49009],[120.49382,23.49082],[120.49252,23.49133],[120.49063,23.49135],[120.48948,23.49146],[120.48885,23.4918],[120.48803,23.49194],[120.48725,23.4927],[120.48643,23.49321],[120.48521,23.49437],[120.48362,23.49668],[120.48381,23.49791],[120.48464,23.49915],[120.48469,23.50143],[120.48436,23.50267],[120.48407,23.50378],[120.48344,23.50433],[120.48337,23.50499],[120.4823,23.50487],[120.48076,23.50429],[120.47848,23.50481],[120.47674,23.5057],[120.47446,23.50685],[120.47313,23.50635],[120.47228,23.50501],[120.47068,23.50331],[120.47017,23.50029],[120.4683,23.49905],[120.4664,23.49883],[120.46546,23.49874],[120.4637,23.49953],[120.46216,23.50156],[120.46212,23.50308],[120.4608,23.50583],[120.45906,23.50813],[120.45762,23.50887],[120.4564,23.51131],[120.45615,23.51275],[120.45698,23.51317],[120.45723,23.51421],[120.4571,23.51549],[120.456,23.51585],[120.45311,23.51579],[120.45114,23.51673],[120.4493,23.51699],[120.44857,23.51738],[120.44796,23.51809],[120.447,23.51821],[120.44618,23.5181],[120.44508,23.51808],[120.44321,23.51756],[120.4406,23.51823],[120.44118,23.51595],[120.44204,23.51323],[120.44096,23.51198],[120.4394,23.51206],[120.43749,23.51352],[120.4373,23.51437],[120.43686,23.51548],[120.43486,23.51718],[120.43335,23.51681],[120.43378,23.51621],[120.43374,23.51547],[120.43303,23.51412],[120.43293,23.51268],[120.43377,23.51072],[120.43317,23.50889],[120.42862,23.50917],[120.4266,23.50889],[120.4254,23.50704],[120.42425,23.50618],[120.42271,23.506],[120.42102,23.50605],[120.41734,23.50554],[120.41592,23.50431],[120.41321,23.50206],[120.41237,23.49934],[120.40951,23.49844],[120.4083,23.49876],[120.40802,23.50319],[120.40771,23.50543],[120.40576,23.50377],[120.40398,23.50382],[120.40196,23.50239],[120.40095,23.50109],[120.40032,23.50009],[120.39972,23.49882],[120.39793,23.49958],[120.39574,23.50048],[120.39444,23.50084],[120.39316,23.50065],[120.39142,23.50021],[120.39013,23.49946],[120.38944,23.49873],[120.39017,23.49787],[120.38926,23.49705],[120.38932,23.49541],[120.38976,23.49134],[120.39471,23.49066],[120.39436,23.48903],[120.39439,23.48692],[120.39382,23.4862],[120.39385,23.48312],[120.39404,23.48242],[120.39479,23.48094],[120.3977,23.48025],[120.3991,23.47846],[120.39858,23.47614],[120.39889,23.47556],[120.39864,23.47325],[120.39927,23.47103],[120.39779,23.47007],[120.39684,23.46797],[120.39519,23.46736],[120.39419,23.46621],[120.39414,23.46253]]]]}},{"properties":{"COUNTYSN":"09020001","COUNTYNAME":"金門縣","name":"金門縣"},"type":"Feature","geometry":{"type":"MultiPolygon","coordinates":[[[[118.36483,24.42842],[118.35327,24.42295],[118.34472,24.4147],[118.33912,24.40658],[118.33631,24.40209],[118.33396,24.39438],[118.33054,24.38865],[118.32699,24.3873],[118.32395,24.38628],[118.32306,24.386],[118.31994,24.38605],[118.31877,24.38794],[118.31777,24.38829],[118.31592,24.38925],[118.31334,24.39047],[118.31053,24.39078],[118.30879,24.39138],[118.30774,24.39302],[118.30598,24.3948],[118.30097,24.3966],[118.29632,24.39615],[118.29648,24.39818],[118.29546,24.3991],[118.29409,24.40054],[118.29098,24.40209],[118.28835,24.40583],[118.28465,24.40791],[118.28016,24.41094],[118.27855,24.41425],[118.2797,24.41539],[118.2818,24.41565],[118.28271,24.41519],[118.28526,24.41531],[118.28802,24.41546],[118.29019,24.41508],[118.29536,24.4139],[118.30028,24.41764],[118.30154,24.4232],[118.30447,24.42659],[118.30692,24.42655],[118.31058,24.42908],[118.3086,24.43467],[118.30823,24.4426],[118.30589,24.44891],[118.30146,24.45783],[118.29922,24.46351],[118.29262,24.46685],[118.28725,24.47016],[118.29123,24.4767],[118.29403,24.47968],[118.29853,24.48089],[118.30492,24.48743],[118.31023,24.4887],[118.31126,24.49031],[118.31356,24.48963],[118.31591,24.48802],[118.32034,24.48601],[118.33052,24.47674],[118.33466,24.47366],[118.33937,24.47051],[118.34715,24.46617],[118.35417,24.46514],[118.35962,24.46337],[118.36514,24.46203],[118.37281,24.46128],[118.37735,24.46536],[118.37955,24.46647],[118.38081,24.46984],[118.38101,24.46547],[118.38509,24.46893],[118.38637,24.47396],[118.38403,24.47942],[118.38116,24.48177],[118.3791,24.48362],[118.38468,24.48316],[118.38761,24.48613],[118.39257,24.4891],[118.39461,24.49018],[118.39428,24.49431],[118.39351,24.4971],[118.39183,24.49854],[118.39389,24.49963],[118.39323,24.50828],[118.39413,24.51073],[118.39772,24.51128],[118.40101,24.51201],[118.4035,24.51389],[118.40682,24.51578],[118.41083,24.51658],[118.41162,24.52034],[118.40975,24.52276],[118.40983,24.52567],[118.40711,24.52726],[118.40956,24.52916],[118.4106,24.52784],[118.41269,24.52447],[118.41477,24.52545],[118.41862,24.52794],[118.4214,24.52709],[118.42341,24.52827],[118.42388,24.52645],[118.42721,24.52618],[118.42638,24.5244],[118.42635,24.52167],[118.4272,24.52049],[118.4284,24.5171],[118.43238,24.50901],[118.43578,24.50901],[118.43907,24.50899],[118.44201,24.50836],[118.44462,24.50887],[118.44632,24.50771],[118.44911,24.50759],[118.44839,24.5049],[118.4486,24.49899],[118.45133,24.49578],[118.45259,24.49421],[118.45255,24.49296],[118.45318,24.49273],[118.45367,24.49165],[118.45616,24.48482],[118.4609,24.47919],[118.46294,24.48126],[118.46618,24.48148],[118.46826,24.47976],[118.46782,24.47853],[118.46679,24.47924],[118.46609,24.47841],[118.46481,24.47738],[118.46459,24.47683],[118.46306,24.47616],[118.46187,24.47548],[118.46215,24.47206],[118.46259,24.47141],[118.4623,24.46809],[118.46335,24.46033],[118.4656,24.45539],[118.47055,24.45139],[118.47207,24.45165],[118.47262,24.44896],[118.47094,24.44721],[118.47117,24.44607],[118.47257,24.44488],[118.47191,24.44281],[118.47126,24.44152],[118.47021,24.43999],[118.46715,24.44146],[118.46305,24.43811],[118.46248,24.43417],[118.46307,24.43127],[118.46346,24.4295],[118.46569,24.42882],[118.46186,24.42536],[118.45876,24.42561],[118.455,24.4239],[118.45438,24.41828],[118.45165,24.41474],[118.44665,24.41398],[118.44332,24.41114],[118.43726,24.41049],[118.43614,24.40887],[118.43076,24.40749],[118.42768,24.40713],[118.42635,24.40934],[118.43095,24.40875],[118.43331,24.41046],[118.43009,24.41228],[118.42634,24.41085],[118.42602,24.41069],[118.42617,24.41099],[118.43009,24.41263],[118.43284,24.4175],[118.42885,24.42368],[118.42443,24.42563],[118.41584,24.42731],[118.40945,24.42772],[118.40924,24.42777],[118.41055,24.42909],[118.40793,24.43063],[118.40427,24.43363],[118.39649,24.43529],[118.39006,24.43518],[118.38172,24.43408],[118.36722,24.42947],[118.36483,24.42842]]],[[[118.2634,24.42534],[118.26296,24.42406],[118.26289,24.42353],[118.2628,24.42335],[118.26289,24.42272],[118.2621,24.42222],[118.26111,24.42233],[118.26046,24.42235],[118.26006,24.4222],[118.25997,24.42247],[118.26001,24.42326],[118.26011,24.42355],[118.25993,24.42378],[118.25962,24.42482],[118.2569,24.42532],[118.25642,24.42505],[118.25571,24.42506],[118.25298,24.42473],[118.25085,24.42385],[118.24883,24.42265],[118.24687,24.42098],[118.24685,24.42037],[118.24637,24.42002],[118.24569,24.41822],[118.2462,24.41687],[118.247,24.41639],[118.24768,24.41668],[118.24775,24.41619],[118.24734,24.41559],[118.24671,24.41489],[118.24606,24.41407],[118.24564,24.41383],[118.24532,24.41363],[118.24461,24.41363],[118.24384,24.41302],[118.2425,24.41205],[118.24142,24.41146],[118.24103,24.41188],[118.24108,24.41238],[118.24137,24.41317],[118.24171,24.41333],[118.24141,24.4138],[118.24172,24.41375],[118.24088,24.41439],[118.24024,24.4145],[118.2394,24.41456],[118.23895,24.41478],[118.23768,24.41471],[118.2363,24.4144],[118.23476,24.4139],[118.23321,24.41304],[118.23105,24.41161],[118.22949,24.41005],[118.22854,24.40862],[118.22829,24.40799],[118.22752,24.40713],[118.22727,24.40684],[118.22656,24.40588],[118.22613,24.40539],[118.22604,24.40494],[118.22577,24.40476],[118.22531,24.40477],[118.22494,24.40502],[118.22422,24.40541],[118.22399,24.40568],[118.22365,24.40601],[118.22321,24.40694],[118.22293,24.40753],[118.22275,24.408],[118.22247,24.40832],[118.22239,24.4087],[118.22146,24.40923],[118.2192,24.4094],[118.21743,24.40978],[118.21595,24.40966],[118.21517,24.40942],[118.21479,24.40935],[118.21428,24.40942],[118.21393,24.40961],[118.21367,24.41013],[118.21343,24.41072],[118.21318,24.41085],[118.21287,24.41086],[118.21262,24.4109],[118.21238,24.41105],[118.21201,24.41188],[118.21168,24.41218],[118.21143,24.41244],[118.21136,24.41277],[118.21176,24.41273],[118.21266,24.41261],[118.2132,24.41205],[118.21349,24.41189],[118.21447,24.41202],[118.21597,24.41277],[118.21676,24.41385],[118.2171,24.41456],[118.21744,24.41477],[118.21805,24.41532],[118.21871,24.4152],[118.2195,24.41519],[118.21988,24.41625],[118.21991,24.41766],[118.21968,24.41881],[118.21928,24.42032],[118.21846,24.42222],[118.21783,24.42369],[118.21721,24.42487],[118.21713,24.42508],[118.21709,24.42534],[118.21742,24.42602],[118.21824,24.4264],[118.21923,24.42683],[118.2211,24.42702],[118.22255,24.42722],[118.22434,24.42749],[118.22564,24.42852],[118.22641,24.42922],[118.22693,24.42999],[118.22735,24.43073],[118.22731,24.43178],[118.22766,24.43348],[118.22781,24.43415],[118.2282,24.4354],[118.22835,24.43733],[118.22869,24.43907],[118.22868,24.44075],[118.22851,24.44278],[118.22878,24.44433],[118.22913,24.44499],[118.22926,24.44666],[118.23001,24.44773],[118.23114,24.44836],[118.23222,24.44884],[118.23326,24.4491],[118.23432,24.44933],[118.23596,24.4497],[118.23694,24.44922],[118.23861,24.44981],[118.23964,24.44937],[118.24116,24.44901],[118.24363,24.44919],[118.2441,24.44989],[118.2438,24.45184],[118.24418,24.45217],[118.24506,24.45226],[118.24572,24.45297],[118.24644,24.45326],[118.24796,24.45288],[118.24867,24.45316],[118.24921,24.45264],[118.25044,24.45234],[118.25128,24.45279],[118.25273,24.45136],[118.25345,24.45074],[118.25447,24.44993],[118.25528,24.44946],[118.25683,24.44844],[118.25793,24.44777],[118.25841,24.44718],[118.25966,24.44639],[118.26091,24.4457],[118.26259,24.44434],[118.26423,24.44383],[118.26514,24.44369],[118.26635,24.44357],[118.2671,24.44328],[118.26693,24.44279],[118.2665,24.44169],[118.26636,24.44055],[118.26632,24.43922],[118.26663,24.43833],[118.26652,24.4375],[118.26641,24.43686],[118.26636,24.43616],[118.26432,24.4349],[118.26338,24.43363],[118.26364,24.43274],[118.2636,24.432],[118.26419,24.43153],[118.26417,24.4306],[118.26442,24.4302],[118.26473,24.43013],[118.26488,24.42918],[118.2647,24.42862],[118.26386,24.42826],[118.26313,24.42709],[118.26305,24.4265],[118.2632,24.42633],[118.26262,24.42607],[118.26274,24.42552],[118.26325,24.42556],[118.2634,24.42534]]],[[[118.43552,24.52329],[118.43559,24.52333],[118.43573,24.52344],[118.43586,24.52351],[118.436,24.52359],[118.4361,24.52362],[118.43621,24.52366],[118.43634,24.52371],[118.43642,24.52375],[118.43646,24.52378],[118.43653,24.52385],[118.43659,24.52393],[118.43665,24.524],[118.43671,24.52404],[118.43676,24.52407],[118.43685,24.5241],[118.43696,24.52414],[118.43703,24.52418],[118.43711,24.52423],[118.43718,24.52428],[118.43725,24.52433],[118.43731,24.52434],[118.43742,24.52436],[118.43752,24.52438],[118.43766,24.52439],[118.4377,24.5244],[118.43774,24.52443],[118.43779,24.52449],[118.43783,24.52455],[118.43787,24.5246],[118.4379,24.52463],[118.43794,24.52465],[118.43798,24.52465],[118.43803,24.52465],[118.43811,24.52462],[118.43822,24.52459],[118.43827,24.52459],[118.43832,24.52459],[118.43835,24.5246],[118.43839,24.52464],[118.4385,24.52481],[118.43854,24.52489],[118.43858,24.52493],[118.43864,24.52496],[118.4387,24.52497],[118.43878,24.52496],[118.43887,24.52494],[118.43892,24.52491],[118.43896,24.52487],[118.43898,24.5248],[118.43899,24.52472],[118.43898,24.52461],[118.43893,24.5244],[118.43892,24.52429],[118.43893,24.52424],[118.43894,24.52418],[118.43898,24.52412],[118.43903,24.52406],[118.43904,24.52402],[118.43904,24.524],[118.43904,24.52394],[118.43902,24.5239],[118.43902,24.52387],[118.43905,24.52383],[118.43909,24.52379],[118.43917,24.52374],[118.4392,24.52371],[118.43921,24.52368],[118.43921,24.52365],[118.4392,24.52364],[118.43918,24.52364],[118.43912,24.52365],[118.43906,24.52366],[118.43899,24.52366],[118.43895,24.52365],[118.43894,24.52363],[118.43894,24.52362],[118.43894,24.52356],[118.43895,24.52351],[118.43894,24.52348],[118.43893,24.52347],[118.43887,24.52346],[118.43877,24.52347],[118.43872,24.52346],[118.43866,24.52344],[118.43855,24.52342],[118.43833,24.52338],[118.43821,24.52334],[118.43806,24.52326],[118.43785,24.52313],[118.43758,24.52294],[118.43739,24.52283],[118.43718,24.52273],[118.43707,24.52269],[118.43699,24.52267],[118.43691,24.52266],[118.43684,24.52265],[118.43664,24.52268],[118.43658,24.52268],[118.43655,24.52266],[118.4365,24.52262],[118.43648,24.52259],[118.43648,24.52255],[118.43649,24.52252],[118.43652,24.5225],[118.43665,24.52237],[118.43669,24.52233],[118.43671,24.5223],[118.43671,24.52227],[118.43669,24.52224],[118.43667,24.52222],[118.43661,24.52222],[118.43655,24.52223],[118.43647,24.52226],[118.43641,24.52232],[118.43635,24.52235],[118.43629,24.52236],[118.43625,24.52236],[118.43621,24.52236],[118.43614,24.52232],[118.43609,24.52227],[118.43608,24.52224],[118.43607,24.52218],[118.43605,24.52215],[118.43603,24.52212],[118.43601,24.52211],[118.43598,24.52212],[118.4359,24.52212],[118.43585,24.52212],[118.43583,24.52212],[118.43581,24.5221],[118.43576,24.522],[118.43575,24.52198],[118.43573,24.52198],[118.4357,24.52197],[118.43566,24.52197],[118.43564,24.52198],[118.4356,24.52202],[118.4355,24.52209],[118.43537,24.52218],[118.43526,24.52223],[118.43522,24.52224],[118.43516,24.52225],[118.43509,24.52223],[118.43502,24.5222],[118.43496,24.52218],[118.43493,24.52218],[118.4349,24.52219],[118.43486,24.52222],[118.43483,24.52226],[118.4348,24.52229],[118.43476,24.52231],[118.43473,24.52236],[118.43469,24.52241],[118.43468,24.52244],[118.43468,24.52247],[118.43469,24.52253],[118.43474,24.52261],[118.43479,24.52268],[118.43482,24.52274],[118.43487,24.52279],[118.43492,24.52284],[118.43499,24.52287],[118.43505,24.52289],[118.43511,24.52292],[118.43517,24.52295],[118.43522,24.52299],[118.43527,24.52305],[118.43534,24.52312],[118.43543,24.52321],[118.43552,24.52329]]],[[[118.22896,24.40451],[118.2291,24.40452],[118.22929,24.40452],[118.22949,24.40452],[118.22964,24.40447],[118.22982,24.40442],[118.22988,24.4044],[118.22995,24.4044],[118.23004,24.40441],[118.2301,24.40441],[118.23019,24.40437],[118.23027,24.4043],[118.23037,24.40418],[118.23046,24.40407],[118.23051,24.40394],[118.23057,24.40382],[118.23063,24.40374],[118.23074,24.40359],[118.23082,24.40351],[118.23094,24.40344],[118.23104,24.4034],[118.23115,24.40338],[118.23129,24.40336],[118.23134,24.40334],[118.23138,24.40331],[118.2314,24.40328],[118.2314,24.40322],[118.2314,24.40316],[118.23139,24.40309],[118.23131,24.40298],[118.23123,24.40293],[118.23108,24.40285],[118.23098,24.40281],[118.2308,24.40279],[118.23053,24.40275],[118.23021,24.40273],[118.23008,24.40271],[118.23001,24.40269],[118.22993,24.40268],[118.22971,24.40265],[118.22953,24.40263],[118.22939,24.40261],[118.22933,24.40262],[118.22922,24.40266],[118.22907,24.40272],[118.22901,24.40276],[118.22889,24.40282],[118.22883,24.40286],[118.22874,24.40294],[118.22868,24.40298],[118.22858,24.40305],[118.22849,24.40313],[118.22844,24.40321],[118.2284,24.40332],[118.22838,24.40341],[118.22835,24.40354],[118.22831,24.40366],[118.2283,24.40373],[118.2283,24.40376],[118.22832,24.40384],[118.22832,24.40389],[118.2283,24.40394],[118.22829,24.40398],[118.22832,24.40405],[118.2284,24.4042],[118.22848,24.40431],[118.22859,24.40439],[118.22871,24.40445],[118.22883,24.40449],[118.22896,24.40451]]],[[[118.41142,24.52921],[118.41145,24.52931],[118.41147,24.52935],[118.41147,24.52938],[118.41146,24.52942],[118.41142,24.52949],[118.41135,24.52958],[118.4113,24.52965],[118.41128,24.5297],[118.41127,24.52975],[118.41128,24.5298],[118.4113,24.52996],[118.41134,24.53011],[118.41135,24.53015],[118.41138,24.53017],[118.41141,24.53019],[118.41146,24.5302],[118.41152,24.5302],[118.4116,24.53019],[118.41166,24.53016],[118.41183,24.53006],[118.41195,24.52997],[118.41209,24.52989],[118.41225,24.52981],[118.41235,24.52978],[118.4125,24.52978],[118.41271,24.52979],[118.41278,24.52979],[118.41284,24.52977],[118.4129,24.52974],[118.41294,24.52971],[118.413,24.52964],[118.41305,24.52957],[118.41312,24.5295],[118.41317,24.52941],[118.41327,24.52926],[118.41335,24.5291],[118.41338,24.52905],[118.41342,24.52899],[118.41344,24.52896],[118.41345,24.52892],[118.41345,24.52889],[118.41345,24.52884],[118.41344,24.52883],[118.41342,24.52881],[118.4134,24.52879],[118.41337,24.52878],[118.41327,24.52875],[118.41317,24.52872],[118.41305,24.5287],[118.41301,24.52869],[118.41295,24.52867],[118.4129,24.52864],[118.41287,24.52861],[118.41285,24.52857],[118.41282,24.5285],[118.4128,24.52842],[118.41279,24.52837],[118.41278,24.52833],[118.41276,24.52829],[118.41274,24.52826],[118.4127,24.52823],[118.41267,24.52821],[118.41262,24.52818],[118.41257,24.52817],[118.41245,24.52816],[118.4122,24.52816],[118.41205,24.52816],[118.41194,24.52817],[118.41189,24.52817],[118.41184,24.52818],[118.41181,24.52819],[118.41177,24.52822],[118.41172,24.52828],[118.41169,24.52833],[118.41166,24.5284],[118.41161,24.5285],[118.41159,24.52857],[118.4116,24.52865],[118.41161,24.52875],[118.41161,24.5288],[118.41161,24.52882],[118.41159,24.52885],[118.41152,24.52894],[118.41145,24.52904],[118.41143,24.5291],[118.41142,24.52915],[118.41142,24.52919],[118.41142,24.52921]]],[[[118.45702,24.41512],[118.45711,24.41511],[118.45719,24.41508],[118.45729,24.41503],[118.45736,24.41498],[118.45743,24.41494],[118.45749,24.41488],[118.45754,24.41481],[118.45759,24.41473],[118.4576,24.41466],[118.45761,24.41458],[118.45762,24.41448],[118.45761,24.41441],[118.4576,24.41433],[118.45756,24.41421],[118.45752,24.4141],[118.45746,24.414],[118.45736,24.41387],[118.45718,24.41366],[118.45709,24.41355],[118.45691,24.41335],[118.45674,24.41319],[118.45659,24.41305],[118.45647,24.41296],[118.4564,24.41291],[118.45631,24.41287],[118.45618,24.41281],[118.4561,24.41279],[118.45602,24.41278],[118.45599,24.41279],[118.45596,24.41281],[118.4559,24.41287],[118.45587,24.41292],[118.45583,24.413],[118.4558,24.41313],[118.45579,24.41323],[118.4558,24.41337],[118.45582,24.41355],[118.45585,24.41367],[118.4559,24.41376],[118.45598,24.41386],[118.45613,24.41397],[118.45619,24.41404],[118.45625,24.41412],[118.45629,24.41422],[118.45632,24.41431],[118.45636,24.41444],[118.4564,24.41458],[118.45646,24.41471],[118.45652,24.41483],[118.45657,24.41491],[118.45662,24.41496],[118.45667,24.41501],[118.45675,24.41506],[118.45682,24.41509],[118.4569,24.41511],[118.45696,24.41512],[118.45702,24.41512]]],[[[118.47559,24.44788],[118.47572,24.44796],[118.4758,24.44804],[118.47588,24.44815],[118.47595,24.44827],[118.47603,24.44838],[118.47609,24.44846],[118.47614,24.4485],[118.47619,24.44854],[118.47627,24.44856],[118.47636,24.44857],[118.47642,24.44857],[118.47653,24.44856],[118.47661,24.44853],[118.47668,24.4485],[118.47673,24.44847],[118.47676,24.44844],[118.47679,24.44839],[118.4768,24.44836],[118.4768,24.44829],[118.4768,24.44823],[118.47679,24.44814],[118.47676,24.44806],[118.47673,24.448],[118.47668,24.44792],[118.47661,24.44785],[118.47656,24.44781],[118.4765,24.44778],[118.47641,24.44777],[118.4763,24.44774],[118.47607,24.44771],[118.47591,24.44769],[118.47582,24.44767],[118.47561,24.4476],[118.4754,24.44754],[118.47525,24.4475],[118.47505,24.44742],[118.4749,24.44736],[118.47478,24.44732],[118.47456,24.44726],[118.47427,24.44717],[118.47388,24.44704],[118.47376,24.44701],[118.47366,24.447],[118.47351,24.44699],[118.47335,24.44698],[118.47321,24.44697],[118.47313,24.44697],[118.47307,24.44699],[118.47302,24.44701],[118.47299,24.44704],[118.47294,24.44708],[118.47288,24.44716],[118.47285,24.44722],[118.47283,24.44729],[118.47283,24.44732],[118.47283,24.44736],[118.47284,24.44739],[118.47287,24.44746],[118.47291,24.44751],[118.47296,24.44757],[118.47302,24.44762],[118.47312,24.44765],[118.47326,24.44768],[118.47338,24.4477],[118.47349,24.4477],[118.47362,24.44768],[118.47378,24.44763],[118.47392,24.4476],[118.47408,24.44757],[118.47418,24.44756],[118.47431,24.44755],[118.47451,24.44755],[118.47466,24.44755],[118.47475,24.44757],[118.47494,24.44761],[118.47514,24.44767],[118.47532,24.44774],[118.47548,24.44782],[118.47559,24.44788]]],[[[118.34678,24.40958],[118.34682,24.40953],[118.3468,24.40948],[118.34679,24.40938],[118.3468,24.40931],[118.34684,24.40923],[118.34686,24.40913],[118.34685,24.40905],[118.3468,24.40898],[118.34663,24.40885],[118.34654,24.40877],[118.34648,24.40873],[118.3464,24.40858],[118.34628,24.40845],[118.34608,24.40834],[118.34595,24.4083],[118.34583,24.40826],[118.34573,24.40825],[118.34564,24.40817],[118.34548,24.40806],[118.34539,24.40803],[118.34524,24.40803],[118.34507,24.40805],[118.34501,24.40809],[118.34501,24.40815],[118.34504,24.40826],[118.34519,24.40843],[118.34528,24.40852],[118.34543,24.40858],[118.34568,24.40871],[118.34574,24.40876],[118.34579,24.40883],[118.34583,24.409],[118.34585,24.40909],[118.34591,24.40914],[118.34607,24.4092],[118.34625,24.40928],[118.34654,24.40947],[118.34672,24.40957],[118.34678,24.40958]]],[[[118.45804,24.41665],[118.45806,24.4168],[118.45807,24.41692],[118.45807,24.41702],[118.45806,24.41712],[118.45806,24.41722],[118.45806,24.41731],[118.45807,24.41735],[118.45809,24.41739],[118.45812,24.41741],[118.45817,24.41743],[118.45824,24.41744],[118.45828,24.41744],[118.45836,24.41744],[118.45842,24.41743],[118.45848,24.41741],[118.45854,24.41738],[118.45859,24.41734],[118.45864,24.41729],[118.45868,24.41724],[118.45869,24.41717],[118.45871,24.41705],[118.45871,24.41695],[118.45871,24.41679],[118.45868,24.41662],[118.45861,24.41641],[118.45852,24.41623],[118.45844,24.41609],[118.45828,24.41587],[118.45822,24.4158],[118.45817,24.41576],[118.45811,24.41574],[118.45804,24.41572],[118.45799,24.4157],[118.45792,24.4157],[118.45789,24.41571],[118.45786,24.41573],[118.45782,24.41577],[118.4578,24.41582],[118.45778,24.41587],[118.45778,24.41594],[118.4578,24.41603],[118.45785,24.41617],[118.45793,24.41637],[118.45799,24.41651],[118.45804,24.41665]]],[[[118.33771,24.39547],[118.33776,24.39545],[118.33786,24.39537],[118.33792,24.39526],[118.33796,24.39511],[118.33799,24.39493],[118.33802,24.39479],[118.33802,24.3947],[118.33799,24.39457],[118.33794,24.39448],[118.33788,24.39442],[118.33776,24.39436],[118.33766,24.39433],[118.33758,24.39434],[118.33749,24.39439],[118.3374,24.39452],[118.33737,24.39463],[118.33737,24.39476],[118.33736,24.39483],[118.33732,24.39496],[118.33732,24.39507],[118.33737,24.39528],[118.33747,24.39547],[118.33753,24.39552],[118.33757,24.39553],[118.33762,24.39551],[118.33771,24.39547]]],[[[118.47804,24.44861],[118.47809,24.44866],[118.47812,24.44867],[118.47815,24.44868],[118.47817,24.44868],[118.4782,24.44867],[118.47824,24.44866],[118.47827,24.44863],[118.47831,24.44858],[118.47835,24.44852],[118.47837,24.44846],[118.47839,24.44841],[118.47839,24.44837],[118.4784,24.44828],[118.4784,24.44821],[118.47839,24.44808],[118.47838,24.44797],[118.47837,24.44786],[118.47836,24.44776],[118.47836,24.44771],[118.47836,24.44764],[118.47834,24.44755],[118.47829,24.44736],[118.47828,24.44726],[118.47826,24.44716],[118.47825,24.44701],[118.47825,24.44692],[118.47824,24.44685],[118.47821,24.44677],[118.47817,24.4467],[118.47813,24.44665],[118.47811,24.44663],[118.47806,24.44662],[118.47802,24.44662],[118.47799,24.44663],[118.47796,24.44664],[118.47793,24.44666],[118.47791,24.4467],[118.47789,24.44677],[118.47788,24.44683],[118.47788,24.44688],[118.4779,24.44695],[118.47797,24.44708],[118.47803,24.44724],[118.47809,24.44741],[118.4781,24.44747],[118.47811,24.44751],[118.47809,24.44762],[118.47805,24.44796],[118.47801,24.44822],[118.47799,24.44837],[118.478,24.44848],[118.478,24.44853],[118.47802,24.44858],[118.47804,24.44861]]],[[[118.24166,24.46003],[118.24168,24.46013],[118.24172,24.46023],[118.24177,24.46031],[118.24183,24.46038],[118.24192,24.46044],[118.24199,24.46048],[118.24206,24.4605],[118.24221,24.46053],[118.2423,24.46054],[118.24239,24.46054],[118.24245,24.46052],[118.24249,24.4605],[118.24251,24.46046],[118.24252,24.46041],[118.24251,24.46034],[118.24248,24.46028],[118.24238,24.46009],[118.24232,24.46001],[118.24223,24.45993],[118.24216,24.45988],[118.24208,24.45985],[118.242,24.45983],[118.24189,24.45983],[118.24181,24.45984],[118.24177,24.45985],[118.24174,24.45987],[118.24168,24.45994],[118.24167,24.45997],[118.24166,24.46],[118.24166,24.46003]]],[[[118.33853,24.38998],[118.33856,24.38996],[118.33861,24.38992],[118.33867,24.38981],[118.3387,24.38971],[118.33871,24.38966],[118.33871,24.38961],[118.3387,24.38957],[118.33864,24.38948],[118.33857,24.38939],[118.33848,24.38931],[118.33841,24.38925],[118.33822,24.38912],[118.33815,24.38908],[118.33812,24.38907],[118.33808,24.38908],[118.33806,24.3891],[118.33804,24.38914],[118.33803,24.38922],[118.33802,24.38935],[118.33803,24.38944],[118.33805,24.38951],[118.33811,24.38964],[118.33819,24.38976],[118.33832,24.38991],[118.33841,24.38999],[118.33843,24.39],[118.33847,24.39],[118.3385,24.39],[118.33853,24.38998]]],[[[118.46727,24.46258],[118.4673,24.46262],[118.46732,24.46265],[118.46735,24.46269],[118.46739,24.46272],[118.46741,24.46274],[118.46744,24.46276],[118.46747,24.46276],[118.4675,24.46276],[118.46754,24.46274],[118.46758,24.46271],[118.46762,24.46268],[118.46764,24.46264],[118.46765,24.4626],[118.46764,24.46257],[118.46763,24.46254],[118.46755,24.46245],[118.46747,24.46237],[118.46742,24.4623],[118.46739,24.46224],[118.46735,24.46216],[118.46731,24.46206],[118.46729,24.462],[118.46728,24.46193],[118.46725,24.46186],[118.46721,24.46183],[118.46717,24.4618],[118.46714,24.46178],[118.46712,24.46178],[118.46709,24.46179],[118.46708,24.4618],[118.46707,24.46182],[118.46706,24.46185],[118.46707,24.4619],[118.46707,24.46196],[118.46708,24.46202],[118.46706,24.46207],[118.46705,24.46211],[118.46701,24.46215],[118.46699,24.46218],[118.46698,24.46222],[118.46697,24.46229],[118.46696,24.46233],[118.46696,24.46238],[118.46697,24.46241],[118.46699,24.46244],[118.467,24.46246],[118.46704,24.46247],[118.46708,24.46248],[118.46714,24.4625],[118.46717,24.46251],[118.46721,24.46253],[118.46727,24.46258]]],[[[118.23157,24.45774],[118.23157,24.45776],[118.23158,24.4578],[118.2316,24.45783],[118.23163,24.45786],[118.23172,24.45792],[118.23177,24.45793],[118.23184,24.45795],[118.23192,24.45795],[118.232,24.45794],[118.23207,24.45793],[118.23224,24.45786],[118.23231,24.45782],[118.23233,24.4578],[118.23234,24.45777],[118.23235,24.45773],[118.23234,24.45769],[118.23232,24.45765],[118.2323,24.45761],[118.23224,24.45756],[118.23218,24.45752],[118.23213,24.45749],[118.23207,24.45748],[118.23191,24.45748],[118.23183,24.45748],[118.23175,24.4575],[118.23169,24.45753],[118.23164,24.45757],[118.23161,24.45762],[118.23157,24.45774]]],[[[118.2316,24.46861],[118.23178,24.46862],[118.23181,24.46861],[118.23183,24.4686],[118.23185,24.46858],[118.23186,24.46856],[118.23187,24.46843],[118.23186,24.46839],[118.23185,24.46836],[118.23182,24.46833],[118.23176,24.4683],[118.23171,24.46829],[118.23166,24.46828],[118.23161,24.46828],[118.23155,24.46829],[118.23148,24.46831],[118.23147,24.46833],[118.23146,24.46834],[118.23144,24.46844],[118.23144,24.46848],[118.23144,24.46851],[118.23146,24.46852],[118.23152,24.46859],[118.23155,24.4686],[118.23157,24.46861],[118.2316,24.46861]]],[[[118.33623,24.3866],[118.33626,24.38658],[118.33629,24.38654],[118.33632,24.3865],[118.33633,24.38645],[118.33632,24.38637],[118.3363,24.38631],[118.33625,24.38626],[118.33622,24.38624],[118.33618,24.38624],[118.33612,24.38625],[118.33606,24.38629],[118.33601,24.38634],[118.33599,24.3864],[118.33599,24.38643],[118.33601,24.38651],[118.33604,24.38659],[118.33608,24.38663],[118.33611,24.38664],[118.33614,24.38664],[118.33616,24.38663],[118.33623,24.3866]]]]}},{"properties":{"COUNTYSN":"10018001","COUNTYNAME":"新竹市","name":"新竹市"},"type":"Feature","geometry":{"type":"Polygon","coordinates":[[[120.9109,24.8272],[120.91351,24.83095],[120.91857,24.83888],[120.92093,24.84251],[120.91878,24.8469],[120.91902,24.84697],[120.92238,24.84707],[120.92542,24.85],[120.92055,24.84932],[120.91414,24.85403],[120.91811,24.85215],[120.92131,24.85092],[120.93004,24.8508],[120.93055,24.85002],[120.93076,24.84585],[120.93152,24.84491],[120.93333,24.84395],[120.93374,24.84438],[120.93403,24.84478],[120.93459,24.84508],[120.93473,24.8464],[120.93453,24.84724],[120.93447,24.84753],[120.9348,24.84768],[120.93477,24.84799],[120.93433,24.84821],[120.93347,24.84933],[120.93332,24.8502],[120.93363,24.85044],[120.93467,24.8518],[120.93436,24.85264],[120.94205,24.84804],[120.95052,24.83776],[120.95811,24.83363],[120.96433,24.83248],[120.97235,24.83086],[120.97939,24.83006],[120.9828,24.83091],[120.9872,24.82614],[120.99045,24.82429],[120.99624,24.82314],[121.00194,24.82049],[121.0064,24.81747],[121.01512,24.80859],[121.01837,24.80696],[121.02118,24.80202],[121.02529,24.79924],[121.02144,24.7986],[121.02234,24.7966],[121.02158,24.79516],[121.02189,24.79105],[121.02341,24.7906],[121.02455,24.787],[121.02331,24.78566],[121.02536,24.78406],[121.02701,24.78135],[121.02511,24.78053],[121.02609,24.7789],[121.02797,24.77861],[121.02881,24.77673],[121.02908,24.77524],[121.02938,24.77282],[121.0293,24.77103],[121.02916,24.76893],[121.03005,24.76626],[121.03199,24.76522],[121.03336,24.76329],[121.03188,24.76148],[121.0289,24.75936],[121.02665,24.75792],[121.02422,24.75702],[121.02062,24.75661],[121.01886,24.76086],[121.01731,24.76449],[121.01599,24.76707],[121.01031,24.77316],[121.00781,24.77451],[121.00012,24.77795],[120.99466,24.78035],[120.99057,24.77714],[120.98819,24.77743],[120.98426,24.77468],[120.9835,24.77304],[120.98639,24.7722],[120.98788,24.76899],[120.98652,24.76841],[120.98291,24.7674],[120.98066,24.76558],[120.97903,24.76327],[120.97721,24.76308],[120.97674,24.76425],[120.97469,24.76428],[120.97337,24.76425],[120.9714,24.76487],[120.96982,24.76515],[120.96862,24.76212],[120.96743,24.75849],[120.96747,24.7568],[120.96532,24.75619],[120.96382,24.7555],[120.96283,24.75432],[120.96093,24.75118],[120.9575,24.74963],[120.95752,24.74687],[120.95674,24.74523],[120.9549,24.74428],[120.95312,24.7438],[120.95196,24.74377],[120.94891,24.74443],[120.94765,24.7451],[120.94553,24.74519],[120.94381,24.74368],[120.94319,24.7393],[120.94174,24.73718],[120.94113,24.73449],[120.93986,24.73269],[120.94233,24.7303],[120.94069,24.72839],[120.93841,24.72981],[120.93888,24.72812],[120.93785,24.72724],[120.93868,24.72493],[120.93909,24.72293],[120.93852,24.72093],[120.9387,24.71908],[120.93822,24.71639],[120.93606,24.71385],[120.93365,24.71318],[120.93055,24.7156],[120.92848,24.71542],[120.92655,24.71506],[120.92505,24.71543],[120.92261,24.71481],[120.92152,24.71595],[120.91946,24.71696],[120.91591,24.71666],[120.91364,24.71745],[120.91447,24.71914],[120.91614,24.72175],[120.91374,24.72445],[120.91366,24.72716],[120.91295,24.72923],[120.9099,24.73503],[120.90867,24.74007],[120.9059,24.7407],[120.90327,24.73851],[120.89978,24.73518],[120.898,24.73391],[120.89454,24.73258],[120.89232,24.73313],[120.88946,24.73276],[120.88642,24.73325],[120.88371,24.73445],[120.87852,24.73521],[120.88197,24.73892],[120.88333,24.74062],[120.88415,24.74476],[120.88644,24.74606],[120.88691,24.74604],[120.8892,24.74818],[120.89274,24.75181],[120.89548,24.75495],[120.89584,24.75606],[120.89791,24.75811],[120.8996,24.76047],[120.89741,24.7665],[120.89664,24.76809],[120.89555,24.76631],[120.89507,24.76599],[120.89494,24.76684],[120.89344,24.76856],[120.89282,24.77185],[120.89185,24.77312],[120.89174,24.7766],[120.8929,24.77894],[120.89291,24.78313],[120.89275,24.78631],[120.89289,24.78968],[120.89387,24.79363],[120.8963,24.80015],[120.89795,24.80089],[120.89937,24.80383],[120.90081,24.80699],[120.90182,24.81031],[120.90235,24.81297],[120.90299,24.81586],[120.90423,24.81826],[120.90699,24.82179],[120.90911,24.82436],[120.91069,24.82691],[120.9109,24.8272]]]}}]}